learnum_pods,num_clients,avg_speed,cpu_m,mem_Mi,net_rx_KBps,net_tx_KBps,avg_latency_s,z1_bit,z2_bit,z3_bit,qt_sw_z1,qt_sw_z2,qt_sw_z3,total_stall,start_time,QoE
1,1,10,78,26,42,2180,0.012955949421296298,847033537.061803,121513610290.64146,713282937324.5394,1.0,1.0,1.0,0.0,5.8e-05,96223939265.52527
1,1,20,70,26,32,1661,0.01282406974637681,441867718.425592,55771364817.05232,361733635595.13727,1.0,1.0,1.0,0.0,5.7e-05,47636943924.82186
1,1,30,79,26,42,2227,0.013190649931693988,408049085.933004,36519748658.008194,228897883964.0648,1.0,1.0,1.0,0.0,5.9e-05,30479372487.160973
1,1,40,40,26,33,1737,0.013022908854166666,213588961.445376,28630288605.919243,179362011339.02563,1.0,1.0,1.0,0.0,5.8e-05,23811771127.097927
1,1,50,38,26,21,831,0.0123948375,73580376.902176,17395359222.985725,91016634111.86154,1.0,1.0,1.0,0.0,6.3e-05,12632241518.614552
1,1,60,0,26,0,0,0.011985026348039217,81370753.972093,13226359737.815142,85578995035.58163,1.0,1.0,1.0,0.0,5.8e-05,11260130977.90141
1,1,70,40,26,0,0,0.01270779813218391,109684584.555894,16842996819.029753,99562775782.38016,1.0,1.0,1.0,0.0,5.6e-05,13401656150.232851
1,1,80,0,0,0,0,0.012888233173076925,269456059.577176,16155992135.045147,81159861619.87466,1.0,1.0,1.0,0.0,5.6e-05,11535803829.70028
1,1,90,0,0,0,0,0.012187606770833333,49360719.608283,9882951743.881357,61390505527.902084,1.0,1.0,1.0,0.0,5.9e-05,8150193404.292025
1,1,100,0,0,0,0,0.012963486458333333,67777002.679643,11475826988.662823,64137493896.37181,1.0,1.0,1.0,0.0,5.8e-05,8756358688.245247
1,1,110,0,0,0,0,0.013302501096491228,53005394.171339,10521445557.260784,60546983782.69158,1.0,1.0,1.0,0.0,5.6e-05,8196091264.641012
1,1,120,0,0,0,0,0.012453547453703705,44087022.75879,7520524229.079287,46286939450.32011,1.0,1.0,1.0,0.0,5.8e-05,6163659705.778772
1,2,10,100,26,59,2517,0.024714089026097667,195986852.9055865,63327693862.38374,390788901218.5335,1.0,1.0,1.0,23.236617,5.7e-05,51881619590.44631
1,2,20,74,26,56,1559,0.02335495854458042,79360422.63027,24971152739.360992,154636893430.17004,1.0,1.0,1.0,8.574761500000001,5.6e-05,20513472148.85868
1,2,30,34,26,62,2219,0.0241602775974026,27945845.814765,19829237162.717545,117915956743.52196,1.0,1.0,1.0,6.8991109999999995,5.8e-05,15777005168.299616
1,2,40,50,26,19,995,0.024386991536458333,38881612.981607504,14180028942.44231,87347675539.40372,1.0,1.0,1.0,5.5104905,5.6500000000000005e-05,11597990446.820606
1,2,50,34,26,0,0,0.02403651887464387,62564893.619093,13344973848.302494,73321132811.32437,1.0,1.0,1.0,4.035467000000001,5.7e-05,10044903457.973549
1,2,60,49,26,32,1558,0.023577127264492754,29285194.7244795,11794552887.107702,62726379077.166824,1.0,1.0,1.0,2.859956,5.9e-05,8652048108.147293
1,2,70,0,26,0,0,0.025029424890350878,12504642.87473,7340502256.539196,43599981981.14874,1.0,1.0,1.0,3.6727429999999996,6e-05,5836851882.641972
1,2,80,0,26,0,0,0.025977634765625,18455103.036781497,7219765789.290779,40628138861.75593,1.0,1.0,1.0,3.689572,5.8e-05,5519685599.294086
1,2,90,0,26,0,0,0.02483824513888889,45502742.859526,8821362821.770006,48787541173.43455,1.0,1.0,1.0,2.860075,6.25e-05,6674878588.400534
1,2,100,0,26,0,0,0.022344490327380954,10690483.6464375,6605473768.869936,42397582190.62863,1.0,1.0,1.0,1.3317405,5.6500000000000005e-05,5568336304.66263
1,2,110,0,26,0,0,0.025546347222222224,23216054.9076785,5829180403.223747,31902828978.56685,1.0,1.0,1.0,2.772573,5.8e-05,4372370204.014496
1,2,120,0,26,0,0,0.024889723405934344,29645308.0819505,7741559977.815382,41112281101.86286,1.0,1.0,1.0,2.270588,5.7e-05,5680291810.642956
1,3,10,92,26,56,2128,0.03602780862634699,75968467.54604967,33562000736.729736,205932811482.92065,1.0,1.0,1.0,61.31305666666666,5.566666666666667e-05,27358858958.27386
1,3,20,100,26,50,1796,0.035790659980025896,44556753.180545,14628303370.660307,97618637478.97713,1.0,1.0,1.0,30.757392333333332,5.6000000000000006e-05,12718714015.99913
1,3,30,80,26,44,2656,0.038440926109641387,28154433.885546666,12342275599.617416,68377290308.91427,1.0,1.0,1.0,22.667830666666664,5.8666666666666665e-05,9325892156.062868
1,3,40,80,26,0,0,0.037202012810559,15011947.598344998,7832617663.634301,48587633112.69018,1.0,1.0,1.0,16.683809,6.1e-05,6435795134.574079
1,3,50,50,26,0,0,0.03604425051121813,6947943.126945333,5206278050.427598,38626092684.28525,1.0,1.0,1.0,12.700890000000001,5.666666666666667e-05,4908728383.088835
1,3,60,50,26,0,0,0.037331355952380955,11873163.703757001,5596385272.345552,31813411054.63687,1.0,1.0,1.0,11.233662333333333,5.8666666666666665e-05,4308929325.2204275
1,3,70,0,26,0,0,0.03639729708485959,7835259.608052333,4442393001.844003,31611201582.877117,1.0,1.0,1.0,9.606902,5.833333333333333e-05,4055083398.0722194
1,3,80,0,26,0,0,0.039938743171296295,33437146.558158334,4849365822.066154,25330061357.180706,1.0,1.0,1.0,9.254016,5.8666666666666665e-05,3526285261.9294906
1,3,90,0,0,0,0,0.035470688131313134,20224743.794341337,3271401446.9834867,23323310268.714237,1.0,1.0,1.0,6.97191,5.633333333333334e-05,3000768605.9447045
1,3,100,0,26,0,0,0.04087878317901234,17015522.90794767,4972044084.142486,30338806010.170765,1.0,1.0,1.0,6.336516666666667,5.633333333333334e-05,4040200255.6338735
1,3,110,0,26,0,0,0.035909087962962966,24013372.215767335,3191860810.137775,19544137649.35751,1.0,1.0,1.0,5.790641333333333,5.7333333333333336e-05,2609595261.6143384
1,3,120,0,0,0,0,0.03661284866898148,14920871.574117666,4793243881.667903,27963855941.09439,1.0,1.0,1.0,5.543144666666667,5.6e-05,3765478955.7091393
1,4,10,96,26,57,2578,0.049941842355637873,47693396.18109125,20439958027.288757,143750594993.62637,1.0,1.0,1.0,84.99824825000002,5.875e-05,18496436115.654434
1,4,20,99,26,58,2038,0.0480055661693672,30708082.877422,7919230779.699923,58263034012.97196,1.0,1.0,1.0,41.404551250000004,5.7e-05,7431645036.211561
1,4,30,99,26,52,2189,0.04976676291937229,23155039.261263248,6889135726.652334,40187367035.88861,1.0,1.0,1.0,28.975687000000004,5.75e-05,5412772250.806512
1,4,40,49,26,22,1292,0.0509081802662037,15109391.374382,5193213733.0208645,30504576759.11065,1.0,1.0,1.0,22.526970499999997,6.225e-05,4099676898.611065
1,4,50,0,26,62,3502,0.049329163099053726,14220941.442044752,4002241365.8082733,26606660108.970818,1.0,1.0,1.0,17.73034575,5.7e-05,3471068865.8274364
1,4,60,0,26,27,913,0.0517668,10065321.75346125,3120843027.341014,21764801951.749588,1.0,1.0,1.0,15.42334075,5.75e-05,2807694458.549972
1,4,70,0,26,29,1258,0.05375625942234849,12923073.09734875,3986845090.47015,19988204399.630802,1.0,1.0,1.0,14.97237825,5.6250000000000005e-05,2805235543.8437862
1,4,80,0,26,0,0,0.05120809236111111,7713426.536743751,3331578577.940216,23747338535.167053,1.0,1.0,1.0,10.997516000000001,5.6250000000000005e-05,3046448919.3909087
1,4,90,0,0,0,0,0.04697018048321759,3684441.92208725,1783592851.9146452,13360249799.666698,1.0,1.0,1.0,9.596599000000001,5.75e-05,1695322617.4294372
1,4,100,0,26,0,0,0.046775626023065474,17496696.8374225,2328559180.5214715,15030484194.934458,1.0,1.0,1.0,8.406547,5.6500000000000005e-05,1981007906.2355409
1,4,110,0,26,0,0,0.045504890625,2919439.68996075,1694643638.6669698,12310183319.362617,1.0,1.0,1.0,7.771642,5.775e-05,1571990633.0343194
1,4,120,0,0,0,0,0.04791586222718254,9378382.13879625,1449898409.3171194,9516545799.077179,1.0,1.0,1.0,7.68038225,5.875e-05,1248199095.2424028
1,5,10,94,26,57,1728,0.06023831434171908,30676159.5539322,10619989556.354918,69603520939.6049,1.0,1.0,1.0,95.3166252,5.88e-05,9105822906.057486
1,5,20,100,26,50,2544,0.0660751061370773,19512494.306121796,5520495762.0115185,36284100491.504196,1.0,1.0,1.0,50.793482,5.66e-05,4746167728.154793
1,5,30,99,26,47,1813,0.062134116053921565,13546648.6556846,3987905335.888791,27549846244.444527,1.0,1.0,1.0,33.005720600000004,5.8200000000000005e-05,3562048202.7563415
1,5,40,99,26,60,3104,0.06471304872211123,5834250.260673599,3198020266.1141253,19806704977.12921,1.0,1.0,1.0,26.044975,5.7400000000000006e-05,2624358413.1245785
1,5,50,0,26,0,0,0.06786867892045455,15741245.480884397,3043691390.8644395,15523924972.792675,1.0,1.0,1.0,22.0410784,5.58e-05,2172149551.5118976
1,5,60,0,26,0,0,0.06713263265046296,8572710.785776401,2144276522.0715642,17839339267.92841,1.0,1.0,1.0,17.789701400000002,5.5599999999999996e-05,2218790051.2612424
1,5,70,0,26,0,0,0.06279302887731482,10198769.3166658,2396258587.264137,15426799039.475525,1.0,1.0,1.0,15.041258199999998,5.94e-05,2029070694.2443802
1,5,80,0,0,0,0,0.06403272046130952,2553161.825813,1150478538.341291,9169341565.487274,1.0,1.0,1.0,13.784102200000001,5.6999999999999996e-05,1148817017.22317
1,5,90,0,26,0,0,0.06242633154761904,2124967.1396426,1596495331.2620285,9094566696.334785,1.0,1.0,1.0,11.3382574,5.66e-05,1230243163.1288838
1,5,100,0,26,0,0,0.061441013392857145,3188549.0069426,1013698300.0274899,7584914055.399675,1.0,1.0,1.0,10.518534599999999,5.62e-05,963463003.6203848
1,5,110,0,26,0,0,0.060783351111111106,2880289.7267168,1422577836.720179,10183029670.955341,1.0,1.0,1.0,9.875358199999999,5.9000000000000004e-05,1304834693.783978
1,5,120,0,26,0,0,0.06090049555555556,3100353.366089401,862532103.2604322,6967581048.052028,1.0,1.0,1.0,9.077944,5.8399999999999997e-05,871434732.7781416
1,6,10,96,26,52,2436,0.07862615665105534,28995942.689071503,8505428807.991208,56328259760.05905,1.0,1.0,1.0,107.41060416666669,6.166666666666667e-05,7354208434.620633
1,6,20,89,26,58,2936,0.07741019344411375,8906858.789661167,3765034091.8796616,26180965807.56403,1.0,1.0,1.0,54.461722333333334,6.183333333333334e-05,3377337965.0994263
1,6,30,100,26,37,2674,0.08063143671716015,7410146.471763999,2060035547.7203817,17294389089.278584,1.0,1.0,1.0,37.26281916666667,6.866666666666666e-05,2146632959.7717516
1,6,40,50,26,55,2583,0.07921879056186869,5622740.610434334,1685701694.276657,13367439518.278395,1.0,1.0,1.0,28.115428166666664,7.133333333333334e-05,1677820087.2138271
1,6,50,0,26,0,0,0.08618644869791665,8735384.869370667,1754914747.707435,12616133046.353022,1.0,1.0,1.0,23.486325500000003,6.333333333333333e-05,1618710921.5938766
1,6,60,0,26,0,0,0.07226611125578705,1056978.2458875,841781775.0498142,6745509211.02212,1.0,1.0,1.0,18.537035666666664,5.683333333333333e-05,843647080.1747984
1,6,70,0,26,0,0,0.07474455933779763,1661656.4322625,845329024.336455,6623731372.251048,1.0,1.0,1.0,16.677012833333333,7.350000000000001e-05,832602028.8835083
1,6,80,0,26,0,0,0.07108625686177249,2781826.118167833,1485935814.7805977,9759095948.1449,1.0,1.0,1.0,14.414541166666668,5.650000000000001e-05,1275043973.070557
1,6,90,0,26,0,0,0.07767322800925926,1708055.836102667,659876340.7869635,6652814235.683339,1.0,1.0,1.0,13.310135833333334,5.7166666666666676e-05,798452272.577169
1,6,100,0,26,0,0,0.070471021875,2416132.9613925,959075749.8102373,6599574802.012616,1.0,1.0,1.0,11.837556999999999,6.716666666666665e-05,853463871.3344997
1,6,110,0,26,0,0,0.07208032858796297,3203318.3624953334,686520627.8162063,4924129131.229901,1.0,1.0,1.0,10.427133333333332,5.683333333333333e-05,631959315.7030605
1,6,120,0,26,0,0,0.07274510104166666,1051331.4383491667,449623542.5527282,3733447488.525906,1.0,1.0,1.0,10.155232166666666,6.816666666666667e-05,464005344.70218927
1,7,10,99,26,54,2185,0.09364364134782699,18928823.039489143,4408552199.235147,31357578496.041782,1.0,1.0,1.0,114.2820147142857,5.785714285714286e-05,4030717973.165938
1,7,20,100,26,52,2439,0.09075864753335543,9829078.576915428,2135187334.217641,17605115044.334057,1.0,1.0,1.0,56.85392514285714,0.00026071428571428567,2194429080.807776
1,7,30,80,26,46,1733,0.09370958304022366,4574906.087446857,1819984073.9079049,11790466305.70853,1.0,1.0,1.0,39.19636214285715,5.7714285714285716e-05,1546245710.0690417
1,7,40,100,26,36,1107,0.08718590309042809,2276097.861819572,1110858676.4481504,9261081561.631367,1.0,1.0,1.0,29.864367857142856,6.157142857142859e-05,1149873030.538994
1,7,50,49,26,27,850,0.0865260515164399,4759252.478088143,1262992108.0967069,7666932983.992803,1.0,1.0,1.0,23.238748285714287,6.2e-05,1022623095.8263991
1,7,60,0,26,26,974,0.08787619472789114,2650384.918926429,922420221.2779614,7149636484.15151,1.0,1.0,1.0,20.29280757142857,6.142857142857142e-05,901302873.8546551
1,7,70,0,26,0,0,0.08450250106292516,1522791.389075143,549044618.7139368,5481765855.883542,1.0,1.0,1.0,17.53974185714286,7.971428571428572e-05,659051386.8822614
1,7,80,0,26,0,0,0.0877477882936508,2580125.361045143,1085268341.6118674,7106731639.928541,1.0,1.0,1.0,15.811725571428571,6.314285714285714e-05,929532851.0772679
1,7,90,0,26,0,0,0.08388946488095238,1299143.9050387142,458015216.90799063,3964845491.3749785,1.0,1.0,1.0,13.801684285714288,5.671428571428571e-05,488996932.9051369
1,7,100,0,26,0,0,0.08661169538690476,2200041.964960143,714307065.5786495,3846004461.080828,1.0,1.0,1.0,12.317144428571428,6.157142857142857e-05,529001834.6352991
1,7,110,0,0,0,0,0.09158319821428573,1049798.189663143,357034903.41899025,3269221982.598179,1.0,1.0,1.0,11.995192142857144,5.699999999999999e-05,399063985.09680885
1,7,120,0,0,0,0,0.09282321651785716,1552807.784825286,816096311.1916639,5191070416.48007,1.0,1.0,1.0,10.827251571428572,0.00029900000000000006,683413221.7772502
1,8,10,99,26,52,1983,0.10306007140813649,9219848.981471125,3551870622.126857,26383454934.258774,1.0,1.0,1.0,117.60303900000001,8.4125e-05,3355173005.444849
1,8,20,78,26,45,2328,0.10688262373046875,5014163.447342999,1501513195.1649435,11867972268.452312,1.0,1.0,1.0,60.9332615,6.775e-05,1490609517.2780445
1,8,30,99,26,54,2395,0.11007980805713384,4921891.002122249,1654825440.0994682,7817086405.14232,1.0,1.0,1.0,41.358089125,5.7249999999999996e-05,1116118873.3955817
1,8,40,75,26,27,1220,0.10952953284143518,4676049.103017125,1085887739.0231798,8613421418.855358,1.0,1.0,1.0,31.263602875,6.225000000000001e-05,1081792788.6285238
1,8,50,50,26,0,0,0.09783396089099704,1431609.956382375,482319365.439812,4946344237.483874,1.0,1.0,1.0,24.959539125,6.1625e-05,592100315.4795344
1,8,60,0,26,0,0,0.10348155592757938,6177061.872153374,624243222.3186913,4897989372.857142,1.0,1.0,1.0,20.923153999999997,6.049999999999999e-05,618971434.0901375
1,8,70,0,26,0,0,0.09458125651041667,957138.3899335,317221547.48451096,4176871961.2836323,1.0,1.0,1.0,17.932199625,5.625e-05,481801424.3895187
1,8,80,0,26,0,0,0.09717288654513889,1107145.8579703749,389386522.13935965,3244242711.1031976,1.0,1.0,1.0,15.932581875,6.275e-05,403076508.128399
1,8,90,0,26,0,0,0.09742231341145835,1558850.2111645,460604048.4929298,4363688785.720879,1.0,1.0,1.0,14.254121875000001,5.2499999999999995e-05,529580821.1255392
1,8,100,0,26,0,0,0.09995178190104165,1136442.7965420003,321274976.9839915,4077473148.3869677,1.0,1.0,1.0,12.675160625,5.9125e-05,472797764.68962955
1,8,110,0,26,0,0,0.09246395677083333,1064527.9216346252,393320945.512653,3249286369.8134003,1.0,1.0,1.0,11.791358749999999,7.824999999999999e-05,404337943.92583585
1,8,120,0,0,0,0,0.095963514453125,846742.7101236249,295621671.8744571,2949278969.022592,1.0,1.0,1.0,11.811173875,0.000141375,354644899.3855817
1,9,10,94,26,51,2215,0.11681989290330724,8763594.023796666,2821999070.081707,17876666484.327236,1.0,1.0,1.0,120.96500933333333,0.0002585555555555555,2358200457.115071
1,9,20,99,26,56,2986,0.12046963964099174,3326325.1299810004,1356124194.0987144,8864782552.975744,1.0,1.0,1.2222222222222223,61.216156000000005,6.944444444444444e-05,1160031257.4563124
1,9,30,100,26,46,2394,0.12809861051487093,4621851.303499667,848048334.638653,5774257428.903208,1.0,1.0,1.0,43.11845733333334,5.622222222222223e-05,750270519.320893
1,9,40,75,26,49,1639,0.1092904637988683,3038538.3357134443,937680636.9375482,5763572266.490229,1.0,1.0,1.0,31.07909777777778,0.00021288888888888887,766020196.2304959
1,9,50,0,26,0,0,0.11028952188051146,1350723.5527755553,488548456.61723286,4123607536.4228992,1.0,1.0,1.0,26.30900422222222,0.00017811111111111112,511015837.32319534
1,9,60,50,26,26,799,0.11249201666666668,1015479.7668217779,293944500.2988269,3316416043.4508996,1.0,1.0,1.0,22.43306455555556,5.577777777777778e-05,391141242.77921313
1,9,70,0,26,0,0,0.11400175941358026,848472.8673077779,287601298.8760841,3212759390.2771053,1.0,1.0,1.0,19.237293555555553,7.188888888888887e-05,379390046.08937144
1,9,80,0,26,0,0,0.11151088055555555,1100899.4989142222,316314355.3273743,3127627767.6648703,1.0,1.0,1.0,18.132219000000003,0.00023544444444444448,376796198.5116479
1,9,90,0,0,0,0,0.10975824201388888,1038023.9094811111,204859333.92000067,3088255121.0823464,1.0,1.0,1.0,15.857654999999998,6.833333333333333e-05,350523926.44066125
1,9,100,0,0,0,0,0.10916442418981481,778547.7398531111,218629732.54643318,2075233329.756023,1.0,1.0,1.0,13.579949333333333,6.122222222222222e-05,251794203.50874075
1,9,110,0,26,0,0,0.1080621255787037,691192.5520811112,302515847.4615945,2508032744.1924725,1.0,1.0,1.0,13.08582388888889,6.366666666666668e-05,311790221.4287064
1,9,120,0,26,0,0,0.10534833341049382,496389.5433114444,201608418.2153883,2358656051.6168203,1.0,1.0,1.0,12.568742333333333,6.388888888888888e-05,276534706.439211
1,10,10,95,26,54,2433,0.13134625489583335,7435747.5437539015,1946777590.2116406,13017488887.276943,1.0,1.2,1.2,124.6825061,7.23e-05,1696308892.855563
1,10,20,92,26,58,2515,0.12108969140338828,3380702.3559227004,1189929838.4958768,9901730053.131866,1.2,1.2,1.2,61.0474108,6.089999999999998e-05,1230525200.9573798
1,10,30,100,26,40,1480,0.1287106735648148,2203591.1175241005,738141336.2270491,4518291221.218458,1.0,1.0,1.0,43.672991499999995,6.13e-05,600999714.3553956
1,10,40,87,26,20,723,0.12320705476190479,1486217.8594866998,548064764.098146,3864629515.929712,1.0,1.0,1.0,33.090312600000004,6.319999999999999e-05,497116113.62562513
1,10,50,0,26,0,0,0.11383731914682538,884036.0886372998,467407213.5992837,3572513688.1001444,1.0,1.0,1.0,26.6960533,0.00022070000000000002,451351520.997939
1,10,60,0,26,26,631,0.11476798361111111,721819.1131510001,349658400.67058194,2936126248.7733474,1.0,1.0,1.0,22.3172657,0.00038439999999999997,364049481.4247614
1,10,70,0,26,0,0,0.11609295500000001,713708.3909006001,253223167.1212724,2456231827.879919,1.0,1.0,1.0,19.1973003,6.039999999999999e-05,296767328.53722584
1,10,80,0,0,0,0,0.12055978802083334,1319873.0359124,461808176.7092967,2859064002.4612737,1.0,1.0,1.0,17.0088817,6.13e-05,379191872.57467043
1,10,90,0,26,0,0,0.12256252875000002,985957.5353945,405240279.7984592,2727958686.247865,1.0,1.0,1.0,15.022602599999999,5.779999999999998e-05,354534029.26181483
1,10,100,0,26,0,0,0.12638649947916666,796346.1216681001,254720419.91328478,2271945030.3724117,1.0,1.0,1.0,15.818076199999998,5.94e-05,278695960.2870828
1,10,110,0,26,0,0,0.11759165277777776,1166512.6223474,444755018.8357668,2131386272.0278544,1.0,1.0,1.0,14.029349,6.58e-05,302906128.4790984
1,10,120,0,26,0,0,0.1164133015625,1174744.1335578996,178719655.8004751,2495612817.907754,1.0,1.0,1.0,12.870373800000001,5.9199999999999996e-05,286127477.50149906
1,11,10,96,26,53,2256,0.14121195490852198,6159675.791380909,1598685260.4277053,10014384454.142603,1.1818181818181819,1.5454545454545454,1.5454545454545454,126.230777,5.5545454545454543e-05,1325486726.4702792
1,11,20,88,26,58,3246,0.14210459538567496,3056437.4041891824,1048684671.1500878,5370314616.406223,1.0,1.1818181818181819,1.1818181818181819,63.658917181818175,6.209090909090909e-05,748907627.2654159
1,11,30,49,26,40,1329,0.13871809987899833,2363163.7788401823,486116400.9318422,3495085936.7765393,1.5454545454545454,1.5454545454545454,1.5454545454545454,44.58157054545455,6.236363636363637e-05,448385895.2627345
1,11,40,74,26,57,2127,0.1352019283008658,1315151.5657478182,333554400.05798304,3315569598.3172226,1.0,1.1818181818181819,1.1818181818181819,34.00145690909091,7.736363636363636e-05,399188298.6781996
1,11,50,0,26,56,2118,0.1361121085227273,1308275.2340926363,301252416.228653,3077112944.364392,1.0,1.0909090909090908,1.0909090909090908,28.17931290909091,6.318181818181818e-05,368877448.1474447
1,11,60,0,26,30,1082,0.13455091022727272,977444.8391794545,319713743.42558515,2523712691.2266717,1.0,1.0,1.0,22.736348272727277,0.0002090909090909091,316998130.42801315
1,11,70,0,26,0,0,0.13211597386363638,814926.8973951817,258491528.7007412,2651144318.683262,1.0,1.0,1.0,22.141385909090907,0.00011336363636363637,317383090.2282042
1,11,80,0,26,0,0,0.12742137926136363,1310545.452105818,280469152.437498,2504769093.4376807,1.0,1.0,1.0,17.461303181818185,9.036363636363635e-05,307488045.56374955
1,11,90,0,26,0,0,0.1354408480113636,884997.2811675452,189837460.08339128,2089341674.8023927,1.0,1.0,1.0,17.287220090909088,0.000193,247521082.25785854
1,11,100,0,26,0,0,0.1307070514520202,849807.4597722727,260525921.54993165,2445937481.3275833,1.0,1.0,1.0,15.406583272727273,6.781818181818181e-05,297293730.4159855
1,11,110,0,26,0,0,0.13239822490530304,715495.636423,249411516.20944455,2158965307.5870833,1.0,1.0,1.0,14.115405272727271,6.054545454545453e-05,266279619.24959037
1,11,120,0,26,0,0,0.1277936100063131,736238.5998697273,226444688.90451944,2282062438.265385,1.0,1.0,1.0,13.040966272727273,5.872727272727273e-05,274010491.55094373
1,12,10,99,26,57,2249,0.1525219424591901,4598057.19296375,1326726520.7304423,7286130849.641732,1.1666666666666667,2.1666666666666665,2.3333333333333335,128.7159215,0.0002498333333333333,997176474.1824665
1,12,20,87,27,61,3100,0.150623618844697,2577922.7343434165,783998496.7284738,5049856398.817748,1.0,1.3333333333333333,1.3333333333333333,64.41006291666666,9.8e-05,663589607.077818
1,12,30,80,26,51,1556,0.14349417274305556,1353939.3439554165,403505677.1775994,3421506589.350822,1.0,1.1666666666666667,1.1666666666666667,43.863705833333334,6.291666666666667e-05,423799362.2471652
1,12,40,49,27,43,1910,0.14723418191964285,1556508.0243295,474807628.2362728,3539369384.242727,1.0833333333333333,1.0833333333333333,1.0833333333333333,33.77230683333334,0.00019466666666666666,449987873.38346815
1,12,50,80,27,0,0,0.1456837476273148,1131978.3470369165,277806170.3195017,3032277857.380717,1.0,1.0,1.1666666666666667,28.83885691666666,6.116666666666666e-05,359581279.62088346
1,12,60,0,26,0,0,0.14396397951388887,3176974.1320468322,261031073.49507347,2264240207.94454,1.0,1.0,1.1666666666666667,24.66098108333333,0.00010608333333333331,280854010.32656
1,12,70,0,27,0,0,0.14272664609375,807455.0711776665,247129206.38737127,1864125318.5819805,1.0,1.1666666666666667,1.1666666666666667,21.28817908333333,6.249999999999999e-05,236403499.0960579
1,12,80,0,27,0,0,0.1427337873263889,651976.1297876666,174398399.54620433,2040765358.7395499,1.0,1.0,1.0,18.20047058333333,5.891666666666667e-05,239412519.81177035
1,12,90,0,27,0,0,0.1385286818576389,742506.5607559999,238237623.16623592,1598915633.0297794,1.0,1.0,1.0,17.59341883333333,6.266666666666667e-05,208058765.87678388
1,12,100,0,27,0,0,0.14000378819444442,912666.3747600834,232275248.45683944,1783407129.008991,1.0,1.0,1.0,16.53238825,5.891666666666667e-05,225434556.9650762
1,12,110,0,0,0,0,0.13170873755787035,1316218.70945525,300979658.71667796,2222190798.0065236,1.0,1.0,1.0,13.203720583333334,5.874999999999999e-05,283336306.86435556
1,12,120,0,26,0,0,0.14286266059027777,473400.1474848333,213960449.56359407,1724516242.8712394,1.0,1.0,1.0,13.001675916666668,5.925e-05,215575037.39562094
1,13,10,95,26,56,2547,0.16387269458080295,4363639.191798153,1288753825.011626,7382808861.914444,1.0,1.1538461538461537,1.4615384615384615,129.84402523076926,6.930769230769231e-05,999085639.2214987
1,13,20,99,27,60,3391,0.16350501799242426,2087407.678356846,605033760.6623511,4161503356.718378,1.1538461538461537,1.1538461538461537,1.2307692307692308,67.44137207692307,0.00022984615384615388,538617982.0187312
1,13,30,99,27,46,1676,0.1574461858688187,1620781.573794846,383437480.77889436,2833278552.2352834,1.0769230769230769,1.3846153846153846,1.3846153846153846,46.157423615384616,6.269230769230768e-05,361149698.8345417
1,13,40,100,27,56,2008,0.15211455242673994,1169516.312448077,310048075.555021,2787733605.2917356,1.0,1.1538461538461537,1.1538461538461537,33.81073830769231,6.938461538461537e-05,341601490.6262646
1,13,50,49,27,0,0,0.1496427886752137,1321258.4191611537,162687983.73751423,2427809062.568516,1.0,1.0,1.0,29.369399384615384,7.415384615384615e-05,276243256.6090311
1,13,60,0,27,0,0,0.15255003854166668,1099339.1556920002,334836444.37250686,1775090454.4580956,1.0,1.0,1.0,25.69548,5.646153846153846e-05,245245760.2384885
1,13,70,0,27,0,0,0.14314816666666666,574329.4136076922,196725568.89629814,2257313183.600293,1.0,1.0,1.0,21.953843692307697,0.0003178461538461538,265478367.32591975
1,13,80,0,0,0,0,0.1488750596955128,641506.8407647692,155833035.88045514,1543519363.7473693,1.0,1.0,1.0,19.111537384615385,6.776923076923076e-05,185967515.15946114
1,13,90,0,27,0,0,0.14693820606303418,869656.2392734613,201805703.5947876,1925098006.7034955,1.0,1.0,1.0,18.616737076923076,6.030769230769229e-05,233479619.70456982
1,13,100,0,0,0,0,0.13882852297008547,553612.3812831538,182212461.69709513,1591306925.5842936,1.0,1.0,1.0,15.43164753846154,5.869230769230768e-05,195960646.20840985
1,13,110,0,27,0,0,0.14653085990918802,232191.92613399995,176477862.88851154,1336906646.6375468,1.0,1.0,1.0,12.705354384615383,6.130769230769231e-05,169148715.95646334
1,13,120,0,27,0,0,0.13879492895299145,453076.96081384615,154172577.3295043,1791685135.265466,1.0,1.0,1.0,12.540719615384615,0.00019084615384615383,210320127.93910217
1,14,10,95,27,54,2485,0.1739859211004943,4247601.128368928,1138891205.6304653,6712309887.673087,1.1428571428571428,1.4285714285714286,1.6428571428571428,131.610629,5.6642857142857136e-05,901981983.5073117
1,14,20,86,27,53,2000,0.1727371681547619,1670345.9694184286,592387811.6763097,3173751553.554002,1.0,1.2857142857142858,1.2857142857142858,66.9554835,7.071428571428571e-05,437021670.8746576
1,14,30,79,27,52,2140,0.1671425171662415,1447273.9606707145,497967630.3834259,2967475216.3662257,1.0714285714285714,1.0714285714285714,1.0714285714285714,44.36873364285714,6.014285714285713e-05,397353947.62853557
1,14,40,49,27,28,1049,0.16721432663690475,889515.6437909286,287720863.7119216,2187529612.185855,1.0,1.0,1.0,36.254059,0.00012671428571428572,276919638.0186249
1,14,50,50,27,29,1039,0.16651045119047622,845114.4142445715,229956119.1174396,1800670716.4833705,1.0,1.0,1.0,28.951686714285717,6.057142857142857e-05,226649750.06928286
1,14,60,0,27,0,0,0.1588099976190476,798664.6894929286,259037229.53450012,2206655927.479413,1.0,1.0,1.1428571428571428,25.251155785714285,6.185714285714285e-05,273031994.34296477
1,14,70,0,27,0,0,0.16066807589285714,549464.3598077857,184531024.60779124,1257317012.5042284,1.0,1.0,1.0,21.054265857142855,6.828571428571429e-05,163022439.69020972
1,14,80,0,27,0,0,0.163743603422619,499631.9017999285,163148830.9238481,1325074448.6586053,1.0,1.0,1.0,21.173258928571425,0.00011292857142857144,165486861.33639115
1,14,90,0,27,0,0,0.15652318353174605,1185061.3337089284,152624303.09809566,1626954874.26138,1.0,1.0,1.0,19.021998571428572,7.492857142857141e-05,194049808.18443733
1,14,100,0,27,0,0,0.15838404588293648,475735.72445635713,194045155.16125724,937700865.3822325,1.0,1.0,1.0,14.074174571428573,5.899999999999999e-05,132912071.05838978
1,14,110,0,0,0,0,0.15854124503968253,455779.2972977143,155902442.1983556,1253949791.2280319,1.0,1.0,1.0,13.337771142857145,5.614285714285714e-05,156894454.71792537
1,14,120,0,27,0,0,0.16433807837301587,338739.3452118571,219143368.89776778,1055223290.4424797,1.0,1.0,1.0,14.086736571428572,5.428571428571429e-05,149588058.79224917
1,15,10,89,27,59,2816,0.18386779050018157,3641919.461927333,1145384452.6924582,5944723778.372363,1.0,1.0,1.0,131.24601213333332,6.9e-05,826098046.6409284
1,15,20,92,27,53,2198,0.18719008040123458,2147652.5171773336,547123228.2120734,3063135816.8600183,1.0,1.1333333333333333,1.1333333333333333,70.10320639999999,5.986666666666666e-05,417241281.6063958
1,15,30,69,27,51,2046,0.17828893591269837,1264406.0053500668,356999756.99534553,2533778070.1846933,1.2666666666666666,1.2666666666666666,1.2666666666666666,46.19005873333333,0.0003719333333333334,325662642.73576504
1,15,40,0,27,37,1258,0.1766421943518518,969177.4043058001,334238278.757686,1863415303.4891436,1.0,1.0,1.2666666666666666,37.42327946666667,5.8466666666666654e-05,253867448.33644587
1,15,50,99,27,61,1714,0.168333605,621934.3398292002,268441153.7577741,1478734996.7925577,1.0,1.2,1.2,28.865990599999996,6.133333333333335e-05,201996959.28466776
1,15,60,0,27,0,0,0.17102003027777782,562414.7705311334,280863298.5094866,1573251216.0707834,1.0,1.0,1.0,23.595928999999998,6.486666666666664e-05,213891369.1855738
1,15,70,0,27,0,0,0.16449233472222222,865281.1670007334,160815276.6455194,1129602454.3902209,1.0,1.0,1.0,20.88363026666667,0.00011973333333333333,145728906.7849015
1,15,80,0,27,0,0,0.1679757755787037,293546.30480359995,157896886.453927,881179205.2011203,1.0,1.0,1.0,21.325243399999998,6.233333333333334e-05,119902687.5254453
1,15,90,0,0,0,0,0.1655521295138889,505218.9734094667,206980887.0541074,1275462968.983486,1.0,1.0,1.0,17.322208999999994,0.00021533333333333335,169296052.1041321
1,15,100,0,27,0,0,0.17415432268518513,459243.1070643332,156817016.7749852,938503943.4567108,1.0,1.0,1.0,15.153390533333333,0.00018786666666666666,125535201.71522602
1,15,110,0,27,0,0,0.16897259120370373,383390.5158103333,126401253.17681926,1289525099.0500925,1.0,1.0,1.0,14.660132333333335,6.846666666666666e-05,154501069.86257693
1,15,120,0,27,0,0,0.16811073333333335,359475.4129142,127564679.0804872,1099051704.8748844,1.0,1.0,1.0,14.403359866666667,6.0266666666666657e-05,135669676.1579193
1,16,10,99,27,63,2448,0.18887148088575706,3291604.6022554375,1184038224.1377187,6833052082.885029,1.0,1.125,1.25,131.54550749999999,5.512499999999999e-05,922416409.6417065
1,16,20,100,27,56,2661,0.19584912405960644,2612203.7601900003,825480478.1078162,3151337048.3809376,1.125,1.125,1.125,71.3392679375,5.68125e-05,482058035.2076936
1,16,30,80,27,61,2805,0.1868240114087302,1760171.1608321876,638003274.8872488,2725124393.0560393,1.0,1.0,1.0,48.0738378125,0.00027581249999999996,401345006.3769476
1,16,40,99,27,51,1374,0.17281237022569443,721258.5094820624,305281083.1158427,1857084752.0498643,1.0,1.0,1.0,37.213977812500005,0.000153875,247269411.76402617
1,16,50,0,27,0,0,0.1784469818359375,646403.7475990001,304879285.46259034,1670942171.2091506,1.125,1.125,1.125,30.685756374999997,5.9124999999999994e-05,228522423.76274577
1,16,60,0,27,0,0,0.1775479596354167,552704.8199563749,290371413.6192516,1779022468.5999637,1.0,1.0,1.0,23.367786625,0.00016618750000000002,236363321.47561902
1,16,70,0,27,0,0,0.1769080485026042,441507.2773690625,250833223.9513934,1530971249.8219416,1.0,1.0,1.0,22.992878812499995,6.95625e-05,203572724.99695322
1,16,80,0,27,0,0,0.18225379318576387,434095.89406787505,174883176.14174068,1367028212.59152,1.0,1.0,1.0,21.071951999999992,0.00025518749999999993,171983232.0028568
1,16,90,0,0,0,0,0.17939016015625,438961.32376837486,192459086.7926363,998660460.8729146,1.0,1.0,1.0625,16.1672554375,0.00018150000000000002,138665065.84622774
1,16,100,0,0,0,0,0.17193624522569445,545090.2707790624,202071995.2083674,1511139634.3856115,1.0,1.0,1.0,14.6982119375,6.0562499999999995e-05,191909861.46720827
1,16,110,0,27,0,0,0.1748192165798611,309492.890430375,127186236.79651895,744372324.7853513,1.0,1.0,1.125,14.870277187499997,0.00029350000000000003,100091059.90518624
1,16,120,0,0,0,0,0.17438316145833332,313458.6041771875,126336950.82530026,764697585.6593804,1.0,1.0,1.0,15.38286025,5.73125e-05,101956502.60737664
1,17,10,88,27,54,2447,0.20284654243590206,3217840.6429305295,1024009517.3162193,6243287525.32104,1.0,1.0,1.0,133.78440852941176,0.00015117647058823528,831382568.1717926
1,17,20,100,27,64,2643,0.20275189852941172,2441823.875961177,619164337.5104289,3633007850.3948665,1.0,1.0,1.0,69.20851482352941,6.14705882352941e-05,488842630.6578673
1,17,30,86,27,61,2417,0.19026621513188613,1097050.6975712941,546584546.0129927,2811834612.7293696,1.1176470588235294,1.1176470588235294,1.1176470588235294,47.49959499999999,0.00019829411764705885,391268100.59707725
1,17,40,50,27,42,1848,0.19737331838235295,862814.5426964704,301815326.8321709,1476159428.1831338,1.0,1.1176470588235294,1.1176470588235294,35.54319047058823,0.00018117647058823533,208582824.4928429
1,17,50,49,27,30,1025,0.18917728235294118,539254.0206938824,327422362.4460526,1631637413.921645,1.0,1.0,1.0,31.263689411764712,0.0001817058823529412,229025556.26121497
1,17,60,0,27,0,0,0.19422565349264706,659744.6377058235,353061842.24248874,1579731227.4264371,1.0,1.0,1.0,25.848074882352943,6.488235294117645e-05,229047200.2905345
1,17,70,0,27,0,0,0.18218739583333332,590850.0017957647,247368425.85012624,1160214418.960841,1.0,1.0588235294117647,1.0588235294117647,23.507397941176475,6.723529411764706e-05,165908619.96761906
1,17,80,0,0,0,0,0.17676563378267973,559133.6464097647,214440182.71546337,1305927534.6332018,1.0,1.0,1.0588235294117647,21.0716564117647,6.052941176470588e-05,173872091.9446345
1,17,90,0,0,0,0,0.18759313602941177,416108.2017866471,177046414.90543818,989652168.1952262,1.0,1.0,1.0,17.180368058823532,6.552941176470587e-05,134665700.66599646
1,17,100,0,0,0,0,0.18537479452614383,299036.94861735293,218494581.1880172,863056681.9309702,1.0,1.0,1.0,16.05123870588235,6.188235294117646e-05,130213840.27414007
1,17,110,0,27,0,0,0.18527723774509805,370512.362514647,224746949.03546834,1021793219.0548571,1.0,1.0,1.0,16.25455123529412,0.0002880588235294117,147387999.4705307
1,17,120,0,0,0,0,0.1893530584150327,374758.41863935295,231259809.6568759,867006118.6598701,1.0,1.0,1.0,15.864708411764706,5.6e-05,133214835.47192276
1,18,10,96,27,57,2911,0.21452287748360335,3012370.8078616103,1135605599.5282688,5834444045.795661,1.0,1.0,1.1111111111111112,134.78275094444442,0.0001311666666666667,812673603.4732188
1,18,20,86,27,61,1695,0.20573796158050417,1558078.9563620556,607999600.1538138,3417829700.2834053,1.0,1.0,1.0,70.645258,6.416666666666665e-05,464473240.5536714
1,18,30,73,27,38,1620,0.205779473324515,1059372.5498397222,425909937.3055752,1821202640.340058,1.0,1.1111111111111112,1.1111111111111112,46.529565722222216,0.0003271111111111111,268043611.16813612
1,18,40,80,27,32,1060,0.19992739305555554,578552.0893431666,301095400.4744613,1740739756.3404603,1.0,1.0,1.1111111111111112,35.69936711111111,6.0611111111111095e-05,234697887.67282817
1,18,50,49,27,0,0,0.19408758778935187,722666.3698747777,305612857.38195163,1738629909.743583,1.0,1.0555555555555556,1.0555555555555556,30.938772555555552,0.00013077777777777776,235491294.85570997
1,18,60,50,27,0,0,0.18880337673611108,448345.2622348333,326776164.66841,1103848434.7482219,1.0,1.0,1.0,24.805143555555553,0.00028772222222222225,176053810.4287141
1,18,70,0,27,0,0,0.2010449754050926,744145.020619778,229800784.38392103,950104629.1601579,1.0,1.0,1.0,25.190390722222215,0.0003488333333333332,141491411.98705375
1,18,80,0,27,0,0,0.1900305597029321,400775.63261500007,167814072.96416935,1313989442.557023,1.0,1.0,1.0555555555555556,20.537893222222223,6.161111111111109e-05,165242212.47260532
1,18,90,0,27,0,0,0.1956690104166667,285359.08394605556,159315428.1388966,840826760.3269391,1.0,1.0,1.0,17.008524277777777,8.433333333333333e-05,116145438.88221848
1,18,100,0,27,0,0,0.19262772067901235,559110.5862086111,157318693.15186718,687877308.5251691,1.0,1.0,1.0,16.842726555555558,6.122222222222221e-05,100642773.46924895
1,18,110,0,0,0,0,0.19068297608024692,273008.840632,128988097.50192472,926425050.4787936,1.0,1.0,1.0,16.99107927777777,6.383333333333332e-05,118631156.6747913
1,18,120,0,27,0,0,0.19327670370370367,362394.01976422226,150081453.48699164,525385717.4637695,1.0,1.0,1.0,16.825177055555553,6.155555555555555e-05,82808464.90908419
1,19,10,100,27,61,3089,0.22390547365810357,3226161.2174268947,1204500706.877507,6277569725.917984,1.0,1.0,1.0,135.4971770526316,6.405263157894737e-05,870914843.1813619
1,19,20,100,27,53,1797,0.21311077055921052,1723832.270938421,647257590.1100669,3500601450.757002,1.0,1.0,1.0,70.35090831578947,0.00013226315789473684,480718042.177896
1,19,30,49,27,18,516,0.2090290639619883,606242.1491817367,378193857.41532516,2088323406.2035122,1.0,1.0,1.0,46.241585789473696,5.805263157894736e-05,284895281.768775
1,19,40,36,27,66,2973,0.2161880817982456,808864.3214530527,379029258.5848204,1900932109.4330032,1.0,1.0,1.0,38.71852526315789,0.00014421052631578946,266465100.1950028
1,19,50,49,27,0,0,0.21252678771929823,650973.540348263,316087369.49745446,1703954904.9231353,1.0,1.0,1.0,29.38702231578947,7.342105263157895e-05,234068518.50553653
1,19,60,0,27,33,1120,0.20860688760964913,842118.9523746842,342305666.10433084,1253626464.0032535,1.0,1.0,1.105263157894737,27.88480163157895,6.01578947368421e-05,194413141.9724218
1,19,70,0,0,0,0,0.2039929250730994,515770.57604457886,251693101.53379625,1447374004.518138,1.0,1.0,1.0,25.457808368421052,6.084210526315788e-05,195436949.69296667
1,19,80,0,0,0,0,0.2127101622807017,235078.78115842098,201528271.46879426,645431595.2688764,1.0,1.0,1.0,18.525648947368424,6.599999999999998e-05,105013288.30688308
1,19,90,0,27,0,0,0.20709334831871348,302178.3807093158,166046312.86393958,928781753.8976111,1.0,1.0,1.0,17.820939947368423,0.00015694736842105267,126298885.19832893
1,19,100,0,0,0,0,0.20788883004385966,361765.943654,212573340.04667044,1075220468.5338864,1.0,1.0,1.0,18.615698684210532,0.0001522105263157895,150289869.97512168
1,19,110,0,27,0,0,0.20213316154970765,363838.77825926314,235781148.06867242,1011869411.9658905,1.0,1.0,1.0,17.44457557894737,5.8789473684210524e-05,148597781.94317722
1,19,120,0,0,0,0,0.20196487463450294,247127.79264173686,190786990.85192645,798966283.8087807,1.0,1.0,1.0,17.762543315789472,6.505263157894736e-05,118226938.62689658
1,20,10,99,27,67,3122,0.23109238872939558,2812027.403015,1095155053.1633003,6106086853.851305,1.0,1.0,1.0,136.32977499999998,7.265e-05,831607527.9815563
1,20,20,99,27,58,1876,0.21985371984953708,1044745.6514762,642531660.0258967,3140571121.6882596,1.0,1.0,1.0,69.90528825,7.06e-05,443294464.5369956
1,20,30,88,27,51,1876,0.22270612826388886,802847.57394825,569341992.9156985,2445458650.706434,1.0,1.0,1.0,50.00875320000001,0.00013729999999999998,358976040.91731775
1,20,40,50,27,32,1102,0.21542940177083342,657505.2566382501,327387975.7113782,1795247397.6720212,1.0,1.0,1.0,38.0396411,6.259999999999999e-05,245462424.0183986
1,20,50,85,27,32,1322,0.21674137968750004,644485.9843187998,268848255.1712357,1345031787.5950966,1.0,1.0,1.0,28.56135335,0.00014265,188723846.16834718
1,20,60,0,27,0,0,0.21277378958333332,563279.352166,326122807.23990285,1663018638.1260664,1.0,1.0,1.0,28.28461285000001,6.744999999999999e-05,231920598.18297815
1,20,70,0,0,0,0,0.20804929704861114,443122.951628,233075541.89660406,1438406937.7213318,1.0,1.0,1.0,24.2560354,0.00022715000000000002,190765882.9156646
1,20,80,0,27,0,0,0.20341067135416663,281670.7947856,122105007.3745614,804949640.4769799,1.0,1.0,1.0,18.509828600000006,0.00013154999999999997,105113054.48613156
1,20,90,0,27,0,0,0.2096794107638889,179837.12173724995,179234025.91769794,1004645364.0845369,1.0,1.0,1.0,18.76527965,0.00013700000000000002,136437145.88591772
1,20,100,0,27,0,0,0.2096653527777778,832915.6361976002,207181257.1543111,967157419.9733105,1.0,1.0,1.0,19.13310705,0.00010165,138734951.1007341
1,20,110,0,27,0,0,0.20651120277777774,298690.40218915005,246473524.19026914,1255117881.3102815,1.0,1.0,1.0,18.3087176,0.00018884999999999998,175015496.5223166
1,20,120,0,27,0,0,0.21328974045138888,257154.65948660005,152169253.33263472,853297443.736242,1.0,1.0,1.0,17.45028645,0.00030284999999999985,115943527.26425779
2,1,10,33,27,21,794,0.010325809294871795,1341138332.096346,98314108394.56693,593808701585.7448,1.0,1.0,1.0,0.0,5.7e-05,79982488668.95506
2,1,20,38,27,21,1043,0.010842442010309278,920964120.89529,61956162804.421684,379273000685.1984,1.0,1.0,1.0,0.0,5.9e-05,50963207513.03064
2,1,30,38,27,19,1004,0.010855717171717173,605091887.704109,42393939846.24336,252976863980.54346,1.0,1.0,1.0,0.0,5.7e-05,34200038687.695652
2,1,40,51,27,13,506,0.01133121343537415,366096588.736876,29514726129.272778,184861117364.89502,1.0,1.0,1.0,0.0,5.6e-05,24645324573.45963
2,1,50,19,27,17,655,0.01098385518292683,354077027.303567,23981720537.43259,150515726417.9936,1.0,1.0,1.0,0.0,5.5e-05,20095770667.39814
2,1,60,0,27,0,0,0.009366183558558559,241275052.073664,15237679846.60096,90959706854.01231,1.0,1.0,1.0,0.0,5.5e-05,12312399190.172752
2,1,70,0,27,15,608,0.01060491875,328101927.99298596,18859511370.18655,106844511139.7801,1.0,1.0,1.0,0.0,5.6e-05,14686024736.61017
2,1,80,0,27,0,0,0.010185340773809523,89152298.345503,19200103136.12369,93850120740.0826,1.0,1.0,1.0,0.0,5.7e-05,13287439309.074606
2,1,90,0,27,0,0,0.010257671875,173881828.878784,14977251282.499498,84177764115.21231,1.0,1.0,1.0,0.0,5.5e-05,11534943947.236044
2,1,100,0,16,0,0,0.01153586507936508,209460285.028189,11788263215.120613,65007832721.740265,1.0,1.0,1.0,0.0,5.5e-05,9005058113.717646
2,1,110,0,27,0,0,0.009909315625,98925048.745936,9422302029.083288,54832662272.53617,1.0,1.0,1.0,0.0,5.6e-05,7436974166.192189
2,1,120,0,0,0,0,0.009914400219298247,156293065.482511,12451398402.603907,64114311206.78852,1.0,1.0,1.0,0.0,6.5e-05,9011115946.037111
2,2,10,66,27,37,1649,0.016571410133565622,954311663.2582085,97092000203.19244,552003531015.1129,1.0,1.0,1.0,0.0,5.55e-05,75286771305.4303
2,2,20,72,27,43,2017,0.014800561797936259,514175878.6312415,56441541044.776405,347854288340.49304,1.0,1.0,1.0,0.0,1.6e-05,46433660157.04639
2,2,30,52,27,33,1509,0.01589322179055757,335849556.71779203,36982587935.04111,212228227024.5769,1.0,1.0,1.0,0.0,5.75e-05,28854434978.16812
2,2,40,54,27,17,799,0.014917212384259259,247643067.937229,29254238745.09281,169339859408.588,1.0,1.0,1.0,0.0,5.9499999999999996e-05,22958183836.433167
2,2,50,39,27,31,1388,0.015556853658345846,151215394.73819548,21125310016.57909,112891385901.03247,1.0,1.0,1.0,0.0,5.9e-05,15620051368.735548
2,2,60,36,27,19,760,0.016063820833333332,193656980.979904,18433050748.590363,103609027455.11627,1.0,1.0,1.0,0.0102135,5.6e-05,14183072780.871475
2,2,70,0,27,0,0,0.015188978009259259,66837556.021569,11751812440.86349,73274451206.39792,1.0,1.0,1.0,0.0,5.9e-05,9724593897.027334
2,2,80,0,27,0,0,0.016695229640151514,199936953.2949975,13387945698.302464,71743252306.42111,1.0,1.0,1.0,0.2144965,5.9e-05,9991870235.686512
2,2,90,0,27,0,0,0.01792309520285088,139424874.4272575,9153117798.689587,56003360611.77602,1.0,1.0,1.0,0.0,5.85e-05,7528557032.014348
2,2,100,0,0,0,0,0.015061410635964912,101219839.659213,10963242331.459837,54341914271.59569,1.0,1.0,1.0,0.028797000000000003,5.8e-05,7697693780.08891
2,2,110,0,0,0,0,0.017762395450367646,103490438.417944,10701319187.778835,48787422200.3868,1.0,1.0,1.0,0.0,5.75e-05,7091449363.486761
2,2,120,0,27,0,0,0.013684412513616559,157976091.01211548,10771684040.566154,54535457692.793785,1.0,1.0,1.0,0.0079435,5.5e-05,7718465840.066698
2,3,10,78,27,47,2102,0.02306603796906938,509822623.071513,76760420521.24754,453933492237.4383,1.0,1.0,1.0,15.597423999999998,5.5333333333333334e-05,61102309096.07424
2,3,20,81,27,46,2289,0.02221606032678568,288150010.6401733,40419397098.96053,252534767991.2097,1.0,1.0,1.0,6.589263,5.666666666666667e-05,33539061197.027126
2,3,30,43,27,41,1423,0.021235313537294354,93882284.25504999,19787746590.574047,115771927016.32092,1.0,1.0,1.0,2.817277666666667,5.566666666666667e-05,15600459605.610903
2,3,40,42,27,26,1223,0.023165772946179667,133941641.38876867,16808536455.155275,103295462344.22649,1.0,1.0,1.0,4.329016,5.633333333333334e-05,13785012654.81083
2,3,50,35,27,37,1781,0.022742166262809404,62719672.73994199,14165152207.665503,82990105509.22627,1.0,1.0,1.0,3.1021009999999998,5.7333333333333336e-05,11175944749.034407
2,3,60,0,27,19,635,0.021645120540906244,120464458.17424567,12869503041.91278,71216805478.3936,1.0,1.0,1.0,2.18771,5.8e-05,9779906266.536486
2,3,70,0,27,0,0,0.024361223381692745,39900155.39548567,10657698815.200125,56534946664.88,1.0,1.0,1.0,3.619628666666667,6.366666666666666e-05,7812964521.740188
2,3,80,0,0,0,0,0.020926262177144248,54006662.39526567,9863392555.924858,56684862585.85779,1.0,1.0,1.0,0.6815626666666666,5.9e-05,7678969429.516464
2,3,90,0,27,0,0,0.022234918734681374,52775361.706735335,6379000808.622197,40979974547.134514,1.0,1.0,1.0,1.0706883333333332,5.666666666666667e-05,5410740364.028402
2,3,100,0,27,0,0,0.023096483840811966,43977437.671778664,7513446946.546847,45823568121.766396,1.0,1.0,1.0,2.4385776666666668,5.633333333333334e-05,6115830396.370129
2,3,110,0,27,0,0,0.022260952915140412,20782511.774061665,4676331985.954907,32161844793.43442,1.0,1.0,1.0,1.6592286666666667,5.9e-05,4165998626.6413302
2,3,120,0,27,0,0,0.023153498486467236,162974625.92421398,8930488225.57264,43619143335.95566,1.0,1.0,1.0,1.9171066666666665,5.766666666666667e-05,6262094207.613236
2,4,10,74,27,48,1774,0.029041672287273994,304912507.06990755,47496160041.68133,295514231959.0287,1.0,1.0,1.0,41.49213275,6.075e-05,39264093779.77164
2,4,20,79,27,45,1339,0.02746551270264556,121104973.08662626,20661791337.76776,126054327459.99228,1.0,1.0,1.0,18.040494,5.6750000000000004e-05,16822564416.139051
2,4,30,66,27,39,1322,0.028626158006098867,66688884.48044575,15469998823.847996,91809539608.69489,1.0,1.0,1.0,13.3206315,5.6500000000000005e-05,12321635886.49644
2,4,40,84,27,35,1465,0.027704484317034605,79578496.21745324,13067681395.46029,73175365536.7474,1.0,1.0,1.0,9.620370000000001,5.9000000000000004e-05,9986777737.751171
2,4,50,45,27,26,1058,0.02758923034536418,65134888.66985875,10389164971.733011,59038790546.43738,1.0,1.0,1.0,7.82091125,5.775e-05,8027306436.429075
2,4,60,0,27,28,1284,0.028873249812772332,70580664.39766625,9773661989.119427,51756939153.52461,1.0,1.0,1.0,6.73105225,5.6000000000000006e-05,7179832748.310947
2,4,70,0,27,0,0,0.02703779113454592,30905826.56599475,6584811143.537424,42928425231.13875,1.0,1.0,1.0,5.130114,5.75e-05,5631438807.357819
2,4,80,0,27,31,844,0.026692053602430557,49177404.498034,5691475515.324713,35959832488.14816,1.0,1.0,1.0,4.6636535,5.7e-05,4768702513.974428
2,4,90,0,27,0,0,0.027160476897321425,37086252.38763575,5918417617.665218,36338017443.391846,1.0,1.0,1.0,4.1999534999999995,5.6500000000000005e-05,4843445625.48353
2,4,100,0,27,0,0,0.027111514693206096,38954525.74516125,5842735540.086325,34043430677.60235,1.0,1.0,1.0,3.9717442499999995,5.9749999999999995e-05,4600158325.720356
2,4,110,0,27,0,0,0.02977533036636396,14356522.309266001,3593784029.1114225,25144536437.829426,1.0,1.0,1.0,4.35655025,5.875e-05,3243259995.4882946
2,4,120,0,27,0,0,0.02732830347222222,22893277.683086753,4920091158.648115,29039924690.518707,1.0,1.0,1.0,3.48477225,5.8e-05,3904035979.174885
2,5,10,81,27,51,2291,0.036529382454190365,292315189.5600608,39516264911.34615,245380867842.41788,1.0,1.0,1.0,62.825388200000006,6.400000000000001e-05,32645960128.05361
2,5,20,90,27,49,1969,0.036261298944534635,108116469.82231419,17321209541.72048,103923378588.63565,1.0,1.0,1.0,31.036522199999997,5.62e-05,13932261161.625996
2,5,30,60,27,42,2205,0.03517110068253733,125398625.47285938,14131956623.21431,81397623924.03604,1.0,1.0,1.0,20.306001600000002,5.44e-05,11053932666.561428
2,5,40,90,27,42,1743,0.032005532962304906,77880309.355092,9476809953.435602,62960343119.6884,1.0,1.0,1.0,13.651227599999999,5.6800000000000005e-05,8245912459.504003
2,5,50,36,27,26,1920,0.04051291985123911,39341323.7699698,7810927098.641505,39084177931.498375,1.0,1.0,1.0,14.748747,5.72e-05,5498142075.0972595
2,5,60,0,27,30,1653,0.035994824813258636,44902942.828581594,6982234924.243828,38257085626.14227,1.0,1.0,1.0,11.0461098,5.7400000000000006e-05,5253587558.944482
2,5,70,0,27,0,0,0.038736798496572876,20936472.2024764,4634985819.616485,28558259300.12783,1.0,1.0,1.0,10.437155800000001,5.6800000000000005e-05,3797478578.5978003
2,5,80,0,27,0,0,0.03154462902510684,28782994.775179796,4889054247.82559,34797969362.60329,1.0,1.0,1.0,6.3918944,5.66e-05,4477755853.682683
2,5,90,0,27,0,0,0.03250562072358197,28757123.2568744,3943481582.206482,24837018765.58013,1.0,1.0,1.0,6.0785248,5.8399999999999997e-05,3292528152.1412134
2,5,100,0,22,0,0,0.03950428486111111,28984922.687027402,4439440073.324004,24505503995.36385,1.0,1.0,1.0,6.6972616,5.599999999999999e-05,3358727830.283639
2,5,110,0,0,0,0,0.031990032777777774,7687463.8356646,3407974742.006539,20384918371.394245,1.0,1.0,1.0,4.9830292,5.8200000000000005e-05,2725467987.7984214
2,5,120,0,27,0,0,0.03334912553360991,17416198.3893034,2561941366.2464576,19335519779.57862,1.0,1.0,1.0,5.0207348000000005,5.64e-05,2458131567.490264
2,6,10,84,27,49,1962,0.04251496927996809,161468711.48648417,26847598771.97176,178575393183.88443,1.0,1.0,1.0,73.71132166666668,5.95e-05,23340086852.86439
2,6,20,66,27,47,1724,0.04111851565667569,77376016.25968166,13102056770.322897,86837014214.6638,1.0,1.0,1.0,36.191756999999996,5.766666666666666e-05,11358275830.287933
2,6,30,62,27,54,2219,0.040477083726196295,63288080.38700316,10367739008.100348,62531335981.430214,1.0,1.0,1.0,24.0117025,5.583333333333333e-05,8370982951.783432
2,6,40,40,27,58,3014,0.039959250933085555,37174050.88132583,7708719220.555249,52073704782.29742,1.0,1.0,1.0,18.06419683333333,6.166666666666667e-05,6775136079.281407
2,6,50,42,27,0,0,0.0429530556666764,53458400.67021067,5800796021.54016,35657424163.13978,1.0,1.0,1.0,15.835110999999998,8.533333333333332e-05,4763322431.999813
2,6,60,0,27,31,2323,0.04607246088113275,40134239.077598,5418893948.715619,26970750110.934265,1.0,1.0,1.0,13.812250166666667,7.349999999999998e-05,3808947707.797877
2,6,70,0,27,19,1191,0.05142051703466286,16687249.077712497,5189650161.560075,23589434958.214233,1.0,1.0,1.0,12.824233333333334,5.8666666666666665e-05,3408554546.3433814
2,6,80,0,27,0,0,0.040995336875701456,13050597.210867835,2459435256.4642167,17836667737.324905,1.0,1.0,1.0,9.989633,5.216666666666667e-05,2284689199.117295
2,6,90,0,27,0,0,0.04168813161300505,19021508.5771775,3324452123.102576,19413340723.967552,1.0,1.0,1.0,8.989007166666667,6.716666666666667e-05,2619539513.368275
2,6,100,0,27,0,0,0.03942790446566358,32678043.325634167,3148005641.1899314,19861573272.928383,1.0,1.0,1.0,7.3397565,5.95e-05,2638633053.2975593
2,6,110,0,22,0,0,0.03912083501570767,24041474.346474167,3389877402.617117,19335290998.053654,1.0,1.0,1.0,6.7963445,5.933333333333334e-05,2628333582.1467843
2,6,120,0,27,0,0,0.04595420841600529,18687310.017801333,2955853534.663976,13977261812.961409,1.0,1.0,1.0,7.061803333333334,0.0005923333333333334,2001977973.8730958
2,7,10,83,27,47,2219,0.05203450738343751,168734621.57325974,22802197235.205383,154711457147.82733,1.0,1.0,1.0,87.24140271428571,6.157142857142857e-05,20149699020.786797
2,7,20,85,27,45,1748,0.04900914768423553,96545822.22230099,10943936256.272074,64150066988.79701,1.0,1.0,1.0,42.233542285714286,6.157142857142856e-05,8671375843.085232
2,7,30,72,27,44,2478,0.05513097630205226,50019208.477395855,7480541239.19651,39108882430.57548,1.0,1.0,1.0,30.87677685714286,5.714285714285715e-05,5442009803.060641
2,7,40,79,27,55,3443,0.049439551509198335,59387863.32389643,5776901176.737505,38602163602.53866,1.0,1.0,1.0,21.56388771428571,6.1000000000000005e-05,5057168006.203115
2,7,50,0,27,0,0,0.05860777799422799,29327001.586896718,4303043763.164262,24243275089.07189,1.0,1.0,1.0,19.963424,6.957142857142856e-05,3305465075.807847
2,7,60,0,28,0,0,0.05382183348468661,38225824.548452854,4352972938.347488,23113616525.798496,1.0,1.0,1.0,15.041861142857144,6.485714285714286e-05,3208714251.752983
2,7,70,0,27,0,0,0.05264775095072751,36274947.38270972,3628480323.3509226,23207016377.66403,1.0,1.0,1.0,13.889313428571429,6.057142857142857e-05,3071790104.8801765
2,7,80,46,27,0,0,0.049509241526124334,39751876.003928564,3566507592.4736853,20982659077.996853,1.0,1.0,1.0,11.959945714285714,5.957142857142857e-05,2839393687.069149
2,7,90,0,27,0,0,0.050499292535903254,18098763.870807286,3150323571.707015,17720193057.852104,1.0,1.0,1.0,10.732959142857142,5.771428571428571e-05,2414753107.6842065
2,7,100,0,27,0,0,0.048294455612244894,17790586.872921,2396912922.658188,15541431342.588606,1.0,1.0,1.0,8.592553,6.085714285714287e-05,2045979091.6533031
2,7,110,0,0,0,0,0.04354745020195578,11852730.28754057,1540462081.6978457,12103308024.394684,1.0,1.0,1.0,7.694599428571429,5.7285714285714274e-05,1526720095.8932922
2,7,120,0,0,0,0,0.046260289205404384,10403436.790588573,1893833617.3465266,12768057924.034485,1.0,1.0,1.0,7.522794714285715,6.228571428571428e-05,1662854888.277881
2,8,10,85,27,50,1720,0.054513289600675675,90761429.932198,15550056385.383034,112844264210.3935,1.0,1.0,1.0,89.986927,6e-05,14457970311.12445
2,8,20,73,27,44,1913,0.05750308326177046,57548287.97338725,9214031839.665766,58817075020.67726,1.0,1.0,1.0,47.696474125,8.299999999999998e-05,7764797465.487057
2,8,30,86,27,49,2444,0.05668785007889902,70419508.45383587,6374873864.370415,39843860667.63439,1.0,1.0,1.0,31.595054125000004,5.7e-05,5308654358.69623
2,8,40,43,27,25,1797,0.061489470045828734,66851517.084253505,5663331988.194233,31133236573.605587,1.0,1.0,1.0,24.886762249999997,0.000462625,4292786008.9433155
2,8,50,100,27,39,2276,0.0577999909171124,32574886.925962504,3660985787.082968,26538071030.80487,1.0,1.0,1.0,19.454633,5.9625e-05,3408806596.690076
2,8,60,0,27,0,0,0.05747897761468855,32762674.586725745,4855498710.760719,25883727291.84526,1.0,1.0,1.0,17.05891475,7.599999999999999e-05,3582406269.1937184
2,8,70,45,27,29,1756,0.05339746721840803,24501182.116238,4208320513.2970924,24388614998.6811,1.0,1.0,1.0,14.611089499999999,6.1375e-05,3297676366.180946
2,8,80,0,27,0,0,0.052771703404017864,13035489.88972725,2934648114.05647,18085893537.4206,1.0,1.0,1.0,11.60273175,6.0750000000000006e-05,2404643768.584155
2,8,90,0,27,0,0,0.05556237661210318,17580431.82966913,3018026209.949213,16259791036.71875,1.0,1.0,1.0,11.10337175,6.2875e-05,2241890599.197717
2,8,100,0,27,0,0,0.05806217465277778,13781307.496030377,2226518555.285633,12392382476.931213,1.0,1.0,1.0,10.005804999999999,5.6750000000000004e-05,1694188829.9722636
2,8,110,0,27,0,0,0.05395402351810516,19078334.182108372,1855084401.89464,11936547821.476002,1.0,1.0,1.0,8.687595250000001,0.00044362499999999995,1578026458.0954368
2,8,120,0,27,0,0,0.049374057039517194,16045030.130424498,2310587735.602495,12868308312.520594,1.0,1.0,1.0,8.002112375000001,6.3e-05,1760179864.0545018
2,9,10,72,27,47,1672,0.06457348228411394,111265811.69016078,14274252291.736622,86877145291.15912,1.0,1.0,1.0,98.54569300000001,6.833333333333333e-05,11620450630.899574
2,9,20,96,27,44,2012,0.06971706353772318,81177484.9130279,7465050204.430972,38649009329.12616,1.0,1.0,1.0,52.17911266666667,8.28888888888889e-05,5414734987.86739
2,9,30,95,27,26,1545,0.06446595131063601,41298512.60531844,5217788503.562994,33983851765.109924,1.0,1.0,1.0,33.400664444444445,7.499999999999998e-05,4470851691.424135
2,9,40,50,27,40,1732,0.07057723746654582,34673743.421491,3538045347.851742,22328681401.15085,1.0,1.0,1.0,26.487097555555554,0.00023866666666666673,2964748715.1849313
2,9,50,49,27,19,1086,0.06655122720375047,17991205.384743333,3620997916.6254654,24674306875.737892,1.0,1.0,1.0,21.913052333333336,6.244444444444445e-05,3204224019.4418087
2,9,60,49,27,0,0,0.05684960455867435,14912390.756203668,3362019157.610125,20045478804.846634,1.0,1.0,1.0,16.424941555555556,6.633333333333334e-05,2687390313.9084973
2,9,70,0,27,0,0,0.06320217920150195,13165229.714485666,2850355254.834302,17877048872.821148,1.0,1.0,1.0,15.070104111111114,6.288888888888888e-05,2366991533.247397
2,9,80,0,27,0,0,0.06381374647266314,20453988.059081778,1536372115.3542826,12424655373.25338,1.0,1.0,1.0,12.565055666666666,6.01111111111111e-05,1564057697.0075538
2,9,90,0,27,0,0,0.06109995925282922,12054186.572854333,1984757827.131346,12953927972.336971,1.0,1.0,1.0,11.793603666666664,6.044444444444444e-05,1700782241.548209
2,9,100,0,0,0,0,0.059736599829144615,8505693.407669447,1970465714.901569,12622542547.724878,1.0,1.0,1.0,10.720256,0.0001451111111111111,1662301336.0404458
2,9,110,0,22,0,0,0.060687756558641975,6341790.438802223,1528775947.369132,9581970970.700787,1.0,1.0,1.0,9.779072888888887,7.055555555555554e-05,1268391496.80075
2,9,120,0,0,0,0,0.0633777899526014,15522458.306070218,1637468230.4463265,10040366047.9781,1.0,1.0,1.0,9.375463333333332,0.00020622222222222222,1342395930.3859456
2,10,10,81,27,50,2001,0.06839380197271785,72828366.9336324,13869967963.409225,86457717624.27957,1.0,1.0,1.0,101.6314046,6.34e-05,11470744773.948032
2,10,20,96,27,53,2239,0.06672692668958517,51629419.25116861,7607176660.822741,45810206714.05601,1.0,1.0,1.0,51.94897579999999,6.409999999999999e-05,6138596372.665094
2,10,30,73,27,39,3128,0.07543579948174223,52088793.1101162,4906083722.786566,27834912348.338554,1.0,1.0,1.0,36.314878199999995,0.00021250000000000002,3801169977.4133596
2,10,40,99,27,46,2306,0.06833747519679105,32825899.337141,4332766644.299044,26681133406.347084,1.0,1.0,1.0,26.045477800000004,9.389999999999998e-05,3557644686.0345573
2,10,50,49,27,27,1582,0.06737755836069023,21267658.992600497,3570917626.2183723,23440098842.33991,1.0,1.0,1.0,22.310934,6.0599999999999996e-05,3073080673.8352084
2,10,60,49,27,28,1402,0.0675651145775463,9043979.8861776,2404718104.252096,18390623488.746254,1.0,1.0,1.0,18.4722952,6.469999999999999e-05,2326336675.2142215
2,10,70,0,27,0,0,0.06808910525380292,19958904.911059,2867945756.009569,16509502703.294338,1.0,1.0,1.0,16.3840431,0.00039170000000000003,2238510583.5160193
2,10,80,0,27,0,0,0.07049151713293651,7077412.263458501,1767803351.8428206,11785327748.126183,1.0,1.0,1.0,14.706957499999998,8.490000000000002e-05,1537047569.5253215
2,10,90,0,27,0,0,0.06762240712842713,11764083.3083549,2309469141.0593295,9677046169.063232,1.0,1.0,1.0,12.414673699999998,6.539999999999999e-05,1437833249.0506597
2,10,100,0,0,0,0,0.06346300110036376,8427563.403044,1438435871.331276,8914417138.340351,1.0,1.0,1.0,10.896269700000001,6.28e-05,1185028134.6281915
2,10,110,0,22,0,0,0.06691433516865078,16035814.8202039,1113653833.0276496,6947266473.815378,1.0,1.0,1.0,10.851263399999999,6.49e-05,928682436.7004988
2,10,120,0,27,0,0,0.06544219512896825,9502966.8127819,914133708.300134,7615454056.985652,1.0,1.0,1.0,9.467824700000001,0.0002242,951024182.414929
2,11,10,91,27,50,1990,0.07735882909796586,87638335.70516373,11311834609.497877,76148332660.30988,1.0,1.0,1.0,107.0866452727273,6.627272727272726e-05,9938546561.451323
2,11,20,62,27,35,1427,0.07579464278515606,32490127.722814444,5878644550.025964,41611238063.855644,1.0,1.0,1.0,53.97037518181819,6.290909090909091e-05,5359595572.723844
2,11,30,46,27,42,2275,0.08414300268172482,25851560.712043725,3705256440.711032,23801287306.85674,1.0,1.0,1.0,37.52474327272727,6.072727272727273e-05,3139275948.9696536
2,11,40,81,27,32,1498,0.07770793618557369,42485184.085023545,3712217687.813237,21042741145.234756,1.0,1.0,1.0,29.081920090909083,6.881818181818183e-05,2876457154.8930874
2,11,50,100,27,30,1265,0.08134200079816017,43701600.81920119,2991246053.8142476,19368954400.649677,1.0,1.0,1.0,24.556316818181816,6.145454545454546e-05,2565735664.808832
2,11,60,0,27,0,0,0.07299592586129149,14930244.744718911,2267264727.248605,14095436891.195127,1.0,1.0,1.0,18.38782681818182,6.063636363636363e-05,1873447725.8226206
2,11,70,26,27,28,1141,0.07629009907106782,19829243.517052904,1994187595.6411784,12649830286.955244,1.0,1.0,1.0,17.271319909090906,0.00021763636363636362,1677700943.0180855
2,11,80,0,0,0,0,0.06935575422002765,18006103.66237282,2073531094.3872054,14200230683.989557,1.0,1.0,1.0,14.393466545454544,0.00019127272727272726,1847333496.947329
2,11,90,0,27,0,0,0.0694437060515873,15122970.890374728,1679904100.3438277,11533837823.971825,1.0,1.0,1.0,13.10135409090909,5.972727272727272e-05,1499950624.7531312
2,11,100,0,27,0,0,0.06930045942009379,5535254.60917091,1516668183.9009523,9576064600.83943,1.0,1.0,1.0,11.434640272727272,6.409090909090908e-05,1264814724.9213243
2,11,110,0,27,0,0,0.06807786919191919,13734124.482681183,1273153204.223249,8203191919.31641,1.0,1.0,1.0,10.942511363636363,6.081818181818181e-05,1084563671.8611076
2,11,120,0,22,0,0,0.06883100282738094,10321339.777971728,1629630232.6660497,9986734947.521807,1.0,1.0,1.0,10.670284181818182,7.145454545454543e-05,1331824432.2474418
2,12,10,87,27,53,2444,0.0856181133811424,79199127.12498176,10026205459.308277,69027436693.18005,1.0,1.0,1.0,110.86690974999999,6.291666666666667e-05,8963423672.439165
2,12,20,73,27,51,2300,0.08614025666042917,73015103.34903349,5103067131.970109,27965207812.42464,1.0,1.0,1.0,56.06584158333334,0.00019258333333333337,3868244537.896862
2,12,30,85,27,40,2003,0.0836061710318231,18388074.679224502,4173598274.617394,23136201478.35259,1.0,1.0,1.0833333333333333,38.78285325,5.6166666666666665e-05,3161211287.2593513
2,12,40,86,27,35,1658,0.08924046648322259,20249287.74310475,3186678422.191462,17528388264.9868,1.0,1.0,1.0,29.222102833333334,7.274999999999999e-05,2404348885.7017913
2,12,50,38,27,39,1364,0.07998162730366662,21524345.059988666,2303200846.3840523,16371954152.050446,1.0,1.0,1.0,23.15147466666667,6.216666666666666e-05,2112902525.4722383
2,12,60,0,27,0,0,0.08309442083615169,14788733.586415417,1959771445.0567532,12434432698.077261,1.0,1.0,1.0,19.989416666666667,6.141666666666666e-05,1645749585.3748121
2,12,70,41,27,0,0,0.07744995793030755,11137025.241729498,1602169159.3755589,11056851808.940725,1.0,1.0,1.0,17.72646291666667,0.0002190833333333334,1433914853.2136629
2,12,80,0,27,0,0,0.0865487734023644,24770574.37004034,1146972202.6715128,7415278135.975881,1.0,1.0,1.0,15.629039499999998,6.133333333333334e-05,988261587.9857855
2,12,90,0,27,0,0,0.07895755169064154,9917023.736904,1285803832.277458,7961166303.675407,1.0,1.0,1.0,14.448626083333332,5.874999999999999e-05,1060219250.3095204
2,12,100,0,22,0,0,0.08080433102678572,11178259.36164325,1023517879.3695184,7608507966.960204,1.0,1.0,1.0,12.466513083333332,0.00014141666666666667,973379099.5164601
2,12,110,0,22,0,0,0.07274419854083995,7412622.7794240005,1397112063.0817347,8597549052.348112,1.0,1.0,1.0,10.813352000000002,5.8333333333333326e-05,1144366106.2990906
2,12,120,0,27,0,0,0.0703645619212963,8537740.082976334,1226833421.8830545,8447946070.148277,1.0,1.0,1.0,10.397028166666667,6.358333333333332e-05,1096137663.7420275
2,13,10,88,27,53,2281,0.0900098937512357,78081371.66618337,10130783750.440392,64313319660.155304,1.0,1.0,1.0,113.32371800000001,5.638461538461538e-05,8512145187.977706
2,13,20,74,27,47,2337,0.08989558480169284,50889781.064358465,6328806199.330588,29325839196.793766,1.0,1.1538461538461537,1.1538461538461537,57.28150769230769,0.0001103846153846154,4233967758.933434
2,13,30,28,27,52,2573,0.09322778480035589,47862330.659971915,3678066557.9731097,19903124319.983913,1.0,1.0,1.0,40.03164638461538,0.00014715384615384615,2759429201.9182816
2,13,40,60,27,55,2505,0.08772882917354637,15387816.135553153,2571098088.3890734,17904547036.239834,1.0,1.0,1.0,30.236440153846154,6.884615384615385e-05,2315445661.579697
2,13,50,96,27,43,2014,0.08726443980018825,26452815.254204232,2833277750.714069,16918846493.524824,1.0,1.0,1.0,24.248627384615386,0.00032599999999999996,2277057064.9027405
2,13,60,46,27,25,563,0.08434883165445665,6967627.953794384,1082721366.1275866,8005550161.586298,1.0,1.0,1.0,19.672362692307694,6.215384615384614e-05,1021976543.3603765
2,13,70,0,27,0,0,0.08822828294032356,20997402.79982016,1926526205.302626,8135602702.778419,1.0,1.0,1.0,17.869527769230768,5.715384615384616e-05,1213563615.459026
2,13,80,0,22,0,0,0.07901158897664835,11316727.354054691,1302169557.3441043,10110355151.462101,1.0,1.0,1.0,15.18632430769231,0.00015669230769230772,1279391069.461001
2,13,90,0,27,0,0,0.08934965355235043,12393641.641995383,1077087804.93687,6020575565.956501,1.0,1.0,1.0,14.423395230769229,0.00012984615384615384,826150603.7112631
2,13,100,0,27,0,0,0.09055102086004273,9458108.404304076,1182451846.4684165,7113439447.432908,1.0,1.0,1.0,13.138382076923078,7.09230769230769e-05,954454932.4246392
2,13,110,0,27,0,0,0.08150007261332418,13792608.11380892,1307875518.2255197,6119008477.495381,1.0,1.0,1.0,12.781197000000002,6.838461538461536e-05,883130721.1148671
2,13,120,0,27,0,0,0.08376974437576311,11608215.341237614,1124358537.4853408,8172683213.054064,1.0,1.0,1.0,11.299280846153845,5.823076923076922e-05,1050265729.9541831
2,14,10,81,27,54,2277,0.09625334272882125,69432856.84311093,8342666405.845963,52333216438.89634,1.0,1.0,1.0,114.72935714285715,7.028571428571427e-05,6950457430.5124655
2,14,20,78,27,60,2634,0.0916630202098895,23533737.912701428,4872527649.974242,26926571739.88099,1.0,1.0,1.0,57.362381428571425,5.914285714285715e-05,3683636072.863345
2,14,30,66,27,56,2688,0.09432370785313396,26600238.237319715,2983229148.0714726,18380422957.64432,1.0,1.0,1.0,39.18433992857143,0.00010064285714285713,2453308122.6517563
2,14,40,100,27,38,1562,0.10226820721055153,32729208.063277785,2682294899.67748,13883403472.997381,1.0,1.0,1.0,32.26439128571429,7.842857142857143e-05,1947709633.1423092
2,14,50,0,27,0,0,0.09192693809641912,11893972.367761359,1812315403.9902213,10950366888.712332,1.0,1.0,1.0,24.594564285714284,6.1e-05,1465825443.5698218
2,14,60,43,27,29,1014,0.0885450209242725,4572356.097039144,1499387036.9558928,10931561340.976648,1.0,1.0,1.0,20.23929764285714,5.642857142857142e-05,1396234102.7275484
2,14,70,50,27,0,0,0.08979678285147392,14488987.347514499,1192864251.744934,9173804328.884993,1.0,1.0,1.0,19.461528142857144,0.00010735714285714287,1166095489.6957135
2,14,80,0,27,0,0,0.0796147162202381,3260407.1011985005,996080617.8135556,7302628538.99006,1.0,1.0,1.0,15.170884928571427,7.742857142857143e-05,931761196.197418
2,14,90,0,27,0,0,0.09315749843572844,13954350.927337216,1701261599.8479984,10508124388.298262,1.0,1.0,1.0,15.454514714285713,0.0001657857142857143,1400832736.9934354
2,14,100,0,27,0,0,0.08723378854166666,9190757.365535785,1209438631.0067124,6701180313.136518,1.0,1.0,1.0714285714285714,12.393775,0.00016507142857142854,918439233.369784
2,14,110,0,27,0,0,0.08663975218253969,7637855.9463397125,897160313.6148846,7561040838.234034,1.0,1.0,1.0,12.4950985,0.00011800000000000001,940882590.9793873
2,14,120,0,22,0,0,0.08123933449900796,4879607.172691286,1065566468.742458,7432869942.334331,1.0,1.0,1.0,11.689012428571429,6.478571428571429e-05,959815961.7397764
2,15,10,70,27,50,2081,0.10387953251850934,48787878.157753386,8559524212.677246,48362539512.99265,1.0,1.0,1.0,117.49574600000001,5.799999999999999e-05,6582309802.313186
2,15,20,99,27,52,2850,0.09934320067151385,29575748.756024066,3620041162.4335413,27461845574.202675,1.0,1.0,1.0,58.331663266666666,6.78e-05,3490895562.2097487
2,15,30,70,27,48,2399,0.10088668423387573,45765336.6653762,3695840779.3667245,21357543602.16571,1.0,1.0,1.0,40.3022452,0.0001252,2906958077.455487
2,15,40,34,27,43,1206,0.09694881201068223,11777569.675471203,1941223393.728176,14558713104.935179,1.0,1.0,1.0,31.077765133333333,0.0001716666666666667,1852360153.376855
2,15,50,50,27,0,0,0.10829906901580287,13372381.931200735,2169382005.941897,10481150186.26722,1.0666666666666667,1.0666666666666667,1.0666666666666667,25.55202446666667,6.486666666666667e-05,1491351976.2262912
2,15,60,0,27,0,0,0.09365085340112432,24111017.474387933,2004767361.5454552,13051534018.524942,1.0,1.0,1.0,21.450700666666666,0.00010626666666666666,1722984493.1551871
2,15,70,0,27,0,0,0.0922295804100529,9048278.449603401,1011123666.9705118,8695559073.745577,1.0,1.0,1.0,19.087995533333334,7.3e-05,1078114352.6046875
2,15,80,0,27,0,0,0.09579939695767195,6660295.8222538,817249172.1647271,6697859307.367831,1.0,1.0,1.0,16.951174266666666,0.00011279999999999999,837897898.354772
2,15,90,0,27,0,0,0.09056700653604498,7261427.007458531,1098326714.9718766,8848279589.56529,1.0,1.0,1.0,15.097386866666666,6.366666666666666e-05,1109576234.937088
2,15,100,0,22,0,0,0.09058843974537038,10894196.145723669,1321979151.1620631,6812758249.108143,1.0,1.0,1.0,12.651790466666666,5.7199999999999994e-05,953297537.0422887
2,15,110,0,27,0,0,0.09192612486111111,7877577.0550254,1158194611.4443464,7635336309.2508545,1.0,1.0,1.0,12.877589,5.646666666666666e-05,1000686800.7785969
2,15,120,0,22,0,0,0.09989498877314815,10755655.581251733,1129522819.7418318,5978971751.113835,1.0,1.0,1.0,10.798388533333334,0.00017486666666666667,831330650.5328037
2,16,10,90,27,54,2235,0.10819248101900682,41625836.78191106,8017194080.6089735,44339460872.38817,1.0,1.0,1.0,118.48378275,6.799999999999999e-05,6066522478.627392
2,16,20,77,27,49,2204,0.11015848062875297,22513397.020711124,4178404520.015121,24568922109.467392,1.0,1.0,1.0,61.151659375,7.26875e-05,3308332228.9118133
2,16,30,76,27,51,2450,0.10918047084515779,18973957.477363374,3067453196.65391,19513411794.79084,1.0,1.0,1.0,41.949924375,7.768750000000001e-05,2578113407.6590114
2,16,40,50,27,46,1826,0.10250659124236222,16262494.81459719,2601149571.7264724,14929254091.563643,1.0,1.0,1.0,31.6197850625,5.8812500000000007e-05,2024538932.906549
2,16,50,36,27,41,1245,0.0978367131283069,8761159.69451525,1583368606.408829,9741576309.746693,1.0,1.0,1.0,25.5276276875,6.956249999999999e-05,1296964053.2734976
2,16,60,0,27,22,822,0.09732487299262153,20847603.743552063,1431078400.4479113,11407798161.736698,1.0,1.0,1.0,21.549801812500004,0.0002651249999999999,1441588725.2184505
2,16,70,0,0,0,0,0.10050654577442956,26409819.289111998,1770116288.538584,9219897227.089785,1.0,1.0,1.0,19.104342437499998,6.937499999999999e-05,1294499770.7701032
2,16,80,0,27,0,0,0.09734516162264384,2474830.110580375,895131775.4386709,5745821968.617197,1.0,1.0,1.0,15.6487703125,6.85625e-05,755340864.7368532
2,16,90,0,27,0,0,0.1025357662217882,6346168.885921188,903897381.1539829,6692647033.333906,1.0,1.0,1.0,14.187638625000002,0.00020118749999999998,854486435.7766207
2,16,100,0,0,0,0,0.10075954522879466,3911502.243106063,881392931.579239,5309686342.418152,1.0,1.0,1.0,12.869425687499998,7.337500000000001e-05,709985215.7889915
2,16,110,0,28,0,0,0.11027872799479167,10928767.859187374,927103925.575417,4505823150.403201,1.0,1.0,1.0,12.852121750000002,6.85e-05,643653181.3924167
2,16,120,0,27,0,0,0.08910522706163194,5360151.698100562,682125280.9292632,6896198816.009554,1.0,1.0,1.0,11.711154437500001,0.00021749999999999997,829796992.616579
2,17,10,99,27,57,2211,0.10937416156271672,62547711.15729412,6960627646.947189,44668912663.16305,1.0,1.0,1.0,119.184438,0.00033252941176470586,5902799680.021337
2,17,20,80,27,58,3008,0.11074526319700109,35792831.89925558,3823128991.903293,27880592666.247765,1.0,1.0,1.0,61.40770552941177,7.117647058823529e-05,3577739782.2814736
2,17,30,100,27,41,1644,0.12381386983348894,21737107.18864835,2733960289.341148,14114057264.936497,1.0,1.0,1.0,43.32816164705883,7.082352941176471e-05,1973413572.0825334
2,17,40,49,27,26,1100,0.1116870925475532,25336309.70421753,2563917006.223746,13746493298.744455,1.0,1.0,1.0,32.1618645882353,6.0117647058823535e-05,1905168008.615871
2,17,50,99,27,24,828,0.09981319324570107,9854941.957746,1542012667.219627,11185075442.722767,1.0,1.0,1.0,24.723394352941174,6.311764705882353e-05,1433808429.7757573
2,17,60,0,27,0,0,0.10772970367647058,5692774.080898883,1191171695.4294064,8507247654.717867,1.0,1.0,1.0,22.916620529411766,6.652941176470585e-05,1092943946.8725424
2,17,70,0,27,0,0,0.0975472653988679,9802420.507784648,1135052391.912158,7648968399.711676,1.0,1.0,1.0,19.19654564705882,5.876470588235294e-05,998768929.1636496
2,17,80,0,27,0,0,0.11807042975023344,9478233.58576947,1090936406.0623133,6133387305.42566,1.0,1.0,1.0,17.991857764705884,6.258823529411764e-05,838160696.8998097
2,17,90,0,27,0,0,0.10103986505310456,5036588.884004529,854278731.2223037,5223501570.61279,1.0,1.0,1.0,15.126491647058826,0.00013011764705882356,696731449.4800693
2,17,100,0,0,0,0,0.10455299495506538,2808165.5890301177,717681828.3350296,5145657154.366429,1.0,1.0,1.0,12.652512470588235,8.458823529411764e-05,660067741.6098027
2,17,110,0,27,0,0,0.09406115387780113,17783719.806478705,844072124.4834814,6462102705.607616,1.0,1.0,1.0,12.793765705882354,7.288235294117646e-05,827473243.3084873
2,17,120,0,23,0,0,0.10251548602941178,6319422.380051882,791272853.6495038,4570759567.624304,1.0,1.0,1.0,12.757953117647059,6.694117647058823e-05,619754067.2988813
2,18,10,80,27,54,2195,0.11541927524377354,42279051.04438611,6769403806.66438,40990751074.56271,1.1111111111111112,1.2222222222222223,1.2222222222222223,121.02663327777776,5.972222222222222e-05,5482550682.960995
2,18,20,89,27,53,2389,0.11593442754628712,30120952.860792883,4263498272.6589713,22824083105.820274,1.0,1.0,1.0,61.615942000000004,6.93888888888889e-05,3156192366.1675267
2,18,30,98,27,47,1598,0.11659160975704462,9594648.902607165,1555111473.7946897,11460533822.963345,1.0,1.0,1.0,42.42990222222223,5.533333333333333e-05,1463791747.8382797
2,18,40,59,27,52,1947,0.12462973105663948,20637878.187779717,1720246316.9702826,9737280422.372757,1.0,1.0,1.0,33.81635,6.605555555555556e-05,1332223673.952189
2,18,50,45,27,0,0,0.10831347671268737,3573598.0789366663,1264510767.2910006,8526801118.759014,1.0,1.0,1.0,26.258731499999996,0.0001567222222222222,1108083670.0761378
2,18,60,49,27,29,1060,0.11422938301366845,14478206.488515444,1634376273.025765,9179166237.13697,1.0,1.0,1.0,22.834520222222224,0.00027283333333333326,1254926523.6712008
2,18,70,46,27,0,0,0.10444757402584877,6152535.959253279,916489370.1063808,8842137745.346506,1.0,1.0,1.0,20.396060777777777,0.00013094444444444446,1071818335.02378
2,18,80,0,27,0,0,0.10908600182153878,2305628.764125055,930128771.4211775,5936194723.295703,1.0,1.0,1.0,17.253582555555557,6.966666666666666e-05,781259091.5579888
2,18,90,0,27,0,0,0.11532175808256175,3719742.119831389,857009709.5874716,5628489993.092063,1.0,1.0,1.0,15.98091077777778,0.00015444444444444452,736854690.992002
2,18,100,0,27,0,0,0.10892521002535273,4979477.5577815,886846027.8151482,6258940886.807693,1.0,1.0,1.0,14.969294555555555,5.694444444444445e-05,806748863.1660343
2,18,110,0,23,0,0,0.10822498641975307,10859946.91386778,675384239.4600242,4846538709.584241,1.0,1.0,1.0,13.595199833333332,0.00012422222222222224,627332622.2302431
2,18,120,0,27,0,0,0.11479771306492499,6753002.843317999,817449489.5886061,4650572552.743365,1.0,1.0,1.0,13.208217555555557,0.0001581111111111111,633274197.386365
2,19,10,95,27,58,2382,0.12161356312475627,54433016.843153276,6998995872.469468,41655158437.072205,1.0,1.0,1.0,122.21116389473684,6.4e-05,5603417603.483041
2,19,20,99,27,47,2599,0.12681826089556,13890870.904605526,2550397780.3330603,17599952880.5265,1.0,1.0,1.0,62.330203421052616,0.000246736842105263,2279798184.73155
2,19,30,100,27,49,2505,0.12177317534279194,13325238.668270683,2596417737.9559383,14780381638.046982,1.0,1.0,1.0,42.77198194736842,0.00020126315789473684,2006649193.5432875
2,19,40,39,27,30,1260,0.1233204153579577,7681289.469951318,1883845851.9480026,11228140165.762209,1.0,1.0,1.0,32.8317182631579,7.136842105263156e-05,1504959947.418092
2,19,50,50,27,0,0,0.1161484370809837,15813987.506059106,1458502212.1676602,7619724783.87373,1.0,1.0,1.0,26.282173526315784,0.00021321052631578948,1064742598.0608834
2,19,60,0,27,0,0,0.11973611986998745,7592561.50769221,1499047756.4163861,7041969489.690041,1.0,1.0,1.0,22.84666836842105,0.00028384210526315786,1009321194.0657716
2,19,70,0,27,0,0,0.12275089583333335,8179269.921437632,1070554762.7901605,6489808875.14767,1.0526315789473684,1.0526315789473684,1.0526315789473684,20.95320452631579,0.00014173684210526315,868817237.8657848
2,19,80,0,27,0,0,0.11599966054459064,1821254.425489421,611509142.075295,5155538084.681786,1.0,1.0,1.0,17.242507736842107,0.00014784210526315794,639130439.837661
2,19,90,0,27,0,0,0.12474184230628653,12458627.711764317,1062176662.7656819,5402695955.10582,1.0,1.0,1.0,16.987471263157897,0.0001738421052631579,761425893.4150796
2,19,100,0,27,0,0,0.12125224459064327,1810884.059692737,514988162.0965058,4248915863.167242,1.0,1.0,1.0,13.96422294736842,0.0001560526315789474,529156776.5309806
2,19,110,0,27,0,0,0.11679471714007239,1732392.9852365789,811741165.5604081,5196706749.811202,1.0,1.0,1.0,12.843544736842105,0.0001686842105263158,683231526.9548998
2,19,120,0,0,0,0,0.11050244300073099,4430919.6709137885,910285484.1558409,5104241623.447617,1.0,1.0,1.0,13.811319684210526,9.236842105263157e-05,695582842.5564977
2,20,10,88,27,55,2231,0.12951693700804445,31913822.9320363,5562085768.981003,33885140162.89801,1.0,1.0,1.0,124.14192545,6.004999999999999e-05,4523270311.327889
2,20,20,99,27,56,3269,0.13527561463692556,15692645.860211749,2468674493.5467005,13041236645.410505,1.0,1.0,1.0,64.2895312,0.00013505,1808843137.9069743
2,20,30,63,27,49,2336,0.13269643262785535,6185490.270881901,1487466880.055222,9780002948.584948,1.0,1.0,1.0,43.86223464999999,0.00014370000000000002,1279823324.4509296
2,20,40,75,27,41,1438,0.12471677627934855,12251631.748440553,1111174513.9152527,10187518470.796124,1.0,1.0,1.0,33.01753384999999,5.949999999999998e-05,1249562749.1109195
2,20,50,32,27,29,862,0.12323507548115079,4729167.626695251,1056462067.4910581,6803333447.817822,1.0,1.0,1.0,27.4287825,0.0001569,894936056.6742411
2,20,60,0,27,28,1203,0.12434383928323411,4595504.032206548,978160358.4451736,7459675281.546837,1.0,1.0,1.0,22.355393750000008,0.00015260000000000002,944816355.5374138
2,20,70,0,27,0,0,0.12176379482638888,9911823.0616714,1187007751.0994303,7698616885.184347,1.0,1.0,1.0,20.48903085,0.00014585,1014201425.778031
2,20,80,0,27,0,0,0.11359123626736112,10303441.9432798,856716452.2611777,5278313460.775383,1.0,1.0,1.0,18.366660149999998,8.71e-05,706386965.9130566
2,20,90,0,0,0,0,0.11192106041666665,9626088.3726581,856777615.6403631,6472867277.452944,1.0,1.0,1.0,16.05133265,5.7950000000000006e-05,825380442.713248
2,20,100,0,27,0,0,0.12469992094742062,6899164.79075145,1017377894.3431021,4842644252.551989,1.0,1.0,1.0,15.03154515,0.0001562,692569353.8410296
2,20,110,0,0,0,0,0.11680260855902777,1946216.88523375,547984273.9473944,3508064111.7104807,1.0,1.0,1.0,14.21181085,0.0001435,461765555.6687868
2,20,120,0,27,0,0,0.11769705109374999,7724336.838267,956539031.3634913,5019785304.363796,1.0,1.0,1.0,12.67804825,7.914999999999999e-05,698693316.979917
3,1,10,30,27,15,770,0.01027088424744898,2050758746.061364,128467596287.91261,771048039623.4069,1.0,1.0,1.0,0.0,5.5e-05,104233854341.16592
3,1,20,25,27,14,747,0.009839430208333333,894389971.064128,62246287631.735664,407505208696.4699,1.0,1.0,1.0,0.0,5.7e-05,53825851374.73877
3,1,30,21,27,12,402,0.009346774154589373,399850050.532665,26518378291.455433,176917727107.61972,1.0,1.0,1.0,0.0,6.1e-05,23275343403.42566
3,1,40,19,27,9,462,0.009988980800653595,446172516.190995,32183346080.426342,197564219959.85242,1.0,1.0,1.0,0.0,5.5e-05,26505411972.403973
3,1,50,10,27,9,355,0.009471765873015873,382833859.017269,26715237629.860363,157241001612.77637,1.0,1.0,1.0,0.0,5.5e-05,21335131387.56156
3,1,60,0,27,0,0,0.009110913194444445,169988449.940843,13792458400.158566,88345763885.1986,1.0,1.0,1.0,0.0,6.2e-05,11712059982.509897
3,1,70,0,27,7,263,0.008611161616161617,233253921.994012,14392040467.396128,86438917513.29602,1.0,1.0,1.0,0.0,5.6e-05,11685577589.204395
3,1,80,0,27,0,0,0.010402220238095238,237458459.106385,17301677170.409443,99386368057.40837,1.0,1.0,1.0,0.0,5.6e-05,13565193160.196957
3,1,90,0,27,0,0,0.0094498125,377061965.43429303,17313454766.34051,91224589307.28062,1.0,1.0,1.0,0.0,5.5e-05,12849093258.799934
3,1,100,0,27,0,0,0.009017360795454545,160816706.651365,9395894260.303875,58383072674.80989,1.0,1.0,1.0,0.0,6e-05,7830057813.197462
3,1,110,0,27,0,0,0.00817415625,120489697.019703,9950341916.295904,62705342812.35719,1.0,1.0,1.0,0.0,5.8e-05,8344945451.408443
3,1,120,0,0,0,0,0.009809364583333334,224231541.99208698,11940690177.328619,65176080970.74316,1.0,1.0,1.0,0.0,5.5e-05,9062708210.934265
3,2,10,47,27,28,1249,0.012611146137311763,1305490408.399795,107576596840.16745,665116152051.2654,1.0,1.0,1.0,0.0,5.55e-05,88940777858.03964
3,2,20,45,27,25,1034,0.012958583333333334,640903057.831806,51359816604.684845,318173558565.12506,1.0,1.0,1.0,0.0,5.7e-05,42537951316.931496
3,2,30,39,27,18,540,0.012331692349227019,325610849.5077635,26290464809.65213,164546689277.5888,1.0,1.0,1.0,0.0,6.05e-05,21940689483.344482
3,2,40,29,27,26,916,0.01252286892361111,301826785.6394195,30231136774.87903,187159816909.49,1.0,1.0,1.0,0.0,5.6e-05,24973487794.87216
3,2,50,30,27,17,702,0.012591828525641023,208612064.2626825,19366233842.242695,122226417936.67514,1.0,1.0,1.0,0.0,5.55e-05,16241917006.099691
3,2,60,0,27,15,575,0.012522792278251264,194077043.2739275,16590294278.987608,98922120323.69643,1.0,1.0,1.0,0.0,5.75e-05,13346124817.458668
3,2,70,0,27,0,0,0.012210264727011495,256861621.0289045,17232011518.292297,98571534615.09396,1.0,1.0,1.0,0.0,5.9499999999999996e-05,13483358898.887835
3,2,80,32,27,0,0,0.013411097725694446,191173106.58105248,15263128505.768347,82909130784.89539,1.0,1.0,1.0,0.0420645,5.5e-05,11477359953.06883
3,2,90,0,27,0,0,0.014315730587121211,136940735.3939035,12258983368.286106,65389137595.13846,1.0,1.0,1.0,0.0,5.55e-05,9086568946.94656
3,2,100,0,27,0,0,0.013622308360745615,153452548.1481455,12206929593.979391,62442908292.096985,1.0,1.0,1.0,0.0,5.9499999999999996e-05,8793093530.709023
3,2,110,0,27,0,0,0.01248518009868421,120550995.79376549,9593792548.444157,63570342601.60559,1.0,1.0,1.0,0.0,5.55e-05,8360178465.904788
3,2,120,0,27,0,0,0.014255845196759258,220672059.49639347,9921770305.90945,50986035802.0213,1.0,1.0,1.0,0.0090005,5.6000000000000006e-05,7237428081.992553
3,3,10,55,27,36,1737,0.017573365964873303,1079894641.4399688,106749836976.09016,633977547153.2323,1.0,1.0,1.0,0.24147333333333335,5.566666666666667e-05,85503648357.51065
3,3,20,64,27,34,1504,0.017945208534468158,367176399.7268824,45491414748.84598,287032937231.17334,1.0,1.0,1.0,0.319461,5.633333333333334e-05,38058600150.32143
3,3,30,57,27,36,1320,0.016738024087734064,300738943.21659535,31626391410.457947,195031303173.39658,1.0,1.0,1.0,0.10019099999999999,5.766666666666667e-05,26038925858.251797
3,3,40,41,27,33,1485,0.016608164868784987,223652731.23455897,26657957833.406178,159727047144.01038,1.0,1.0,1.0,0.5509529999999999,5.633333333333334e-05,21460853189.57713
3,3,50,31,28,21,803,0.016259468796685342,183569824.10397664,18769933752.68767,106150268294.76465,1.0,1.0,1.0,0.0,5.833333333333333e-05,14497512455.886536
3,3,60,0,27,0,0,0.015709892861409797,240899643.98987237,19982306357.65804,105177788823.62085,1.0,1.0,1.0,0.0,5.5333333333333334e-05,14682869903.686369
3,3,70,0,27,0,0,0.017039118055555556,232354851.26772568,13606468658.723139,74273156165.36244,1.0,1.0,1.0,0.0,5.633333333333334e-05,10311257743.16804
3,3,80,0,27,0,0,0.015227929876207727,135957728.88018733,13567823850.822866,75646162090.33334,1.0,1.0,1.0,0.009598,5.9000000000000004e-05,10373351388.372515
3,3,90,0,24,0,0,0.01723443346212754,192573206.19280335,10465724018.585632,60799108379.90443,1.0,1.0,1.0,0.10197200000000001,5.933333333333333e-05,8307856884.603798
3,3,100,0,27,0,0,0.01735860101216413,68495978.677397,11349986935.088905,60769781859.39535,1.0,1.0,1.0,0.047503666666666666,5.7333333333333336e-05,8394922756.826981
3,3,110,0,28,0,0,0.014699216008771929,68446545.75060067,8653653511.307203,56624016791.61689,1.0,1.0,1.0,0.0,5.833333333333333e-05,7441044962.4483
3,3,120,0,20,0,0,0.02002979365079365,83659558.90205534,6485071796.028526,39333419293.544304,1.0,1.0,1.0,0.27568733333333334,5.8666666666666665e-05,5288917977.605867
3,4,10,71,27,43,1710,0.021584972532315193,640158824.4037745,73596826298.17126,457627668382.2354,1.0,1.0,1.0,9.760914,5.8250000000000006e-05,60930243231.96826
3,4,20,79,28,42,1740,0.022196077292459843,366588754.03671354,37669426708.783714,236487903064.70718,1.0,1.0,1.0,5.8882045000000005,5.7e-05,31439287749.733635
3,4,30,62,27,36,1198,0.021125526233959843,203657626.28147,23014836168.95916,129142386069.99084,1.0,1.0,1.0,3.3738560000000004,5.7e-05,17659766163.680122
3,4,40,55,27,32,1120,0.019708846816421963,140113215.46104002,17375872212.749092,97596756327.88007,1.0,1.0,1.0,0.89534075,5.775e-05,13332929321.31034
3,4,50,44,28,42,1851,0.022502107854577173,175238353.13639152,14461071227.946812,82591648852.17213,1.0,1.0,1.0,5.06203525,5.875e-05,11274045955.235046
3,4,60,30,27,18,767,0.021561865878623188,171365659.9891985,12695367066.003065,69448426256.62016,1.0,1.0,1.0,1.8703112499999999,5.7e-05,9603871991.812485
3,4,70,22,27,20,686,0.022408750253817417,109208532.95103776,10093743713.525307,56979907052.34031,1.0,1.0,1.0,2.8646845,5.75e-05,7793185407.686428
3,4,80,0,27,0,0,0.018311578546626985,125747889.27364925,10382231561.176239,62708224297.11021,1.0,1.0,1.0,0.57897775,5.6250000000000005e-05,8435292260.947977
3,4,90,0,27,0,0,0.026437665531517093,91447299.7684495,7071876227.472945,39939165790.30428,1.0,1.0,1.0,4.039672,5.75e-05,5472304915.992096
3,4,100,0,22,0,0,0.024712186969302396,101130071.32268324,9280800472.032835,43896285077.38989,1.0,1.0,1.0,2.3491237500000004,5.9499999999999996e-05,6316579640.969947
3,4,110,0,27,0,0,0.024798429395517678,76507126.14004901,8276878542.281301,42684514627.488464,1.0,1.0,1.0,2.609635,5.6250000000000005e-05,5977382147.281469
3,4,120,0,27,0,0,0.021871563293650795,51454347.88094475,4381772726.337991,33329549599.037933,1.0,1.0,1.0,0.6525147499999999,5.8e-05,4245327544.8819904
3,5,10,62,27,47,2150,0.026694387948647667,572309512.5953523,65282207369.281876,407340980801.9734,1.0,1.0,1.0,32.7408192,5.66e-05,54191156071.0847
3,5,20,61,27,41,1600,0.02563674530666853,302666908.1414476,29719582567.111988,186132105953.43854,1.0,1.0,1.0,14.647533200000002,5.5400000000000005e-05,24768993880.48063
3,5,30,53,28,42,1620,0.02653273442953231,98727062.3642488,16115776264.177145,106211560335.12688,1.0,1.0,1.0,10.589116200000001,5.58e-05,13913420183.469654
3,5,40,50,27,42,1872,0.02360232982486491,111876088.19224699,15248572254.910105,89983582449.73003,1.0,1.0,1.0,5.6349042,5.5599999999999996e-05,12126385932.45927
3,5,50,38,27,13,449,0.02623635006427959,120144104.9044654,12110768408.22663,67687423175.575905,1.0,1.0,1.0,6.243882599999999,5.6999999999999996e-05,9274996844.787104
3,5,60,40,27,23,815,0.024523213631102693,90598300.0922108,10596865300.886436,62615255211.882545,1.0,1.0,1.0,4.4260986,5.6999999999999996e-05,8444317371.397621
3,5,70,0,27,0,0,0.023019675960735172,89000441.6732492,9543747170.023195,59948920860.60643,1.0,1.0,1.0,3.2287452,5.7600000000000004e-05,7965941814.352705
3,5,80,0,27,0,0,0.028670402338217337,97861922.3713772,6613893121.943355,40657611098.228615,1.0,1.0,1.0,5.7625744,5.7600000000000004e-05,5457043054.09218
3,5,90,0,22,0,0,0.02874317952648046,80163847.2361426,7308324016.907614,39237402230.190094,1.0,1.0,1.0,4.539899200000001,5.7400000000000006e-05,5441519698.944019
3,5,100,0,22,0,0,0.027390701838092463,34626814.7876734,6098118769.983765,33292786214.454884,1.0,1.0,1.0,3.7845984,5.62e-05,4573141128.519597
3,5,110,0,27,0,0,0.023748610642135643,60369970.1585448,5765763048.032061,37699824587.35445,1.0,1.0,1.0,2.4823274,5.64e-05,4965394035.778588
3,5,120,0,27,0,0,0.02783574416245791,56247811.1269968,5795854636.491334,28030248411.94471,1.0,1.0,1.0,2.7558504,5.8399999999999997e-05,4001569223.4312277
3,6,10,71,27,48,2236,0.03112922033872789,472337396.49055815,51946785991.64109,329491518483.28815,1.0,1.0,1.0,48.224776999999996,6.149999999999999e-05,43669145015.833626
3,6,20,66,27,37,1743,0.0318101995144367,182401406.71158633,24959617260.081463,150354293309.18173,1.0,1.0,1.0,25.538241333333332,6.933333333333334e-05,20155033656.81784
3,6,30,72,28,41,1620,0.03072459834467205,149584398.22971484,16448130467.261847,95698564402.03224,1.0,1.0,1.0,15.978507500000001,6.233333333333334e-05,12964191542.708548
3,6,40,36,27,26,1082,0.030363376634007715,83853119.34864417,11767276889.995466,72274415668.80797,1.0,1.0,1.0,12.064432333333334,5.65e-05,9639594075.54664
3,6,50,43,28,44,2366,0.030811283691172375,100827843.58590217,10427155998.206947,58372515692.48181,1.0,1.0,1.0,9.991578666666667,6.116666666666667e-05,7993262215.435653
3,6,60,0,28,31,1455,0.03168003288418956,72352962.00518866,6979076907.819382,44301610462.064316,1.0,1.0,1.0,8.6910115,5.933333333333333e-05,5876623462.802335
3,6,70,0,27,0,0,0.029540043356728052,81696977.479506,7604181841.340051,45466565689.930534,1.0,1.0,1.0,6.139889833333332,5.7166666666666676e-05,6124680794.094945
3,6,80,0,27,0,0,0.032364194418891296,68421746.54590385,6560193714.8275385,37979128167.186226,1.0,1.0,1.0,6.802021999999998,6.316666666666668e-05,5157846752.017297
3,6,90,0,27,0,0,0.03505056999684344,27114120.577759165,3817350130.7182937,20945862804.702724,1.0,1.0,1.0,7.021146000000001,6.883333333333333e-05,2877036159.827139
3,6,100,0,27,0,0,0.03040512978098291,33091410.239717167,5671148739.182137,34848540718.144745,1.0,1.0,1.0,4.857425,6.549999999999999e-05,4642247784.931495
3,6,110,0,27,0,0,0.026618219389079285,32026460.626790002,4614780122.053835,29649897727.75015,1.0,1.0,1.0,3.281881333333333,6.933333333333333e-05,3910364304.5121474
3,6,120,0,22,0,0,0.03170234323361823,24476782.37548216,3847904908.9289913,28501033623.11641,1.0,1.0,1.0,4.374048166666667,5.7666666666666675e-05,3636818071.9516225
3,7,10,75,27,48,2135,0.03523270337213408,361316755.16195977,42201207052.7755,276572228698.5014,1.0,1.0,1.0,59.49811628571428,5.728571428571429e-05,36350385752.17647
3,7,20,65,27,49,2001,0.036106489115898595,197249392.837962,19318787505.814243,113517412239.37378,1.0,1.0,1.0,31.059997142857146,5.685714285714286e-05,15353573165.528564
3,7,30,34,27,34,1508,0.03540791417299924,109813438.18187656,13523337077.905851,75588580587.73674,1.0,1.0,1.0,20.442470714285715,6.728571428571428e-05,10340394792.179245
3,7,40,78,27,39,1704,0.03428809669187998,84433182.30878885,10265968500.698324,59277223477.46028,1.0,1.0,1.0,14.84683742857143,6.057142857142856e-05,8040019210.660185
3,7,50,74,27,0,0,0.032499906581098345,56844583.43280344,8441501561.255832,54138811930.374466,1.0,1.0,1.0,10.565332714285715,6.314285714285714e-05,7141972667.260374
3,7,60,69,27,28,1999,0.034855516981255226,110001294.41707416,8226176033.735019,44154057034.83515,1.0,1.0,1.0,10.129149142857143,6.585714285714287e-05,6137641771.766847
3,7,70,0,27,21,999,0.036088158239994714,69179804.19228242,5902824750.506277,35760983607.37315,1.0,1.0,1.0,9.212451428571429,0.0002827142857142857,4805089133.158411
3,7,80,0,27,0,0,0.03383284792524357,77660484.52193329,5473687228.905281,32738948039.775547,1.0,1.0,1.0,7.376924714285715,5.6428571428571435e-05,4422994556.202945
3,7,90,0,24,0,0,0.033556925414862916,23451675.234764714,4844469357.333457,33155657407.681847,1.0,1.0,1.0,6.426676571428572,7.842857142857143e-05,4300875756.264166
3,7,100,0,27,0,0,0.036678949349088406,42212797.97591101,4129785970.4158945,23998328524.552948,1.0,1.0,1.0,6.5240672857142865,5.642857142857142e-05,3255338976.0678797
3,7,110,0,0,0,0,0.035053150843253965,22622511.234381143,3423068465.1688523,23185318973.269188,1.0,1.0,1.0,6.067231142857142,0.00026814285714285715,3018981321.1345096
3,7,120,0,24,0,0,0.034282296636002886,81366900.78693143,4631488378.622085,26519826413.512035,1.0,1.0,1.0,4.951294857142857,5.414285714285714e-05,3635237125.335672
3,8,10,71,27,49,2030,0.03971738043635132,310224244.42752135,34093113161.489307,235513159116.22897,1.0,1.0,1.0,69.108283125,6.087500000000001e-05,30587095216.85415
3,8,20,54,28,42,1826,0.03879518992302529,180449298.87127537,17200406022.091263,114067737798.75623,1.0,1.0,1.0,34.079060999999996,5.625e-05,14973169345.963566
3,8,30,54,27,39,1568,0.035780134288006096,90622547.07100198,11100415881.487328,69085848488.70497,1.0,1.0,1.0,20.678933125,5.9250000000000004e-05,9192103718.197996
3,8,40,37,27,31,1443,0.036835073080580545,73241530.109408,9553438788.440542,57751936357.467896,1.0,1.0,1.0,16.41820325,7.287499999999998e-05,7737150392.912897
3,8,50,28,27,18,629,0.03888089480804909,46590317.643172756,7221972032.740291,43383357407.28081,1.0,1.0,1.0,14.382246624999999,6.5125e-05,5815343306.782419
3,8,60,0,27,30,0,0.038263058840762865,56248509.79053825,6310437315.222649,39390830552.74115,1.0,1.0,1.0,11.730935375,7.062499999999998e-05,5240544423.728696
3,8,70,45,27,13,443,0.03998338360821759,85245858.96442275,5575627302.929082,32503546782.060112,1.0,1.0,1.0,10.936126625,5.825e-05,4425152192.041329
3,8,80,0,24,0,0,0.04134339627039627,79484759.03844824,5417824966.380903,29248676736.162632,1.0,1.0,1.0,9.411620749999999,6.462500000000001e-05,4064071956.7491107
3,8,90,0,27,0,0,0.0394141258613782,29448524.783046998,4848833181.526931,31450228745.730145,1.0,1.0,1.0,8.11074625,6.125e-05,4135403442.350061
3,8,100,0,27,0,0,0.03615623101325758,39170228.25332263,3562135120.2244534,22545138045.266636,1.0,1.0,1.0,6.4639056250000015,7.624999999999998e-05,2994359959.5537577
3,8,110,0,27,0,0,0.03819104836394075,20373645.728737377,4448714265.897087,25122373673.992702,1.0,1.0,1.0,6.416849375,5.7e-05,3416241743.9961066
3,8,120,0,27,0,0,0.043222579079861115,11323879.819061,2004539431.0028422,13094589923.013165,1.0,1.0,1.0,7.435597125,8.099999999999999e-05,1718293561.4018116
3,9,10,72,27,44,1514,0.045515791524485094,248444030.3421808,25066195520.098164,159282972733.93567,1.0,1.0,1.0,79.24825288888889,6.41111111111111e-05,21115446856.884964
3,9,20,75,27,50,2018,0.04190748786305895,158814145.2326143,14984545911.704317,96046787580.1186,1.0,1.0,1.0,36.808574,5.5888888888888884e-05,12712757682.738447
3,9,30,65,28,30,1518,0.045216230072550906,78036590.46719767,10349824572.26799,60067937943.863205,1.0,1.0,1.0,26.691126333333333,6.022222222222222e-05,8131384206.3948555
3,9,40,40,27,35,1812,0.04611436988042248,96870343.16726455,8343863771.918479,46747890932.94463,1.0,1.0,1.0,20.346735555555554,6.055555555555556e-05,6411370999.404021
3,9,50,43,27,37,1979,0.04443565115720846,35668405.396337226,5632152074.459565,35242609558.216354,1.0,1.0,1.0,15.88114888888889,6.155555555555554e-05,4675659185.201779
3,9,60,50,28,57,1755,0.044746918869855636,24654639.68478367,3929612729.1295986,30018124075.608204,1.0,1.0,1.0,13.902508,5.5888888888888884e-05,3804993140.385064
3,9,70,0,27,18,1025,0.04555422371579038,71688752.090027,4932448157.177314,33107605630.34976,1.0,1.0,1.0,12.18305322222222,6.355555555555556e-05,4347432267.546055
3,9,80,0,27,0,0,0.04612303639439264,90133700.52202968,4675326373.554546,29125814307.165607,1.0,1.0,1.0,11.71561311111111,0.00016711111111111112,3910740244.415037
3,9,90,0,27,0,0,0.04221334952050265,53030184.92313167,4692073277.033194,25190326072.550735,1.0,1.0,1.0,8.789796555555556,6.322222222222222e-05,3494568353.3115077
3,9,100,0,22,0,0,0.04621243773423721,24594640.078679997,2579506339.0824366,16975856132.857138,1.0,1.0,1.0,8.583884555555557,6.033333333333333e-05,2230703091.2463136
3,9,110,0,24,0,0,0.03840079430039482,22885306.01252389,3073936391.9676623,19708672060.657207,1.0,1.0,1.0,6.328889888888889,6.88888888888889e-05,2601674170.453497
3,9,120,0,22,0,0,0.0370589797315917,67871159.00465822,4811666672.988616,26711284258.409676,1.0,1.0,1.0,6.099624666666667,5.955555555555556e-05,3680971544.513309
3,10,10,68,27,48,1683,0.04792194704858571,189337811.6051991,22214700782.17606,159191804227.52106,1.0,1.0,1.0,82.1577384,6.35e-05,20494656693.032413
3,10,20,80,28,45,1846,0.049517257916617326,109454423.3276171,13604679235.578152,83522976844.82713,1.0,1.0,1.0,42.1769902,6.64e-05,11149851445.566334
3,10,30,68,27,33,1697,0.05190875035798952,111970331.5243717,8948897537.549063,50973441724.86376,1.0,1.0,1.0,29.505728299999998,6.469999999999999e-05,6965502784.188337
3,10,40,57,27,23,1129,0.05456622668201514,79492313.18261759,6943049263.268153,35159168128.47688,1.0,1.0,1.0,23.1570821,0.00023770000000000003,4960171184.152677
3,10,50,83,27,27,1230,0.049355101402512924,52761125.478846796,5334505490.088811,33676894376.252563,1.0,1.0,1.0,18.560067599999996,6.460000000000001e-05,4471523242.669642
3,10,60,0,27,25,1180,0.04925862289894134,50043669.8991439,5459886081.516657,30000459879.841717,1.0,1.0,1.0,14.893521999999999,6.84e-05,4127053708.174465
3,10,70,0,27,0,0,0.047029373936237365,49105363.044275105,4378596223.416766,27354806630.4212,1.0,1.0,1.0,13.085715700000003,6.02e-05,3645573604.58763
3,10,80,0,28,0,0,0.04983494723289442,36075303.074767604,4150625988.6757555,25568376057.54114,1.0,1.0,1.0,12.133035800000002,0.00013839999999999998,3412215462.468953
3,10,90,0,27,0,0,0.04919245215773809,21105271.5245286,2696206979.4953074,15685618882.522282,1.0,1.0,1.0,10.748888899999999,8.179999999999998e-05,2122576926.9978862
3,10,100,0,27,0,0,0.04970993992311507,25641754.8031259,2699417964.927463,15680054463.98323,1.0,1.0,1.0,9.2324261,0.0003018,2125838227.045274
3,10,110,0,27,0,0,0.046856182168485444,25231349.6181966,2757765998.3839746,17055489569.740444,1.0,1.0,1.0,8.5159106,6.29e-05,2274764063.764891
3,10,120,0,0,0,0,0.051491514422123005,15182203.9765534,1589166005.3951988,10882510202.523905,1.0,1.0,1.0,8.2627484,6.529999999999999e-05,1416711727.5849187
3,11,10,77,28,52,2066,0.048769532612006866,218806416.53249362,25899609054.704647,166179582099.91006,1.0,1.0,1.0,83.12293999999997,0.00014190909090909092,21951044154.075428
3,11,20,66,27,41,1686,0.054701584568381076,112792439.71411711,10712743139.261858,64353420977.52751,1.0,1.0,1.0,45.60109018181817,0.00016218181818181818,8656845236.31962
3,11,30,98,27,58,2417,0.04876596748444653,70600398.62915917,8674367478.615648,58555705117.999664,1.0,1.0,1.0,28.365965090909093,5.599999999999999e-05,7639864163.589618
3,11,40,63,28,22,1312,0.05555135906079633,52444390.085205644,6216161574.74196,34039068155.705444,1.0,1.0,1.0,23.78780536363637,7.781818181818181e-05,4683850100.290683
3,11,50,0,28,25,936,0.050985237297453696,84718350.38829218,6498339113.498081,33019196626.383312,1.0,1.0,1.0,18.25323090909091,6.254545454545454e-05,4660890251.120591
3,11,60,0,28,0,0,0.053976779020211696,33143488.277395178,4159943010.4150877,27426249668.650955,1.0,1.0,1.0,15.718140272727275,0.00021890909090909095,3597813942.153345
3,11,70,0,27,0,0,0.053627962862048524,41181646.536887094,3572762667.5516157,18461485550.001503,1.0,1.0,1.0,14.472641818181819,5.772727272727273e-05,2589528177.853687
3,11,80,0,27,0,0,0.0525311450547138,19401395.232832726,3496059259.884592,21110574312.88323,1.0,1.0,1.0,12.354068181818183,0.00013072727272727273,2823850205.8051686
3,11,90,0,27,0,0,0.05479879498857623,27562392.652667914,2598281566.987141,15799280061.627089,1.0,1.0,1.0,10.630144909090909,6.127272727272726e-05,2118877947.7071183
3,11,100,0,22,0,0,0.04950198207521644,21626570.771393824,2022438101.870523,15035321748.953754,1.0,1.0,1.0,9.795812636363637,8.263636363636363e-05,1923158351.6871061
3,11,110,0,0,0,0,0.04922040775838745,16042678.749674816,2562336794.5427513,15826678145.299828,1.0,1.0,1.0,8.482483272727272,8.963636363636362e-05,2106365011.0882423
3,11,120,0,27,0,0,0.04745614493897306,33754042.552884094,2331266680.7531843,13701347156.941021,1.0,1.0,1.0,6.988248818181819,6.118181818181819e-05,1860015850.5820246
3,12,10,78,27,48,2027,0.059054089023188004,204329483.37661386,20839162105.645496,130512116017.13763,1.0,1.0,1.0,94.61180999999998,0.00012974999999999998,17362074253.37515
3,12,20,77,27,50,1901,0.058159142594565484,87511636.18061326,10538513072.049747,62451350829.63908,1.0,1.0,1.0,47.66213591666667,0.00020091666666666665,8414095636.752238
3,12,30,82,27,41,2175,0.055217262450285846,92415115.43135284,7413772760.073631,45932872801.82754,1.0,1.0,1.0,30.744152666666665,5.749999999999999e-05,6140732279.799324
3,12,40,42,27,36,1628,0.05749857121173848,50325238.54269099,5824804508.971977,31128120500.420925,1.0,1.0,1.0,24.292281333333335,6.191666666666666e-05,4313000513.359296
3,12,50,46,28,27,1395,0.05654111902988023,56117801.28569657,4986413231.289445,31984076373.230362,1.0,1.0,1.0,19.644664583333334,6.141666666666666e-05,4234972659.008591
3,12,60,0,27,0,0,0.05744609752902865,48200019.623360835,4249221913.5402813,26301723472.136395,1.0,1.0,1.0,16.556458250000002,6.766666666666665e-05,3513756671.4649863
3,12,70,0,28,0,0,0.056939045933917555,33369962.95986033,4223869198.0995483,21012497913.09496,1.0,1.0,1.0,14.314769083333333,6.175e-05,2969382542.447535
3,12,80,0,27,0,0,0.05455802714051477,24438377.42618842,3120445725.441547,20917709933.61213,1.0,1.0,1.0,12.290511333333335,0.00018700000000000002,2732966948.797852
3,12,90,0,28,0,0,0.053284172691385585,12900371.970510082,2159439763.604208,15471897297.851511,1.0,1.0,1.0,10.963133833333332,0.00020300000000000003,1988107894.7430012
3,12,100,0,24,0,0,0.060848495803020285,15347772.020545581,2007052439.8792343,12555973249.828257,1.0,1.0,1.0,10.441386416666667,6.291666666666667e-05,1667751207.4748223
3,12,110,0,0,0,0,0.05230818850446429,30756250.450927664,3009011637.071806,18171549511.224407,1.0,1.0,1.0,9.387212916666664,5.6666666666666664e-05,2440486612.4871926
3,12,120,0,27,0,0,0.053872874614197534,14434808.161307251,1764235327.234028,12570202401.529917,1.0,1.0,1.0,7.992256083333334,5.925e-05,1619971635.9457562
3,13,10,69,27,51,2141,0.06197317740607715,215775839.31670353,20810906386.05166,125760659770.6241,1.0,1.0,1.0,96.41022715384617,6.83076923076923e-05,16889289926.230164
3,13,20,64,27,50,2146,0.06053276830558206,103296138.31617807,10706580167.048298,59653933683.60144,1.0,1.0,1.0,48.163924692307695,6.853846153846152e-05,8179016490.485957
3,13,30,77,28,53,3113,0.06512198563300073,78144618.64901324,6241550916.020422,40155571152.52032,1.0,1.0,1.0,33.66005946153847,5.938461538461538e-05,5318568385.771914
3,13,40,30,27,36,2049,0.061415285103198096,65244504.314148776,6142222052.25775,35159192442.341415,1.0,1.0,1.0,25.364748615384617,0.00019853846153846153,4790034697.636323
3,13,50,36,28,43,2030,0.058325275252638656,32791963.116178926,4602370571.885778,28812056356.214016,1.0,1.0,1.0,19.45598892307692,8.699999999999997e-05,3824634039.518756
3,13,60,50,28,0,0,0.061798822169288156,87528271.04106215,3302658736.6164494,23324749933.853233,1.0,1.0,1.0,17.232609307692307,6.03076923076923e-05,3054276455.336878
3,13,70,0,28,0,0,0.06322461514423078,34354595.35447069,3950975380.119682,21483610953.973103,1.0,1.0,1.0,15.422274153846152,5.823076923076922e-05,2962604320.8533473
3,13,80,29,22,11,338,0.0690370985042735,25103901.531112768,2143191348.6224365,9646127597.158777,1.0,1.0,1.0,14.216506692307691,9.661538461538463e-05,1410823698.3807497
3,13,90,0,27,0,0,0.04921735114023708,28520371.292201,3044671136.658519,23030702234.71466,1.0,1.0,1.0,10.352300384615384,8.546153846153847e-05,2931968665.1924515
3,13,100,0,28,0,0,0.05690303923293143,23889174.975547154,2641876555.097935,15493089898.780466,1.0,1.0,1.0,10.313363615384617,0.0001764615384615385,2094406678.0322948
3,13,110,0,24,0,0,0.05850587944202788,21003403.86398954,2908111306.2777753,18470499204.430454,1.0,1.0,1.0,10.345889923076923,0.0001330769230769231,2443374518.9154944
3,13,120,0,22,0,0,0.05734735295520452,13206977.401523383,2274279262.45988,12819727874.092815,1.0,1.0,1.0,8.81577723076923,7.43076923076923e-05,1746073485.1741626
3,14,10,77,27,51,1854,0.06285460982197665,140337373.55150816,18021069903.26577,109987404945.15817,1.0,1.0,1.0,98.48863371428573,6.635714285714285e-05,14701190212.15362
3,14,20,79,27,51,2041,0.06649803862938376,72829141.65562929,8094594114.524363,51580091972.298965,1.0,1.0,1.0,51.271974428571426,0.00016992857142857144,6827908197.823489
3,14,30,98,27,50,2028,0.06368944026297642,41699112.282668576,6275311747.639623,36764910355.0353,1.0,1.0,1.0,33.21402907142858,6.585714285714285e-05,4960742619.808714
3,14,40,19,27,39,1458,0.07438753241178464,28841556.094274145,3914531275.455001,25004895975.21903,1.0,1.0,1.0,26.91681164285714,0.00017271428571428575,3303584825.135862
3,14,50,57,27,25,1139,0.06599550684680815,36258564.88457243,4929531446.364815,26117850473.764507,1.0,1.0,1.0,21.598225857142857,5.621428571428571e-05,3623072238.1960015
3,14,60,31,27,0,0,0.07439092120616239,42950195.09737457,3227315312.3530755,17827891310.378887,1.0,1.0,1.0,19.326790857142857,0.00018,2458317245.970692
3,14,70,0,28,25,1307,0.06946115833038077,35293460.674648434,3323707451.3067126,17230096149.07591,1.0,1.0,1.0,16.94741607142857,0.00011628571428571429,2412456453.766798
3,14,80,0,22,0,0,0.0683460020431784,14999543.011540072,2267528471.8126593,12455248376.657196,1.0,1.0,1.0,14.3235095,0.0003320714285714286,1709530149.5438106
3,14,90,0,28,0,0,0.06298991244272015,17518471.919825427,2872397259.940614,15229893203.244837,1.0,1.0,1.0,11.821045571428572,7.057142857142856e-05,2109731650.825685
3,14,100,0,27,0,0,0.07383724535737908,21134642.44488707,2301261818.8701506,11508842003.380907,1.0,1.0,1.0,11.954985214285713,6.485714285714286e-05,1625930761.4168262
3,14,110,0,22,0,0,0.06695505788159015,12610786.509363355,1649636110.7458904,9656161650.301603,1.0,1.0,1.0,10.107569785714286,6.585714285714285e-05,1304370893.2730598
3,14,120,0,27,0,0,0.059934844990079374,14008306.646424357,1724431862.6634104,10984674443.319477,1.0,1.0,1.0,9.047449499999997,0.00013064285714285714,1453159591.6125324
3,15,10,75,27,49,2014,0.07101078967055391,176902757.69524467,15909426881.778887,106440753704.39528,1.0,1.0,1.0,102.92693426666668,6.233333333333334e-05,13949792233.595894
3,15,20,54,28,51,2012,0.06860810364619298,95097335.95276839,8934992640.665564,54011311768.22562,1.0,1.0,1.0,52.421187733333326,0.0001372,7254697613.7109165
3,15,30,68,27,40,2164,0.07138237008318507,73894314.4694798,5554114639.702535,34967507156.59057,1.0,1.0666666666666667,1.0666666666666667,35.715437133333346,8.740000000000001e-05,4659299509.131444
3,15,40,71,27,33,1581,0.07013559297376619,49537415.24203734,4386484085.879617,26001114243.364464,1.0,1.0,1.0,26.460787666666665,6.006666666666666e-05,3512084317.400152
3,15,50,23,27,20,683,0.07192997674658291,31486764.28023927,3683260220.5189357,20753340922.756733,1.0,1.0,1.0,22.49811593333333,0.0003756,2834026773.6321154
3,15,60,0,27,0,0,0.0756827182012278,43548665.000469476,3389584506.5710473,17636036296.33227,1.0,1.0,1.0,18.69765246666667,0.00015913333333333332,2472004515.047175
3,15,70,0,27,0,0,0.0698441514616402,22691422.986753333,3093105490.4820094,17387555537.773064,1.0,1.0,1.0,16.342027733333335,0.00018899999999999999,2373260576.6929035
3,15,80,0,22,25,996,0.06878486935250319,41397093.672175474,3175893261.4454064,18882847600.95076,1.0,1.0,1.0,14.566151266666667,6.8e-05,2552441314.3199368
3,15,90,0,27,0,0,0.07342915566633597,14326490.488754736,1694503162.3195465,11739986940.541115,1.0,1.0,1.0,12.718056466666669,0.00011119999999999998,1522927814.172028
3,15,100,0,23,0,0,0.06473498239252647,24529882.5756598,1812940620.3117764,12135613946.884245,1.0,1.0,1.0,11.2694646,0.0002684000000000001,1593320387.09389
3,15,110,0,27,0,0,0.06871073109182099,20199957.42322987,1350829390.2526164,8139265036.518965,1.0,1.0,1.0,11.238961666666665,5.733333333333333e-05,1098232302.570899
3,15,120,0,27,0,0,0.0717819024917328,20380056.67974546,1611672439.3318558,8292043002.174505,1.0,1.0,1.0,9.433948933333332,6.18e-05,1165804786.1933975
3,16,10,90,27,50,1922,0.07472044262603404,163011545.39249018,14551115913.337208,89350533014.02795,1.0,1.0,1.0,105.56873162499998,9.475e-05,11959384110.89903
3,16,20,74,27,50,2398,0.07566736566159224,111066246.88541831,8547013543.143473,45157806155.83468,1.0,1.0,1.0,53.96562600000001,6.031249999999999e-05,6302929463.979502
3,16,30,23,27,58,3104,0.07453546929334325,58944871.53844381,5788442383.365053,35561934432.36782,1.0,1.0,1.0,36.2956736875,8.837500000000002e-05,4755143172.914927
3,16,40,75,28,49,2534,0.07454169140259516,29906590.095530435,3868606699.0010724,29303222816.28868,1.0,1.0,1.0,26.898962749999995,8.3e-05,3724978117.8300567
3,16,50,99,27,30,1117,0.06797648659789646,23404468.12414294,3002124172.8277545,19077589148.439526,1.0,1.0,1.0,21.482519187500003,6.937499999999999e-05,2524566783.721273
3,16,60,0,27,21,907,0.07731700546414669,78753108.42924249,3499156079.4298906,19927466402.940914,1.0,1.0,1.0,19.024433000000002,0.0002146875,2747704949.2745543
3,16,70,0,27,0,0,0.07330220971611576,45037356.63906749,2711400650.6567173,18030099147.005413,1.0,1.0,1.0,17.07095325,0.00016737500000000002,2376816120.073413
3,16,80,0,27,0,0,0.07424599342602928,39896191.867710695,2622232241.291076,14648204110.33772,1.0,1.0,1.0,15.1687303125,6.69375e-05,2017194127.3735569
3,16,90,0,24,0,0,0.06745695518766535,33448490.301813994,2376540718.761096,14253254129.226864,1.0,1.0,1.0,12.790365,0.00016518750000000002,1924047443.8868957
3,16,100,0,27,0,0,0.07764112568049354,9535896.810322125,1394265447.1763296,8695438386.043844,1.0,1.0,1.0,12.3448068125,0.00017600000000000002,1155072001.7234497
3,16,110,0,23,0,0,0.06094054379030258,22571216.508823004,1847508955.2860608,10930162414.922678,1.0,1.0,1.0,9.8638655,8.6375e-05,1478317840.6906633
3,16,120,0,23,0,0,0.08027736423301092,11844986.963205125,1632739520.35327,12774359303.767706,1.0,1.0,1.0,10.721097624999999,0.00017668750000000003,1612275278.2201884
3,17,10,98,28,56,2342,0.07679559067330398,146179560.88849092,15520649377.910948,99576176718.46315,1.0,1.0,1.0,106.76308605882353,6.294117647058822e-05,13164072779.968908
3,17,20,73,27,47,2242,0.08005787805264074,71884291.30826873,6767514918.841777,42820883392.35897,1.0,1.0,1.0,54.33417911764706,7.323529411764707e-05,5685910092.282754
3,17,30,72,27,52,2705,0.0846774058338261,48431497.60739635,4365971187.646762,25385493261.22352,1.0,1.0,1.0,38.28786247058823,6.535294117647057e-05,3445645446.3387923
3,17,40,99,27,31,1473,0.08314536261381252,38264899.02741342,3403367074.871001,25525012160.297688,1.0,1.0,1.0,28.632705235294114,9.617647058823529e-05,3259959936.202113
3,17,50,36,28,32,1709,0.07903040123096539,29548724.809395116,3485967830.5864096,23039423152.81096,1.0,1.0,1.0,23.884379470588232,0.0001494705882352941,3021819885.0614805
3,17,60,31,27,28,1412,0.07409752319717662,22919868.790962767,2893940570.2854195,18351051037.356865,1.0,1.0,1.0,19.845623058823527,9.088235294117646e-05,2429937039.6098742
3,17,70,29,28,0,0,0.07380479545313076,22231761.398803238,2573302428.6498103,15943707651.266949,1.0,1.0,1.0,16.377869000000004,6.429411764705882e-05,2124593412.4107056
3,17,80,0,22,0,0,0.07543820737044818,18331395.643176943,2215930199.207269,12773692782.117476,1.0,1.0,1.0,14.083495941176475,5.847058823529411e-05,1733387233.4441411
3,17,90,0,27,0,0,0.073069428288885,13558123.426549766,1631201373.592578,11239963229.87063,1.0,1.0,1.0,13.658838705882355,0.0001604705882352941,1459727224.370467
3,17,100,0,22,0,0,0.08297156235556724,13878152.120799236,1407719508.408872,8694843234.780315,1.0,1.0,1.0,12.827236588235294,0.00011135294117647058,1160742875.4867687
3,17,110,0,23,0,0,0.06786432701768208,10441042.336833587,1314600472.795696,9531352220.847662,1.0,1.0,1.0,10.750594764705882,7.864705882352939e-05,1223363999.051793
3,17,120,0,27,0,0,0.06888834171043418,11419329.583883177,1225417451.9738064,8630380164.620747,1.0,1.0,1.0,9.762971235294117,0.00010705882352941177,1116114994.5843177
3,18,10,91,28,52,2189,0.08078428953110543,145984379.60458666,14377505975.4433,86214328384.00732,1.0,1.0,1.0,108.33112133333333,0.0001612777777777778,11599122632.388088
3,18,20,78,27,54,2484,0.08076779930812122,79193053.35521768,6532952736.817329,42577396856.57267,1.0,1.0,1.0,55.15275344444444,0.00012250000000000002,5619765132.212018
3,18,30,72,27,47,2328,0.08158988922353688,47991740.74972633,5162410215.795116,30370733009.13624,1.0,1.0,1.0,37.46570683333333,0.00010494444444444445,4103149400.4944654
3,18,40,30,27,42,1643,0.08119829317179733,55105565.15451417,3943263290.930747,24352518257.563,1.0,1.0,1.0,29.042900888888887,0.00011483333333333332,3262478253.665642
3,18,50,50,28,29,1179,0.08286575767241698,27743782.456916668,2841755301.844162,19674171803.128517,1.0,1.0,1.0,23.73749211111111,6.36111111111111e-05,2555188785.330037
3,18,60,98,28,29,1412,0.07648909886939835,36929658.70049438,3439841350.181775,17981965237.39267,1.0,1.0,1.0,18.60868988888889,7.011111111111112e-05,2512015473.8482995
3,18,70,50,27,0,0,0.08179216305665786,28227903.488925163,2871463029.6116505,15218531153.595787,1.0,1.0,1.0,17.7601695,0.00013211111111111114,2115905176.3548594
3,18,80,0,27,0,0,0.07247093850354572,19919057.93486517,2123700985.317246,14340257041.491636,1.0,1.0,1.0,14.439205999999997,0.0001977222222222222,1872709178.6775825
3,18,90,0,27,0,0,0.07405629430527998,4746168.4807204995,1322904544.9923778,10160216487.29383,1.0,1.0,1.0,13.380088555555552,6.92222222222222e-05,1283924817.129685
3,18,100,0,0,0,0,0.07404683504739858,8043260.162555056,1102140870.6596415,9335439484.755081,1.0,1.0,1.0,11.590916944444444,0.00026761111111111115,1159602353.8791316
3,18,110,0,23,0,0,0.08310787821794333,15447543.574779332,1584087148.255942,9863040272.816048,1.0,1.0,1.0,11.91827811111111,5.922222222222223e-05,1313934685.1862879
3,18,120,0,27,0,0,0.0718992327642747,10220453.41301372,1313927825.8474612,8506075330.73543,1.0,1.0,1.0,10.623220833333331,0.00011600000000000003,1120547368.9517968
3,19,10,74,27,56,2201,0.08605040985321764,137189685.3913961,11412414854.533852,72113364302.14214,1.0,1.0,1.0,112.07090631578946,0.00018710526315789475,9589851697.98926
3,19,20,99,28,51,2713,0.092480796980069,81644024.45272528,7200185736.183739,37540550122.12207,1.0,1.0,1.0,57.487493,6.042105263157894e-05,5251242728.369382
3,19,30,75,27,47,2510,0.08977534077642937,44662833.597426,4810275998.639525,28587095232.49051,1.0,1.0,1.0,39.26704963157895,0.00015473684210526314,3852028536.6461754
3,19,40,43,27,48,2596,0.08770734118904061,33175382.60023799,3485899090.292538,20793139467.109936,1.0,1.0,1.0,29.432730947368416,0.00019652631578947368,2799716405.02808
3,19,50,0,28,0,0,0.08711460276717678,48630447.68868016,3030379511.3095946,19700549753.645725,1.0,1.0,1.0,24.537541999999995,6.142105263157893e-05,2610172084.4968734
3,19,60,0,27,0,0,0.08423510138469596,25898451.956640635,1988306771.54477,14401886629.14708,1.0,1.0,1.0,20.78786089473684,6.03157894736842e-05,1855978843.20525
3,19,70,0,24,0,0,0.07393809734065276,11986734.463717105,1854529619.8543448,14888596593.908348,1.0,1.0,1.0,16.36074794736842,6.194736842105263e-05,1868156226.134823
3,19,80,35,27,0,0,0.0816773705222257,17499098.508074842,1884770132.3119729,12233706138.220999,1.0,1.0,1.0,15.566833157894738,5.921052631578947e-05,1612573941.30251
3,19,90,0,27,0,0,0.08256405785344041,16340647.744820472,1555470794.721256,10773716521.600805,1.0,1.0,1.0,13.167422157894734,0.00014289473684210525,1399904206.9051762
3,19,100,0,27,0,0,0.07612496637426902,18546873.674176943,1431602652.3914738,9736435807.837515,1.0,1.0,1.0,11.895603631578947,0.00018331578947368424,1272946870.6820862
3,19,110,0,24,0,0,0.07175035752923976,8509843.78341842,1328835952.5211928,10280804923.159311,1.0,1.0,1.0,10.612201157894738,0.00014473684210526314,1299804526.8354747
3,19,120,0,0,0,0,0.08361015073099418,17447738.275299,1344333717.9964035,8603394664.24327,1.0,1.0,1.0,11.114330105263157,5.931578947368421e-05,1141419578.0244424
3,20,10,76,27,52,2064,0.09164929660903139,111754095.75538114,10175733132.986702,64227987978.775085,1.0,1.0,1.0,113.45759059999997,0.0001465,8536172802.635348
3,20,20,83,27,55,2647,0.09181694636881603,82231851.06215024,6097334360.246814,38755058276.47307,1.0,1.0,1.0,58.32822185000001,0.00010680000000000002,5152534743.628362
3,20,30,48,27,37,1551,0.088326780611138,51756661.11134769,4136999858.6915336,25305600553.80394,1.0,1.0,1.0,38.94708405,9.010000000000001e-05,3394189521.4237947
3,20,40,99,27,53,2496,0.09464221448843692,32844569.62926505,3849418173.6276026,24007506800.481834,1.0,1.0,1.0,32.4254419,6.014999999999999e-05,3193625373.084531
3,20,50,81,27,51,2073,0.08520560242435517,37436522.81977844,2595303784.660121,16987115672.664389,1.0,1.0,1.0,23.88320415,0.0001965,2243977786.4736853
3,20,60,31,27,0,0,0.10329228597842262,24525527.1119307,2229580759.272376,11668940050.493452,1.0,1.0,1.0,21.4885357,0.00018025,1629977932.4806933
3,20,70,0,27,0,0,0.08573408902537277,22456525.562313847,1646861457.593152,12045067882.981087,1.0,1.0,1.0,17.210505199999997,0.00012735,1549598572.704639
3,20,80,0,28,0,0,0.09354591349826391,22093132.953562748,1984636992.8494594,11819438486.804699,1.0,1.0,1.0,15.802701200000005,9.565000000000001e-05,1594336371.3658288
3,20,90,0,27,0,0,0.08786458503472223,13425433.2072809,1396827330.5963728,8446529712.857561,1.0,1.0,1.0,13.934411399999998,0.0002326499999999999,1133416179.7311578
3,20,100,0,23,0,0,0.07931640168030753,7764516.326823349,1180498172.160487,8288463304.117052,1.0,1.0,1.0,12.09653765,0.00012619999999999998,1070381073.2569243
3,20,110,0,23,0,0,0.08029314612599205,9770045.9315504,1566176742.9762352,9471938272.453064,1.0,1.0,1.0,12.1783096,0.00014355000000000005,1267268154.6252904
3,20,120,0,28,0,0,0.08384772317708333,5142659.539356099,803669595.6484922,6023553829.754954,1.0,1.0,1.0,10.4719285,6.145e-05,766689117.7531862
4,1,10,16,8,11,402,0.009180462499999998,1381136738.354583,101619936425.77065,603354047020.8724,1.0,1.0,1.0,0.0,6e-05,81626187703.08932
4,1,20,19,9,10,525,0.00978540875,1026713914.246003,60071927132.48971,393950221576.4278,1.0,1.0,1.0,0.0,5.7e-05,52128107323.11268
4,1,30,20,10,8,271,0.008670321302816902,479688054.32585,29013773628.315823,188683668987.6097,1.0,1.0,1.0,0.0,6e-05,25006903261.451973
4,1,40,15,11,10,291,0.008499501893939394,413767703.502828,21994869963.407276,134115549946.84914,1.0,1.0,1.0,0.0,5.5e-05,18100166378.818115
4,1,50,25,11,8,280,0.01002003730620155,481380108.709643,25254932082.782455,151865742432.39795,1.0,1.0,1.0,0.0,5.6e-05,20574526734.892796
4,1,60,0,11,5,195,0.00886643287037037,192108512.914076,13334198576.60651,87757886847.71652,1.0,1.0,1.0,0.0,5.5e-05,11577104358.132572
4,1,70,0,12,0,0,0.008379152146464647,191022928.86325,13752425880.988613,86780828023.78635,1.0,1.0,1.0,0.0,5.8e-05,11562284027.780384
4,1,80,0,12,0,0,0.008541173850574712,291985324.23891604,12622488704.160275,79340996369.00609,1.0,1.0,1.0,0.0,5.7e-05,10662987103.699661
4,1,90,9,12,0,0,0.008517585,248767360.96120602,10231137737.991108,66854335194.30862,1.0,1.0,1.0,0.0,5.5e-05,8905798218.70169
4,1,100,0,0,0,0,0.009083358901515154,167312372.539,9947338612.458485,56786186269.002205,1.0,1.0,1.0,0.0,5.7e-05,7785205009.168973
4,1,110,0,25,0,0,0.009450163690476191,196213605.651582,9580708839.07664,53157085297.11463,1.0,1.0,1.0,0.0,5.7e-05,7369199820.482654
4,1,120,0,12,0,0,0.009271311403508772,235615147.242333,10993058130.385298,64028434736.20623,1.0,1.0,1.0,0.0,6e-05,8766385701.767057
4,2,10,40,14,22,942,0.010996606516187116,1634669965.8318787,117298627940.16565,722342017466.3359,1.0,1.0,1.0,0.0,5.8e-05,96838196309.74878
4,2,20,38,16,20,648,0.010431740975765307,686951400.3569324,47049070942.3721,296634903540.9253,1.0,1.0,1.0,0.0,5.7e-05,39554170521.81656
4,2,30,30,16,18,863,0.012074501157407408,607870493.5628695,41237102350.38234,260314651970.72772,1.0,1.0,1.0,0.0,5.75e-05,34704395011.643005
4,2,40,14,17,18,850,0.01159217092687075,346407611.9883565,25979811919.164444,158615796702.1038,1.0,1.0,1.0,0.0,5.75e-05,21300027381.43487
4,2,50,13,17,12,467,0.011060420374503967,334300447.607597,25952333494.641144,158754694968.70392,1.0,1.0,1.0,0.0,6.15e-05,21299946508.12368
4,2,60,15,17,0,0,0.010561586904761906,226873813.410715,18223811711.400116,113348929806.80899,1.0,1.0,1.0,0.0,6.2e-05,15138466991.34816
4,2,70,0,17,0,0,0.010842916666666667,282490143.9127835,15987535067.43102,98163531738.9562,1.0,1.0,1.0,0.0,5.75e-05,13211603287.12053
4,2,80,0,17,0,0,0.010819366779439695,292471420.186565,17444699425.143684,103036523685.80103,1.0,1.0,1.0,0.0,5.8e-05,13997322246.739185
4,2,90,0,17,0,0,0.011522382567179952,178604977.99454552,13077031781.111462,73641999246.24176,1.0,1.0,1.0,0.0,5.7e-05,10104629764.442406
4,2,100,0,25,0,0,0.011416987103174603,181537225.48626798,10424361108.783466,63296106251.368324,1.0,1.0,1.0,0.0,5.6000000000000006e-05,8541558903.733673
4,2,110,0,24,0,0,0.012308552631578948,150840151.037237,12940237573.317307,66790422891.17451,1.0,1.0,1.0,0.0,5.55e-05,9372677908.50674
4,2,120,0,17,0,0,0.013031770118464053,137336784.380803,9487174687.585064,53688336024.26842,1.0,1.0,1.0,0.0,6.4e-05,7362404288.010141
4,3,10,54,18,31,1266,0.013446464907704752,1225745856.4135716,105960157963.82343,644229375504.8707,1.0,1.0,1.0,0.109836,6.0333333333333334e-05,86472991241.26872
4,3,20,50,20,29,1223,0.013347734166817197,631168714.1701773,52657266902.802185,337140774768.95026,1.0,1.0,1.0,0.0,5.8666666666666665e-05,44687348956.37434
4,3,30,50,20,29,989,0.013583860984067199,361513508.763027,31429242689.904057,187213748500.67783,1.0,1.0,1.0,0.0,5.8666666666666665e-05,25260282843.18246
4,3,40,21,20,24,747,0.013300324649422974,344517030.5046923,26865075804.063766,158560762971.16113,1.0,1.0,1.0,0.06251166666666667,5.833333333333333e-05,21470253378.013103
4,3,50,32,20,18,955,0.015041786046463132,243878657.72128165,20679723223.773106,119876590845.57892,1.0,1.0,1.0,0.0,6.0333333333333334e-05,16294318788.717154
4,3,60,21,20,0,0,0.015662357233174034,230514369.4159827,16963459994.26101,95399895775.9268,1.0,1.0,1.0,1.2280296666666668,5.7e-05,13094041628.755297
4,3,70,18,20,0,0,0.014169496993401446,271204114.90388936,17327415977.35059,93365459940.89778,1.0,1.0,1.0,0.038298,5.833333333333333e-05,12991872068.82769
4,3,80,0,20,0,0,0.011839154538619815,163977321.70358536,13184964415.67423,80482931387.5095,1.0,1.0,1.0,0.0,5.7e-05,10800070146.078062
4,3,90,0,25,0,0,0.013042949563570487,132387705.283323,14410547172.731369,73141345271.10956,1.0,1.0,1.0,0.0,5.9e-05,10288915354.355303
4,3,100,0,20,0,0,0.013876742167919799,100165823.18839733,11737564522.549013,63655495082.034676,1.0,1.0,1.0,0.045108333333333334,6.0666666666666666e-05,8783178487.750921
4,3,110,0,20,0,0,0.013406061078622486,115019880.74973667,8841142201.4874,51988499253.04838,1.0,1.0,1.0,0.0,5.766666666666667e-05,7047592281.126885
4,3,120,0,20,0,0,0.014499698120915033,109064596.82978201,7924023485.837585,46615399210.17148,1.0,1.0,1.0,0.0027706666666666665,5.7333333333333336e-05,6322689834.953351
4,4,10,63,20,38,1652,0.016914376597989642,1080235668.3395882,97516752252.49292,586728163378.1389,1.0,1.0,1.0,0.6612877500000001,5.525e-05,78932331752.30643
4,4,20,59,21,41,1798,0.016115697747248924,551835126.0272387,51607850088.027885,319457040381.0454,1.0,1.0,1.0,0.26546475,5.725e-05,42653558641.787445
4,4,30,67,21,34,1532,0.019015089080264273,264455158.3573485,27952380951.22688,175441176639.79974,1.0,1.0,1.0,0.9164955,5.625e-05,23319712460.134323
4,4,40,42,21,15,616,0.01615877941662262,252851580.87077174,24006809645.2386,139855651700.94818,1.0,1.0,1.0,0.14824274999999998,5.725e-05,18963923204.11439
4,4,50,36,21,18,915,0.019913510581789536,186351733.950308,18158781053.24775,107089534450.74272,1.0,1.0,1.0,1.4006059999999998,5.55e-05,14471155862.466194
4,4,60,0,22,0,0,0.014972789409722223,207398801.46646297,19317508806.19809,102744714967.59967,1.0,1.0,1.0,0.0,5.8e-05,14283152418.02586
4,4,70,0,21,0,0,0.015751734713679452,166251254.6305615,14734152279.721544,85376265677.08536,1.0,1.0,1.0,0.0,5.15e-05,11600832900.894016
4,4,80,0,21,0,0,0.015811465438179347,168666732.35984725,14205245480.46286,75609839214.84924,1.0,1.0,1.0,0.1240725,5.775e-05,10520099728.695631
4,4,90,0,28,0,0,0.016032205328662567,180375706.53402975,9915585160.737677,64453456434.66245,1.0,1.0,1.0,0.24641449999999998,5.7e-05,8554725668.127774
4,4,100,0,21,0,0,0.015469514754256966,105930818.52874625,9487720494.606445,59260852492.35968,1.0,1.0,1.0,0.06691275,5.875e-05,7897780919.839402
4,4,110,0,0,0,0,0.01643579597099942,131978945.529481,8621441612.836245,51354191798.748116,1.0,1.0,1.0,0.18073775,5.8e-05,6952092762.535276
4,4,120,0,0,0,0,0.016723024978298612,176534529.507491,9424574726.142235,52155731165.442635,1.0,1.0,1.0,0.0085255,5.6500000000000005e-05,7224062231.391051
4,5,10,62,22,44,1994,0.021006817391897963,1065453298.158501,92695092438.87779,533013727389.55945,1.0,1.0,1.0,11.3923202,6.02e-05,72586208485.45523
4,5,20,55,22,39,1520,0.021326330498530895,376951604.4513143,36886730296.24107,236131867161.16852,1.0,1.0,1.0,5.388247799999999,5.64e-05,31254398874.31128
4,5,30,74,22,23,952,0.02274042782240442,207315395.3637492,22636854579.81317,123588443334.54204,1.0,1.0,1.0,5.538722999999999,4.8e-05,17031336001.354748
4,5,40,78,22,38,1462,0.01935291306601244,265704475.0800492,21755486260.95408,127834168699.33585,1.0,1.0,1.0,1.715174,5.88e-05,17320507246.30493
4,5,50,25,22,42,1963,0.02245700824438971,180917390.0918424,15275006524.040966,87016258144.65218,1.0,1.0,1.0,3.8892502,5.6999999999999996e-05,11883269274.61368
4,5,60,0,22,25,1061,0.01984095070713397,135293780.9785042,14007041058.120768,83578473930.70256,1.0,1.0,1.0,0.6365698,5.94e-05,11253961247.641857
4,5,70,0,22,0,0,0.017430105509081195,140920068.9220178,13803861316.993246,79654266213.98009,1.0,1.0,1.0,0.5219796,5.3e-05,10824842929.797333
4,5,80,0,22,0,0,0.023513895854833163,121723930.588764,9706023106.31895,54752995707.889404,1.0,1.0,1.0,2.9425346,5.66e-05,7501710929.811724
4,5,90,0,23,0,0,0.01985241420117389,136379825.11653462,9343244886.701897,55807066366.648544,1.0,1.0,1.0,1.0579876000000001,5.66e-05,7544821486.037219
4,5,100,0,28,0,0,0.02291055595238095,81848754.37132962,6581622424.950147,44809105197.78633,1.0,1.0,1.0,1.9739088000000002,5.58e-05,5854529123.340546
4,5,110,0,28,0,0,0.021687886371010524,49684064.373929,7380357592.45989,40465730914.39408,1.0,1.0,1.0,1.6053924,5.6000000000000006e-05,5557423447.089708
4,5,120,0,25,0,0,0.023471543938492066,140494244.49109858,6926565132.313609,39944859250.44086,1.0,1.0,1.0,2.1558726,5.8200000000000005e-05,5478144912.380075
4,6,10,71,22,43,1987,0.02529368776583125,744328811.5926901,73592292024.05424,444062828059.3491,1.0,1.0,1.0,27.77642416666667,0.0004231666666666667,59645771258.4202
4,6,20,60,23,39,1453,0.02518380691819032,307068837.7449372,31013551640.852253,185600236304.33264,1.0,1.0,1.0,13.324171333333332,7.716666666666667e-05,24977682086.730907
4,6,30,69,23,44,1687,0.02423210542695085,234594600.9352555,22374430812.1512,142307831749.40298,1.0,1.0,1.0,7.666679500000001,6.616666666666667e-05,18869885524.058212
4,6,40,58,23,30,1229,0.021256393977898174,153308981.753463,16059902834.031929,103011331934.44879,1.0,1.0,1.0,2.7144733333333337,5.7e-05,13620430034.806208
4,6,50,36,23,19,1045,0.02267798304939792,179891485.10715935,15709117542.747805,91598710969.65375,1.0,1.0,1.0,4.07612,5.6166666666666665e-05,12427618626.562391
4,6,60,29,23,0,0,0.024258602500075156,113569972.87553799,10013060898.906956,63251859176.48061,1.0,1.0,1.0,4.768345333333333,5.750000000000001e-05,8407297056.938197
4,6,70,0,23,0,0,0.027698664599665097,92634215.11461733,8456295237.062545,49386523150.89105,1.0,1.0,1.0,5.9060060000000005,6.233333333333334e-05,6694755286.685752
4,6,80,0,23,0,0,0.021958451441085696,96008255.664662,8171045147.860606,55503366693.712944,1.0,1.0,1.0,2.0029703333333333,0.00029749999999999997,7251751468.294627
4,6,90,0,25,0,0,0.0242608567012511,125069538.72984283,8582014493.922398,48512458623.198814,1.0,1.0,1.0,3.256438166666667,5.8e-05,6655197423.212318
4,6,100,0,25,0,0,0.023715493695873,38782537.669236004,6372433015.3782,41584013957.13685,1.0,1.0,1.0,1.861156,6.666666666666666e-05,5460035766.154532
4,6,110,0,25,0,0,0.024725461394898503,76484734.90824518,7606697607.594021,40690568565.302505,1.0,1.0,1.0,2.969223166666667,5.966666666666667e-05,5643935678.716909
4,6,120,0,23,0,0,0.02234255316119066,94870636.71878184,5836070319.392392,35428399299.34371,1.0,1.0,1.0,1.6770013333333333,6.300000000000001e-05,4776463431.304622
4,7,10,67,23,46,1832,0.02794825495002665,549426412.0498561,55678278797.05292,358441481687.8355,1.0,1.0,1.0,38.241670285714285,5.6142857142857145e-05,47364402251.18961
4,7,20,62,23,38,1741,0.03045457447577374,310139918.8773423,26386687422.608185,173767326468.19785,1.0,1.0,1.0,23.734125142857145,5.657142857142858e-05,22871167971.498577
4,7,30,56,23,39,1728,0.027671854761081645,203875757.23634458,19877821827.940006,123478649011.01468,1.0,1.0,1.0,12.92846857142857,5.585714285714286e-05,16466142240.162252
4,7,40,52,23,35,1402,0.02584257883295913,153646710.5884083,14533620323.690931,83666480895.89957,1.0,1.0,1.0,7.774758999999999,5.8e-05,11380924817.308315
4,7,50,42,23,21,1114,0.02755186976224,142200768.57040042,10629374035.080795,66190236415.10502,1.0,1.0,1.0,7.954580571428572,7.742857142857142e-05,8844438951.320911
4,7,60,32,23,0,0,0.026333279148629152,128057227.64395013,10378062066.450958,57314773421.929146,1.0,1.0,1.0,5.8804801428571425,7.142857142857143e-05,7896729788.547501
4,7,70,0,23,25,1181,0.027601143572099893,133538510.53809285,8265044936.884284,48519054124.699974,1.0,1.0,1.0,5.767684142857143,5.7857142857142855e-05,6598391331.422229
4,7,80,0,23,0,0,0.024541321839525284,70676858.30959429,8713766550.61368,51003405476.78707,1.0,1.0,1.0,3.6088200000000006,6.828571428571429e-05,6892567642.099939
4,7,90,0,23,0,0,0.03540344435386043,62628336.97366786,6019140728.852624,27774230776.956726,1.0,1.0,1.0,7.663113857142856,6.1000000000000005e-05,4025091025.396113
4,7,100,0,23,0,0,0.029998682325487015,68743255.77737442,4808617489.670969,31279718672.03934,1.0,1.0,1.0,4.599696,6.4e-05,4137815623.4033213
4,7,110,0,23,0,0,0.030705492795630295,46938098.04257085,4755844801.923799,27642263348.183247,1.0,1.0,1.0,4.786053285714286,5.928571428571429e-05,3748251942.2526
4,7,120,0,23,0,0,0.027269648432453792,121438106.12693615,7044969288.199832,35999800481.336815,1.0,1.0,1.0,3.3832022857142854,5.671428571428571e-05,5093980564.514489
4,8,10,61,23,44,1671,0.03082343670232854,490390519.0777748,48812304656.53167,316161149689.6855,1.0,1.0,1.0,47.92302062500001,6.375e-05,41721849056.56006
4,8,20,73,23,36,1250,0.031158734813779048,218096539.13551572,21781826618.448597,139067552772.2307,1.0,1.0,1.0,24.694359624999997,7.1e-05,18415788071.1216
4,8,30,46,23,46,1700,0.03005973810456906,135305094.80521262,15111626293.418606,96066522771.75452,1.0,1.0,1.0,15.805452,6.7125e-05,12723691033.25909
4,8,40,58,23,46,2007,0.029767785430284514,143220187.01138976,12237871488.649559,79454259077.93044,1.0,1.0,1.0,11.751999624999998,5.6125e-05,10493254284.897089
4,8,50,31,23,28,922,0.031205588339323617,91659223.17356674,8990043078.376274,59823247199.84498,1.0,1.0,1.0,10.1414935,5.6375e-05,7844494747.272585
4,8,60,25,23,24,1676,0.032771959887566135,87809489.01840974,9080238313.179153,48152506211.58613,1.0,1.0,1.0,9.453161875000001,7.837499999999998e-05,6692764884.458397
4,8,70,0,23,17,920,0.033753326110782855,87891508.42656974,7329323017.774008,41377118413.07309,1.0,1.0,1.0,8.835854375,6.25e-05,5665100461.766268
4,8,80,0,23,0,0,0.03488277677123224,64554464.94244561,4860639941.082953,29718038463.126892,1.0,1.0,1.0,8.592349125,7.112500000000001e-05,3989119922.0415854
4,8,90,0,23,0,0,0.03997718823272359,68552576.20973249,5269756438.21347,27621777906.130253,1.0,1.0,1.0,8.267969375,7.7125e-05,3864115845.0499325
4,8,100,0,23,0,0,0.0328563935803346,32078611.556319997,4808594569.354713,28065292953.178707,1.0,1.0,1.0,5.523110625,6.999999999999998e-05,3790703212.5285606
4,8,110,0,23,0,0,0.034588511378291845,45598848.943217374,3977097580.606244,25708780593.170353,1.0,1.0,1.0,5.47573,5.937499999999999e-05,3398216745.1526423
4,8,120,0,25,0,0,0.027242817742175362,53117907.35998276,4138597176.715304,27346345634.57655,1.0,1.0,1.0,3.15242175,5.6250000000000005e-05,3599536519.397048
4,9,10,68,23,47,1936,0.03512212887499374,451701467.7685119,46464960387.09736,285797851374.4145,1.0,1.0,1.0,59.010833777777776,6.177777777777777e-05,38188967987.55204
4,9,20,70,23,45,1845,0.03317036304666278,246434762.34956586,23926517858.62996,142243801003.5907,1.0,1.0,1.0,27.557488444444445,8.311111111111113e-05,19182187886.232197
4,9,30,69,23,44,1842,0.03661608401584828,171751640.30166036,13413412277.738722,76915859705.52196,1.0,1.0,1.0,21.251842888888888,0.00022911111111111106,10494494481.927193
4,9,40,36,23,30,1260,0.03615996043160362,82317804.94107889,9285783378.102167,57688519581.38469,1.0,1.0,1.0,15.846400666666666,0.000195,7683631028.077297
4,9,50,26,23,17,781,0.03798199162132983,140598521.35223067,7979886731.305601,48456105503.09767,1.0,1.0,1.0,13.556735222222223,6e-05,6540006802.223229
4,9,60,0,23,23,1040,0.034741031652831475,69970273.72479755,6727823468.357337,44378911365.16172,1.0,1.0,1.0,10.469762555555556,6.722222222222222e-05,5832434975.77473
4,9,70,0,23,0,0,0.03096447836200794,64793496.326561555,6882802771.4305525,45317178069.12399,1.0,1.0,1.0,7.1057675555555555,6.144444444444444e-05,5953633777.072039
4,9,80,0,23,0,0,0.03999984155693843,40473455.50883,4675618367.903446,29973650733.82861,1.0,1.0,1.0,9.169316,5.355555555555556e-05,3960820125.3914423
4,9,90,0,23,0,0,0.030226603606077564,71939969.11360589,6119454982.532815,38325666953.052895,1.0,1.0,1.0,5.8211551111111115,0.000239,5106815644.159382
4,9,100,0,23,0,0,0.03471783093359187,88012017.73250721,5102515576.274006,31830079015.44936,1.0,1.0,1.0,5.7158037777777775,5.6555555555555555e-05,4265119403.6342926
4,9,110,0,0,0,0,0.032033408561577305,32360077.831072,4134236775.4012966,29913359274.0364,1.0,1.0,1.0,5.645087666666666,6.01111111111111e-05,3840835311.691515
4,9,120,0,25,0,0,0.034674450122170776,48759275.16236078,4624997053.450848,26123039777.426556,1.0,1.0,1.0,5.4745349999999995,5.644444444444444e-05,3571434856.5057344
4,10,10,65,23,48,1952,0.037534191558215954,475397093.44672585,41627459937.57251,258335554014.78583,1.0,1.0,1.0,64.8928096,6.709999999999998e-05,34491825074.36643
4,10,20,75,23,43,1571,0.03717468110267904,152372948.06199974,17801780189.817497,106106414799.71634,1.0,1.0,1.0,32.4765283,0.00018800000000000002,14277658440.928656
4,10,30,45,23,47,1885,0.03691386947212187,149495841.8646413,12597544861.31293,80065320665.12619,1.0,1.0,1.0,21.7607472,6.0400000000000004e-05,10630688033.508982
4,10,40,53,23,23,1010,0.039057446759534896,78483125.1721508,8702104407.672857,54934598684.47771,1.0,1.0,1.0,17.371897,6.769999999999999e-05,7288818861.903399
4,10,50,40,23,19,906,0.04091643146427109,106744450.50995629,7797023077.212545,42619070652.84485,1.0,1.0,1.0,15.004813899999998,0.00023730000000000002,5896032730.5622425
4,10,60,23,23,0,0,0.03557241427966641,74431450.6476448,6971685682.6622925,41985939807.544014,1.0,1.0,1.0,10.7428844,5.679999999999999e-05,5645033085.545564
4,10,70,0,23,0,0,0.03707361992334055,88827235.1292049,5438651778.418146,36173833010.852646,1.0,1.0,1.0,9.8284866,7.090000000000002e-05,4767292678.09654
4,10,80,0,23,0,0,0.03774107391508954,82641419.57777439,6943334112.263867,35048931163.73416,1.0,1.0,1.0,8.852466999999999,5.95e-05,4951408893.4647665
4,10,90,0,23,0,0,0.0339036260326826,49987344.6715695,4055569039.8030524,23742035774.776176,1.0,1.0,1.0,7.0793013,5.7600000000000004e-05,3220308495.2670836
4,10,100,0,23,0,0,0.036792944262120986,41092418.3390721,3683526087.9155717,23441504590.20498,1.0,1.0,1.0,6.410669,0.00043170000000000003,3109620340.8732295
4,10,110,0,23,0,0,0.034031903648989906,49152686.0385234,4284536819.596698,31721441566.366375,1.0,1.0,1.0,5.5812426,6.639999999999999e-05,4063458375.7833147
4,10,120,0,23,0,0,0.039850067665494225,28451152.587737102,2913612784.7729754,17350173424.854595,1.0,1.0,1.0,6.221979200000001,8.07e-05,2337655678.4966135
4,11,10,67,23,49,2005,0.04094440418032616,352529558.349361,33627029102.315968,222967511175.53107,1.0,1.0,1.0,71.6317819090909,6.927272727272727e-05,29268927319.8439
4,11,20,77,23,42,1687,0.038724519635750514,219060157.22792408,20078748076.17601,113584292698.05815,1.0,1.0,1.0,33.88434845454546,0.0002013636363636364,15527520848.397001
4,11,30,47,23,43,2189,0.041676101730371,94692540.14819482,11554169003.502968,68955109937.89027,1.0,1.0,1.0,24.508138181818182,7.099999999999999e-05,9272629466.20806
4,11,40,63,23,38,1812,0.03978645434401746,79104384.72832173,9347299669.341532,55669028954.0596,1.0,1.0,1.0,17.90783854545455,6.081818181818182e-05,7491735820.580124
4,11,50,27,23,37,2249,0.04441448773336132,93254448.42317508,6303601025.389572,41442930346.807365,1.0,1.0,1.0,15.91109681818182,0.000186,5470291284.236358
4,11,60,46,23,21,829,0.0446065774639502,55928893.01582809,5864802554.399596,33566442504.562878,1.0,1.0,1.0,13.804750636363634,7.463636363636362e-05,4568754926.086537
4,11,70,0,23,0,0,0.041674752055252194,68348140.50697409,5271209439.384688,34983097449.45817,1.0,1.0,1.0,11.278818272727273,0.00013000000000000002,4600395281.67816
4,11,80,0,23,0,0,0.04320086655938758,69777315.76472792,5578887205.05489,32047979563.37809,1.0,1.0,1.0,10.659202272727272,6.154545454545455e-05,4369419471.549262
4,11,90,0,28,0,0,0.04673846608680144,51648172.10231473,3428408252.787381,23854152688.58465,1.0,1.0,1.0,9.910741181818182,6.063636363636363e-05,3107250596.271114
4,11,100,0,23,0,0,0.04012142848226584,64634200.07532645,3741285183.875079,22723702486.17472,1.0,1.0,1.0,7.7209686363636365,0.00033318181818181813,3065871191.2436185
4,11,110,0,23,0,0,0.040987407357341736,20642157.720036637,3123699534.533196,20865388376.17755,1.0,1.0,1.0,7.616071545454545,0.00021918181818181818,2725728221.1783705
4,11,120,0,23,0,0,0.039890914503583536,43967334.366767175,3515282782.8991094,21281652119.34872,1.0,1.0,1.0,6.419597454545454,0.00029390909090909093,2861998873.9658985
4,12,10,67,23,51,2077,0.04294978444517448,327832600.4132413,32154972871.413578,221730582737.16406,1.0,1.0,1.0,75.07236708333333,5.7583333333333315e-05,28833535344.47697
4,12,20,78,23,48,2027,0.04296749257769252,147541407.16558427,16442372175.984686,102552712801.23012,1.0,1.0,1.0,38.20112183333334,0.00022391666666666664,13647024535.07007
4,12,30,46,23,42,1777,0.04934437696562241,118360608.34715049,9748044160.151697,56393501837.98757,1.0,1.0,1.0,28.90965241666667,6.983333333333333e-05,7671811316.360298
4,12,40,74,23,39,1835,0.04363446445731695,115936376.89422482,8498790383.6009445,53560284164.85803,1.0,1.0,1.0,19.593102749999996,0.0001746666666666667,7136941871.780858
4,12,50,31,23,0,0,0.03950009525268441,69792688.44545259,7739669714.15688,47549418061.868256,1.0,1.0,1.0,14.328554833333333,6.216666666666667e-05,6351730568.316967
4,12,60,29,23,24,997,0.04573793172174707,39919116.65082567,4485483419.47643,31020927842.778866,1.0,1.0,1.0,14.519855583333332,5.983333333333332e-05,4027132786.393114
4,12,70,47,23,0,0,0.04625043329215634,70898086.62581675,6075682055.571091,32168764926.573227,1.0,1.0,1.0,12.614297749999999,6.883333333333333e-05,4481641509.167836
4,12,80,0,23,0,0,0.04690908889991182,36315132.020902336,4055969075.384088,25349283127.704544,1.0,1.0,1.0,11.408909499999998,0.00018316666666666666,3371542670.202806
4,12,90,0,23,0,0,0.04201044731165824,65850541.88364232,4443329704.962091,25853039344.345978,1.0,1.0,1.0,8.490580666666668,7.274999999999999e-05,3520065217.2357574
4,12,100,0,23,0,0,0.0480333959017256,42875630.760552324,2725627840.743707,19240247290.965256,1.0,1.0,1.0,9.155859999999999,0.00030475,2499163198.406145
4,12,110,0,23,0,0,0.05175401734250992,38075929.260245346,3118707059.5176406,13557207931.089876,1.0,1.0,1.0,9.44549825,6.183333333333332e-05,2006115313.8787796
4,12,120,0,25,0,0,0.04665633797398589,38079600.17975867,3057200926.112578,16661174598.178015,1.0,1.0,1.0,7.323774249999999,7.225e-05,2304213332.6736083
4,13,10,74,23,52,2077,0.04662106692901266,315652442.35813844,29996174226.10256,195227946734.02197,1.0,1.0,1.0,80.52473623076922,0.000136,25742985881.01646
4,13,20,56,23,47,1874,0.04733344010035027,164430926.61707976,13687877157.82726,84619669025.28784,1.0,1.0,1.0,41.94725723076923,0.00024976923076923076,11314643801.351915
4,13,30,80,23,44,1981,0.04913946319014838,97981114.22835769,9782990548.526928,58490885315.11047,1.0,1.0,1.0,28.266352230769236,0.00018623076923076926,7874273298.630168
4,13,40,62,23,36,2108,0.05141083034801134,92247773.60017624,7300231234.215545,44748222935.440865,1.0,1.0,1.0,23.10955192307693,6.0846153846153834e-05,5999441881.535984
4,13,50,0,23,18,721,0.04330177854498693,108448086.1222921,6898049983.859579,44164855331.96838,1.0,1.0,1.0,16.124628923076923,6.876923076923077e-05,5872009119.918159
4,13,60,38,23,16,434,0.0464154197029765,49260060.32441885,4756119116.6510935,32670815339.328434,1.0,1.0,1.0,13.818765538461536,0.00022938461538461535,4252787339.068477
4,13,70,22,23,0,0,0.05396532041266026,46278343.80945877,4743954787.091397,28991977483.472275,1.0,1.0,1.0,14.38193030769231,6.36923076923077e-05,3880383483.589554
4,13,80,0,23,0,0,0.04604658180448024,65195079.75849655,3600378722.974867,24180960923.093582,1.0,1.0,1.0,10.750657384615387,7.038461538461537e-05,3183808345.507149
4,13,90,0,28,0,0,0.04448846669823233,40893117.35151523,4143450231.1161747,23597475308.379246,1.0,1.0,1.0,9.432911,0.0001903076923076923,3217062717.6448846
4,13,100,0,23,0,0,0.045029667034817034,24392616.79864884,3186991089.4055963,22326778491.45892,1.0,1.0,1.0,8.285935538461537,0.00022130769230769228,2887150862.1555905
4,13,110,0,23,0,0,0.04685675627896409,45921314.34053139,3526117191.4533153,20331798818.019287,1.0,1.0,1.0,8.404536230769232,0.0001223076923076923,2770548202.990932
4,13,120,0,23,0,0,0.039980197697846144,22058043.847544074,2806090921.367337,18355554525.892338,1.0,1.0,1.0,6.943846769230769,5.684615384615384e-05,2412214236.697196
4,14,10,78,23,52,2043,0.05017405958688298,276904622.5901493,26018260288.139595,174044635900.4962,1.0,1.0,1.0,84.76226721428573,0.0001067857142857143,22801948518.012432
4,14,20,79,23,45,1717,0.04985618521628548,171900044.7304277,15756309922.226862,84588449857.6351,1.0,1.0,1.0,43.04108571428572,0.0001632857142857143,11730436815.442812
4,14,30,35,23,47,2114,0.05172976051713913,123806182.43270935,9177156360.666544,56193971827.198586,1.0,1.0,1.0,29.491114999999997,0.00015592857142857143,7541492654.743598
4,14,40,31,23,46,2079,0.0479186692023802,85773368.44559988,7823185408.622945,44763663764.859535,1.0,1.0,1.0,21.104014785714288,0.00019049999999999997,6101044724.37438
4,14,50,21,23,27,1218,0.051894960335210474,64295998.66606336,5011733531.938543,31406917695.77786,1.0,1.0,1.0,18.917517357142856,0.00018900000000000007,4188045592.685601
4,14,60,69,23,28,1629,0.049419521021628825,43679524.47752529,4809027786.846187,30009005530.766693,1.0,1.0,1.0,15.031766642857141,7.378571428571429e-05,3993281711.9432597
4,14,70,0,23,0,0,0.04893913851724911,70030495.79840192,4942582143.566777,28880706331.694546,1.0,1.0,1.0,13.970841428571429,6.857142857142857e-05,3925608347.866779
4,14,80,0,23,0,0,0.048422519960513596,40591212.121430926,3539589859.6889143,25873980611.06417,1.0,1.0,1.0,10.390911714285716,0.00037264285714285714,3323729835.8466787
4,14,90,0,23,0,0,0.04717147927521387,34158541.238295786,3133472305.936085,20639029702.922085,1.0,1.0,1.0,10.039149285714284,6.9e-05,2714508366.1775937
4,14,100,0,23,0,0,0.047653907425659656,45445956.12104057,3107674464.200471,18900496049.04457,1.0,1.0,1.0,9.205511857142858,7.357142857142857e-05,2543396626.4452624
4,14,110,0,23,0,0,0.047045120905966555,41007101.56964979,2659853168.067203,17640600691.943447,1.0,1.0,1.0,8.702558071428571,6.37142857142857e-05,2324735635.4852667
4,14,120,0,0,0,0,0.048299644883696015,48053246.271448076,3352880586.168669,21464311755.860126,1.0,1.0,1.0,7.123660714285713,0.0001395,2850644533.5774193
4,15,10,68,23,50,1995,0.05332838003488149,247966214.52401027,24346141224.562443,162163055338.12497,1.0,1.0,1.0,88.16331673333336,0.00013193333333333336,21259109748.788963
4,15,20,53,23,46,1990,0.05525092947690475,139991414.73226672,12841767505.013863,78886183548.95137,1.0,1.0,1.0,46.51289693333333,5.8666666666666645e-05,10554965645.204784
4,15,30,50,23,41,2021,0.05078055339615281,99169651.1746386,8863874168.386143,52091239069.20058,1.0,1.0,1.0,29.06097313333333,6.479999999999999e-05,7051317370.45707
4,15,40,40,23,27,1370,0.054593385734512015,79079271.0112334,7094508432.400969,38893752761.239494,1.0,1.0,1.0,23.095412666666668,0.00022446666666666663,5363632352.000768
4,15,50,46,23,27,1260,0.054133522283318546,66165666.63640494,5708850195.004435,35648356501.32706,1.0,1.0,1.0,18.783471600000002,7.813333333333333e-05,4752921574.009812
4,15,60,0,23,32,1546,0.05020710909918786,36826873.89476966,4974514905.078932,32324799222.21467,1.0,1.0,1.0,15.432615066666669,6.28e-05,4253161647.6030765
4,15,70,0,23,0,0,0.052677643875777,26002999.52083707,2995172987.899197,20624869835.76429,1.0,1.0,1.0,13.488874333333333,6.213333333333333e-05,2679723621.8184276
4,15,80,0,23,0,0,0.053961335491823,39820444.961464,3372703669.440135,22969375483.801304,1.0,1.0,1.0,12.2975388,0.0001096,2999352539.8612933
4,15,90,0,28,0,0,0.05192011640266755,29371638.847100325,3619290808.5272985,20285670344.32825,1.0,1.0,1.0,11.221074666666668,0.0002826,2772985294.07942
4,15,100,0,23,0,0,0.06522016795126169,26761295.31945334,2548845141.555847,13416314845.094435,1.0,1.0,1.0,11.056145133333333,5.9066666666666655e-05,1870133371.0025523
4,15,110,0,23,0,0,0.06010053501322751,23865039.883059267,1952224242.9407346,13213789066.465645,1.0,1.0,1.0,9.203152066666666,0.00021786666666666666,1728529242.5783622
4,15,120,0,23,0,0,0.04766062182153881,21862426.98478567,2749733423.542599,17919539178.519024,1.0,1.0,1.0,7.528325400000001,5.693333333333333e-05,2357204268.077728
4,16,10,76,23,52,2053,0.05560357501088348,238320678.75944772,24112447425.258522,151443314744.5214,1.0,1.0,1.0,91.86864975,0.00016725,20133645038.599545
4,16,20,64,23,47,1963,0.05517182748089719,126403088.69085881,11213657629.089796,73728725944.7496,1.0,1.0,1.0,45.668823874999994,0.0001478125,9704086084.99994
4,16,30,90,23,55,2704,0.05036169850167265,102916625.52278475,8517849177.952697,54308255998.79474,1.0,1.0,1.0,29.2176001875,0.0001160625,7206436946.699784
4,16,40,63,23,48,2927,0.0584412582539996,57016748.08484881,7166888235.275092,37949780488.17808,1.0,1.0,1.0,24.851944749999994,0.00015862500000000002,5268267311.668177
4,16,50,35,23,39,1883,0.056560935101376844,69875565.88856295,5374649300.72272,30240491412.409637,1.0,1.0,1.0,19.235697749999996,5.96875e-05,4147891813.7937455
4,16,60,26,23,21,796,0.05712923363862137,38546112.567782685,4087968202.8719482,25377337320.881145,1.0,1.0,1.0,16.3487258125,5.93125e-05,3382309580.1601763
4,16,70,34,23,23,724,0.05588348714696399,28440698.47532681,3626489395.5062957,21905871928.31078,1.0,1.0,1.0,13.6442485,0.00011775000000000002,2935793501.194291
4,16,80,0,23,0,0,0.05949715193897538,31312228.964048814,2451032556.3132787,15166021901.033283,1.0,1.0,1.0,13.2423525625,5.7999999999999994e-05,2028727203.6984532
4,16,90,0,23,0,0,0.05769559603639631,43158393.53616068,3310268688.0583415,17719658094.78633,1.0,1.0,1.0,11.332838000000002,5.9812500000000004e-05,2464230372.834153
4,16,100,0,23,0,0,0.060311919364637825,30539259.393435694,2692984622.371883,14623761935.805546,1.0,1.0,1.0,11.037856375,0.00018087500000000002,2022350551.166776
4,16,110,0,23,0,0,0.04788690168599123,26175850.889939502,2443305354.2151585,16388976611.593678,1.0,1.0,1.0,8.001544375,6.343749999999999e-05,2145881792.2184436
4,16,120,0,28,0,0,0.04782512957557488,24299595.855042934,3024625085.1301994,19875793016.440422,1.0,1.0,1.0,7.473694312499999,0.00011887499999999999,2609514002.631215
4,17,10,62,23,48,1914,0.0595602608402752,237714919.87444335,22526677674.352463,140068378592.64478,1.0,1.0,1.0,95.42202123529412,0.00016411764705882357,18678573426.731686
4,17,20,60,23,54,2327,0.05818859251037291,135716280.58915776,11276338590.190872,72753629657.22203,1.0,1.0,1.0,47.0727195882353,7.952941176470587e-05,9625631876.75975
4,17,30,84,23,39,1739,0.06292390601505742,75738669.17630713,7410885094.937831,44391650604.22861,1.0,1.0,1.0,33.62125788235294,5.794117647058824e-05,5974359002.262184
4,17,40,80,23,42,2168,0.0633253491731614,58641548.11652471,5305294474.192011,35524477364.42638,1.0,1.0,1.0,25.69099470588235,6.405882352941175e-05,4654555603.491054
4,17,50,37,23,29,1418,0.06303015649590572,50595392.53765418,5429820363.5966625,29922641089.764214,1.0,1.0,1.0,21.549377882352942,6.076470588235293e-05,4113644862.8095255
4,17,60,0,23,0,0,0.060017969900255666,39401514.77481517,4301572830.348948,24070898734.25778,1.0,1.0,1.0,17.046431823529414,6.652941176470585e-05,3294985425.5379953
4,17,70,0,23,0,0,0.05583924110573522,31163501.10754912,3734154139.0405316,24602382501.016056,1.0,1.0,1.0,14.816917470588235,5.811764705882353e-05,3228883463.972
4,17,80,0,23,0,0,0.05944971849809368,32002340.532195758,3310706353.380467,18899519624.26053,1.0,1.0,1.0,12.564643647058821,6.323529411764704e-05,2574494816.4464445
4,17,90,0,23,0,0,0.05889326691030578,42427753.67301512,2833044734.570746,15508975312.455627,1.0,1.0,1.0,11.541872529411764,6.535294117647057e-05,2147205855.1004894
4,17,100,0,0,0,0,0.06013964127567693,31179846.77012694,2473309026.423917,16136898226.597952,1.0,1.0,1.0,11.39547276470588,6.311764705882353e-05,2130177470.6828635
4,17,110,0,23,0,0,0.05599341081068646,23940043.803070292,2600689589.2113843,15540862906.81716,1.0,1.0,1.0,9.083056764705884,0.0001166470588235294,2090982199.1284964
4,17,120,0,23,0,0,0.0603127418252023,16672736.257146116,1823676712.7904308,11272942552.215784,1.0,1.0,1.0,9.102924470588235,0.00010094117647058826,1503700473.0166576
4,18,10,80,23,57,2457,0.06068039583097175,236092830.95077744,22458591530.324715,144840278672.87643,1.0,1.0,1.0,95.22809788888888,5.9388888888888894e-05,19141010744.53706
4,18,20,72,23,51,2169,0.06279054568949273,117089907.05508834,10011043000.179813,64731349552.97533,1.0,1.0,1.0,49.85701305555555,9.62222222222222e-05,8557306274.886488
4,18,30,69,23,46,2255,0.0645443836422144,79656372.80704206,7364396292.976861,42814811141.06105,1.0,1.0,1.0,33.81253366666667,0.00010894444444444443,5810119687.272045
4,18,40,60,23,35,1501,0.06507092576800355,57287294.82735372,5524361262.702206,30882898529.07196,1.0,1.0,1.0,26.392598777777778,8.844444444444445e-05,4233263097.3382316
4,18,50,39,23,18,753,0.06491959011675695,46046244.36145039,3515592997.9440637,26334062756.529243,1.0,1.0,1.0,21.425582777777777,6.23888888888889e-05,3368757153.1644783
4,18,60,29,23,31,1412,0.06234924716769213,49408788.34529356,4215006370.2898383,24444414053.221622,1.0,1.0,1.0,17.58607438888889,6.016666666666667e-05,3322028754.601456
4,18,70,47,23,29,1351,0.05689438958987579,31890441.738222897,2897527092.425809,22057922570.43629,1.0,1.0,1.0,14.915003777777779,8.922222222222224e-05,2807620919.6106467
4,18,80,0,23,0,0,0.06334931942423573,37967705.76758316,3442067246.207213,20085715316.14693,1.0,1.0,1.0,13.074724555555557,7.705555555555554e-05,2723562317.6717973
4,18,90,0,23,0,0,0.06078547262961125,30788038.189098544,2399036878.801862,15709364776.027744,1.0,1.0,1.0,11.430726222222223,6.422222222222221e-05,2072295429.943117
4,18,100,0,23,0,0,0.06491090704778439,29278390.34325572,1864501328.3008935,12763885130.483868,1.0,1.0,1.0,10.652722111111112,0.00014016666666666667,1669783605.141537
4,18,110,0,28,0,0,0.05998696496362435,25900860.576354448,2757450839.60355,14186159954.367195,1.0,1.0,1.0,10.221735722222222,6.788888888888888e-05,1988236720.8071225
4,18,120,0,23,0,0,0.0600255781167328,19327815.412769113,2122888401.5566266,14392470032.687971,1.0,1.0,1.0,8.453050222222222,6.411111111111113e-05,1877354117.020669
4,19,10,71,23,52,1929,0.0661490113627757,206344860.14808592,18868493684.845303,115922867283.2882,1.0,1.0,1.0,100.44466821052632,0.00011221052631578948,15510426434.488985
4,19,20,82,23,48,2157,0.0667440796111982,121577299.22283815,9042051578.020802,55596158369.0936,1.0,1.0,1.0,50.91529310526315,5.831578947368419e-05,7453130042.033496
4,19,30,100,23,44,2094,0.0710179575827554,73059189.34693459,6156592745.202516,38726102457.275024,1.0,1.0,1.0,34.533621947368424,0.00020494736842105265,5155070077.815406
4,19,40,89,23,51,2600,0.06590457209982854,49324260.05524174,5066852071.125359,32600854693.7509,1.0,1.0,1.0,26.172363052631578,6.168421052631578e-05,4307982752.097405
4,19,50,46,23,0,0,0.06500211214145869,64190950.18465477,4093388548.560861,26840861158.854603,1.0,1.0,1.0,21.548653736842105,0.00021163157894736845,3547697397.0667686
4,19,60,0,23,0,0,0.06756323162132094,63602349.41374762,4445709259.640347,26121680653.124462,1.0,1.0,1.0,17.452824210526316,6.505263157894737e-05,3545831485.782715
4,19,70,0,23,29,765,0.06128942801789463,35443529.856397845,2738766964.895843,15773412634.957697,1.0,1.0,1.0,14.89709952631579,6.18421052631579e-05,2149905062.316623
4,19,80,0,23,0,0,0.06462497591690718,48013379.36019168,2504742836.386116,16370481407.31582,1.0,1.0,1.0,14.162362947368422,7.136842105263156e-05,2171606011.662472
4,19,90,0,23,0,0,0.06789541137392091,29114674.590457585,2155444495.125909,12237402910.975044,1.0,1.0,1.0,12.56306489473684,7.005263157894737e-05,1675209407.3145263
4,19,100,0,24,0,0,0.062070415569305204,24281610.159799207,2531963442.193915,14597241639.051905,1.0,1.0,1.0,10.346784052631579,0.00011715789473684213,1983113933.9641583
4,19,110,0,28,0,0,0.06110660638488583,17202902.905238368,2272324607.4616814,14725879436.272692,1.0,1.0,1.0,10.146489210526315,0.00011384210526315792,1939094852.5228798
4,19,120,0,24,0,0,0.061765140806443186,20501661.19905416,2311051488.6278963,14367072293.56983,1.0,1.0,1.0,8.927324684210523,6.147368421052632e-05,1913268650.5341399
4,20,10,80,23,55,2079,0.06872246879164874,214891777.83609468,17614062758.093304,114154791404.24312,1.0,1.0,1.0,101.8999234,0.00026824999999999993,15088715497.357416
4,20,20,93,23,56,2358,0.06720916975428043,98630590.70015255,8956753937.661886,54742946472.8985,1.0,1.0,1.0,50.67172665,6.489999999999999e-05,7334686629.42363
4,20,30,52,23,43,2230,0.07832826735575482,119062760.4761047,6171338294.290652,37942512766.52494,1.0,1.0,1.0,36.818246349999995,8.740000000000001e-05,5111862708.525062
4,20,40,79,23,39,2383,0.06997673249862542,71718802.40599138,5662614841.294002,31007966594.587914,1.0,1.0,1.0,27.550674499999996,0.00013995,4283522669.9332833
4,20,50,33,23,29,1233,0.07038283285186311,45803197.986000255,3782479756.4970675,27604580717.01119,1.0,1.0,1.0,21.700165600000002,5.775e-05,3549016167.2797713
4,20,60,40,23,40,2146,0.07194999274737805,48927610.562144145,3254221396.344038,21660228653.37934,1.0,1.0,1.0,17.983280899999997,0.00017205000000000003,2851116393.6713943
4,20,70,0,23,21,777,0.07294883440235692,36103539.0340897,3580449940.4298797,16650789422.65188,1.0,1.0,1.0,17.055270800000002,6.564999999999998e-05,2406441333.33708
4,20,80,0,28,0,0,0.07572982212508265,35895337.76913606,2709560229.115595,15712488606.012487,1.0,1.0,1.0,15.18655745,6.115000000000001e-05,2138287576.5603032
4,20,90,0,23,0,0,0.07468866092757939,16749929.147678848,2411414314.704768,14030014175.231165,1.0,1.0,1.0,13.986372650000003,9.989999999999999e-05,1897009169.725613
4,20,100,0,23,0,0,0.06388153909184854,25753227.98306345,1625256427.7038302,12356312492.810488,1.0,1.0,1.0,10.341907099999998,9.94e-05,1578709748.9393315
4,20,110,0,23,0,0,0.06852279409474206,19627398.34496185,1955243046.2902596,10555800305.313097,1.0,1.0,1.0,10.140003150000002,7.944999999999999e-05,1460367774.02848
4,20,120,0,23,0,0,0.061532437883184535,14270423.885669196,2247685608.746304,15316758055.573559,1.0,1.0,1.0,9.406259449999997,0.00015150000000000002,1991202182.5790184
5,1,10,16,8,9,339,0.008734416770833335,1790477664.688873,102972958424.17934,621626294681.1481,1.0,1.0,1.0,0.0,5.6e-05,84010555517.23265
5,1,20,19,9,8,468,0.009171268178104576,1230016616.104294,67723910177.07584,413390306802.23346,1.0,1.0,1.0,0.0,5.9e-05,55744824345.91127
5,1,30,13,10,8,409,0.009031536904761906,805823599.479106,44816704688.88742,273451583219.03787,1.0,1.0,1.0,0.0,5.9e-05,36872575778.31639
5,1,40,11,10,7,240,0.007867657738095238,267595557.85177,22084786594.138737,143752050801.75558,1.0,1.0,1.0,0.0,6e-05,18979479288.49929
5,1,50,6,11,3,138,0.009444269379844963,259917523.17657098,28424481603.001007,160912841192.61917,1.0,1.0,1.0,0.0,5.5e-05,21958122705.08548
5,1,60,8,11,0,0,0.008471685855263157,245591402.773025,15820485735.627043,92770582952.05872,1.0,1.0,1.0,0.0,5.6e-05,12613069423.272158
5,1,70,6,11,4,193,0.008790863636363637,186339183.143822,12698394288.429825,83576660988.73026,1.0,1.0,1.0,0.0,6.2e-05,11027782383.7594
5,1,80,12,11,4,206,0.008412239942528736,406491131.80768204,19287120875.32444,103566263658.35475,1.0,1.0,1.0,0.0,5.5e-05,14498594332.165504
5,1,90,0,11,0,0,0.00854980689102564,237327440.23642498,12967334426.59941,65788870075.329956,1.0,1.0,1.0,0.0,6.5e-05,9338483100.018097
5,1,100,0,11,0,0,0.00853047537878788,287185356.624528,14378820899.58273,77500012417.05328,1.0,1.0,1.0,0.0,5.6e-05,10826795170.258804
5,1,110,0,12,0,0,0.009364067460317461,270885962.604423,12865585042.431154,62816433810.208694,1.0,1.0,1.0,0.0,1e-05,9044380562.330153
5,1,120,0,23,0,0,0.008046855208333334,156153752.328414,8525640390.426018,56985897080.33192,1.0,1.0,1.0,0.0,6.2e-05,7513025411.748019
5,2,10,29,13,16,722,0.010692720878816297,1751466311.168391,117754196073.5763,708226781493.0132,1.0,1.0,1.0,0.0,5.55e-05,95599543780.83423
5,2,20,25,15,16,646,0.010161829503645518,741475477.008329,55907668853.7872,368345382690.6018,1.0,1.0,1.0,0.0,5.7e-05,48535104872.72321
5,2,30,27,16,12,353,0.00902070835672246,477848507.3330045,30412290277.17912,206963540598.14456,1.0,1.0,1.0,0.0,5.75e-05,27113306069.38314
5,2,40,42,16,18,849,0.010679130461601308,477599517.728418,31875815010.26642,192095800018.9581,1.0,1.0,1.0,0.0,5.9e-05,25919062665.358734
5,2,50,28,16,17,622,0.010679253220274392,458083789.13271046,21421295769.77145,130775559579.30214,1.0,1.0,1.0,0.0,5.8e-05,17682473763.277153
5,2,60,17,16,7,267,0.010656922487745099,367564343.994389,20068752179.48655,119694208358.20328,1.0,1.0,1.0,0.0,5.7e-05,16240466311.513466
5,2,70,17,16,13,857,0.010044511067708334,343127467.7848075,22008545353.866837,129083698843.22571,1.0,1.0,1.0,0.0,5.5e-05,17550268181.545067
5,2,80,0,16,0,0,0.009992279500110229,341897892.3632395,18644126136.42726,97929008873.47415,1.0,1.0,1.0,0.0,4.85e-05,13761054638.286926
5,2,90,0,16,0,0,0.008754652268518518,151088115.282005,12541255703.016026,80276138324.6018,1.0,1.0,1.0,0.0,5.6500000000000005e-05,10641626652.760548
5,2,100,0,24,0,0,0.009105628376152832,248454358.636596,14418473493.028599,80634679077.89526,1.0,1.0,1.0,0.0,5.7e-05,11121080656.440619
5,2,110,0,16,0,0,0.008426244836760462,212664747.69457752,13284696814.988384,76408428639.27286,1.0,1.0,1.0,0.0,5.6500000000000005e-05,10446647549.310925
5,2,120,0,28,0,0,0.011707404605263157,237849381.2731205,11993086259.853024,61785644908.55495,1.0,1.0,1.0,0.0,5.6500000000000005e-05,8743676308.717041
5,3,10,39,17,25,1124,0.012671696424363424,1531353879.4599762,121552975968.55598,715461672447.0835,1.0,1.0,1.0,0.048883666666666666,5.933333333333333e-05,96928710152.8311
5,3,20,37,19,25,1057,0.012462648258186644,627423474.4694203,57106613462.28976,355620529335.84894,1.0,1.0,1.0,0.3340673333333333,5.666666666666667e-05,47422572055.73471
5,3,30,27,19,17,657,0.014090739944287507,470807117.18294066,34117369732.206158,208566052279.47043,1.0,1.0,1.0,0.0,5.6000000000000006e-05,28009644155.416092
5,3,40,18,19,16,740,0.01280421668474153,402666815.3641687,30560541577.64511,194723838213.69797,1.0,1.0,1.0,0.0,5.7e-05,25866358906.653492
5,3,50,28,19,16,633,0.01267918029150735,247052211.38537169,21888731865.670635,134981312861.92232,1.0,1.0,1.0,0.0,5.833333333333333e-05,18048814206.295868
5,3,60,20,19,16,604,0.013084782538082438,219682342.62879768,15473335980.20466,90200812944.18408,1.0,1.0,1.0,0.0,5.7e-05,12268526129.299255
5,3,70,0,19,0,0,0.012532429208287723,153982281.01797235,15238337603.437515,88115298364.83183,1.0,1.0,1.0,0.04314133333333334,5.633333333333334e-05,11966984952.69752
5,3,80,0,19,16,1260,0.012384226871636594,225919634.14338169,14684501697.863237,85800727316.55687,1.0,1.0,1.0,0.0,5.9e-05,11675116814.128448
5,3,90,0,19,0,0,0.010897542207628825,147149000.29853132,13067353323.478546,75464293440.42903,1.0,1.0,1.0,0.05318733333333333,5.766666666666667e-05,10262904307.718632
5,3,100,0,19,0,0,0.011821936507936509,182680678.79353765,10672455507.655052,67095092964.03895,1.0,1.0,1.0,0.0,5.7e-05,8971876872.090137
5,3,110,0,24,0,0,0.013328996304418453,269352223.73595667,11118249270.48567,61445474192.67556,1.0,1.0,1.0,0.06787266666666668,5.833333333333333e-05,8556743828.687757
5,3,120,0,19,0,0,0.014822678376906318,196036219.57111534,10170263870.709646,53794826156.71699,1.0,1.0,1.0,0.0,5.7333333333333336e-05,7550760742.513164
5,4,10,46,19,33,1599,0.015121279295397314,1392381927.1792083,117893305736.0147,714036685622.9392,1.0,1.0,1.0,0.0016885,5.775e-05,95956997057.5148
5,4,20,56,20,30,1178,0.014091016949830025,496703647.5678835,49257107126.84502,316387410670.6068,1.0,1.0,1.0,0.30165375,5.575e-05,41837855043.429855
5,4,30,38,21,31,1033,0.013159503251616153,346508388.844199,29912240107.926037,192061582847.16907,1.0,1.0,1.0,0.24906849999999997,5.575000000000001e-05,25431162176.421818
5,4,40,37,21,21,720,0.01489264673054217,258900693.071841,22623077816.083046,145360859331.55463,1.0,1.0,1.0,0.02471275,5.75e-05,19241931980.415855
5,4,50,43,21,16,672,0.015433341658258938,352788670.6745983,21534290422.475117,127283480746.47246,1.0,1.0,1.0,0.28658475,5.8e-05,17282158226.381924
5,4,60,21,21,25,1319,0.016062161891078272,257732303.65582073,17969971330.436825,100416663859.74573,1.0,1.0,1.0,0.0,5.6750000000000004e-05,13816073263.62077
5,4,70,0,21,0,0,0.013618975260416666,236299166.07252526,18003984197.214893,98484496343.40674,1.0,1.0,1.0,0.07431475,5.75e-05,13614655888.714619
5,4,80,0,21,0,0,0.016323461000851882,168488726.79718375,12289095994.985271,70583109090.02246,1.0,1.0,1.0,0.34477875,5.6500000000000005e-05,9634072214.274536
5,4,90,0,21,0,0,0.015895672654054643,105471224.25089225,13739922614.110271,71418285168.17455,1.0,1.0,1.0,0.35126825,5.8e-05,9963642894.104431
5,4,100,0,21,0,0,0.014226113130482457,105248702.6155295,9831456577.246939,58700525794.816635,1.0,1.0,1.0,0.003029,5.7e-05,7910017985.748652
5,4,110,0,21,0,0,0.01500052711397059,106471639.16367799,8829498432.72023,50409222928.08435,1.0,1.0,1.0,0.0,5.6250000000000005e-05,6881352125.766815
5,4,120,0,21,0,0,0.016188632571717924,101371731.624184,9279737754.830833,53567160099.83659,1.0,1.0,1.0,0.10436275,5.75e-05,7283623771.637749
5,5,10,58,21,38,1586,0.017159887472288013,1108707063.6650326,94588349451.94136,582844094799.2994,1.0,1.0,1.0,1.6687416,5.62e-05,77978174306.70792
5,5,20,58,23,36,1050,0.01717442622006394,454150443.19194305,39289884782.67729,235901520994.01425,1.0,1.0,1.0,0.296638,5.6999999999999996e-05,31766034363.89546
5,5,30,50,22,34,1388,0.01745343786999697,375406955.2597186,29802272523.18345,178659712677.81284,1.0,1.0,1.0,1.614001,5.6999999999999996e-05,24089210633.159336
5,5,40,33,22,28,998,0.016005241872778304,222455571.6347958,21036774203.961765,132225752473.61568,1.0,1.0,1.0,0.7540560000000001,5.5599999999999996e-05,17585648984.0556
5,5,50,28,22,21,816,0.017780958079058235,223390939.29318056,18017054437.056343,109561399532.81406,1.0,1.0,1.0,0.5774250000000001,5.52e-05,14715924494.714737
5,5,60,35,22,21,1137,0.0160256500053717,218469634.89376616,16363966000.391174,93795536501.16272,1.0,1.0,1.0,0.3362062,5.6999999999999996e-05,12805275592.174213
5,5,70,0,22,25,968,0.01344776547744481,236561572.12933642,16901511886.787876,97684928761.50284,1.0,1.0,1.0,0.022868199999999998,5.6800000000000005e-05,13314388352.899817
5,5,80,0,22,0,0,0.01975298088066221,85837971.84367299,9482794949.560522,58796836496.814,1.0,1.0,1.0,1.4305974000000001,5.9600000000000005e-05,7836329212.732251
5,5,90,0,25,0,0,0.018279673321324144,139060506.569872,10898069123.25927,60818930165.234375,1.0,1.0,1.0,0.4327788,5.94e-05,8358849192.912997
5,5,100,0,25,0,0,0.016412435759803924,148084280.44990617,9296542909.458527,58424480965.76321,1.0,1.0,1.0,0.23492739999999998,5.64e-05,7805415672.77253
5,5,110,0,23,0,0,0.019092185975364506,142865453.8909154,9237170442.57306,47495275747.27441,1.0,1.0,1.0,0.8848464,4.98e-05,6696967476.16064
5,5,120,0,23,0,0,0.01888929058016636,121723517.4086802,6735259741.114052,43572661176.76073,1.0,1.0,1.0,0.7546296,5.66e-05,5789524523.8398075
5,6,10,61,23,41,1995,0.021058904895812147,1086041419.613406,95357813047.63997,566284480621.6549,1.0,1.0,1.0,9.4086255,5.8e-05,76460239623.96553
5,6,20,54,23,41,1793,0.020705688033871177,532549564.26026016,42396853328.312126,265049777178.15195,1.0,1.0,1.0,5.2215405,6.133333333333334e-05,35357133055.00691
5,6,30,44,23,28,960,0.020899290120692877,290660212.13238615,24626957741.510876,151457327490.86255,1.0,1.0,1.0,3.0186214999999996,5.849999999999999e-05,20274586431.900776
5,6,40,47,23,26,1045,0.02016381493928561,189734291.6273688,19536496878.9817,117825819145.75246,1.0,1.0,1.0,1.8374964999999996,7.466666666666666e-05,15822695285.609192
5,6,50,22,23,33,1435,0.02060375485940934,247409199.86275053,17188138064.37357,96736498075.89247,1.0,1.0,1.0,2.017893,8.016666666666666e-05,13284463850.690603
5,6,60,0,23,19,658,0.018943727457837442,167961266.1589725,12494341178.394194,81187578172.41554,1.0,1.0,1.0,1.2943360000000002,5.716666666666666e-05,10735198932.665785
5,6,70,0,23,0,0,0.02078890576507832,123263026.78262018,11516498718.453674,67309011758.82267,1.0,1.0,1.0,1.6211715,6.283333333333333e-05,9120485030.349527
5,6,80,0,23,0,0,0.02013537774761907,130083608.21443252,10340233564.82123,62231920240.11502,1.0,1.0,1.0,1.2337299999999998,6.116666666666667e-05,8382297256.42055
5,6,90,0,23,0,0,0.01920730359913907,139954121.0255185,9376544170.699041,57519761642.71286,1.0,1.0,1.0,0.3793815,9.016666666666667e-05,7725252880.49723
5,6,100,0,23,0,0,0.020814797951356465,137703186.40008834,8121927587.767684,49902241032.70318,1.0,1.0,1.0,1.2546705,5.750000000000001e-05,6711001844.908586
5,6,110,0,23,0,0,0.02242776457286926,155470279.3156347,7993672275.946078,48859753957.39047,1.0,1.0,1.0,2.0620566666666664,6.25e-05,6593539036.582095
5,6,120,0,23,0,0,0.02148920807291667,75909867.06997865,6627493369.9957695,39442040576.2284,1.0,1.0,1.0,1.2128843333333332,8.316666666666666e-05,5322839632.35522
5,7,10,60,23,42,1723,0.023539350919873945,737409883.9135674,73536126762.62204,445264997160.3276,1.0,1.0,1.0,20.686347714285716,5.757142857142857e-05,59749911897.34511
5,7,20,59,23,43,1705,0.023766501855242213,416236329.6772491,34254821825.22288,219602664425.08176,1.0,1.0,1.0,10.615935428571431,6.2e-05,29102596191.678043
5,7,30,46,23,38,1416,0.024775294110082953,247323955.28179112,22231471103.884422,124585345359.26198,1.0,1.0,1.0,9.901389571428572,5.542857142857143e-05,17077955481.824125
5,7,40,38,23,14,504,0.0249389576883903,157753428.19084957,14915206510.933537,84598018023.50845,1.0,1.0,1.0,7.378131142857144,8.099999999999999e-05,11553270471.544834
5,7,50,42,23,41,2163,0.021336917092792507,210459828.5551394,19356573985.159935,98682187772.2352,1.0,1.0,1.0,2.684466857142857,6.185714285714286e-05,13886855441.700628
5,7,60,30,23,16,911,0.023568553383262893,136271359.26722544,10637677332.043795,66877721514.046936,1.0,1.0,1.0,3.9766021428571428,6.685714285714286e-05,8910697551.200834
5,7,70,0,23,0,0,0.02608493877508954,98753172.03273499,9782821766.406332,57253961365.0968,1.0,1.0,1.0,5.308776857142857,5.6000000000000006e-05,7751087686.3858795
5,7,80,0,23,0,0,0.02473920573084497,158628489.37281772,9249950040.191092,52388537109.37805,1.0,1.0,1.0,3.9036908571428577,5.585714285714286e-05,7199883643.750884
5,7,90,0,25,0,0,0.02424016966380569,94208770.333079,8212061503.4603815,48985243991.87737,1.0,1.0,1.0,2.890882428571429,5.757142857142858e-05,6606882825.681929
5,7,100,0,23,0,0,0.021058651607886746,125530813.87063327,8413460250.062491,49430593537.26966,1.0,1.0,1.0,1.266091,8.457142857142856e-05,6713622967.004354
5,7,110,0,26,0,0,0.02350111767419089,104299040.51803471,7429025916.045754,41760358702.06169,1.0,1.0,1.0,2.147919857142857,5.7714285714285716e-05,5734850371.541641
5,7,120,0,25,0,0,0.02546880210008246,68597598.29419143,5656544930.970635,30646420746.24306,1.0,1.0,1.0,2.585605142857143,6.057142857142856e-05,4243969367.5060043
5,8,10,62,23,43,1780,0.026404168550198497,691357721.8733155,66297687473.242676,392221064019.53705,1.0,1.0,1.0,33.356148,5.7999999999999994e-05,52965594157.48189
5,8,20,39,23,41,1397,0.026186268044096357,309515791.6769011,29411099603.4079,172175193028.31647,1.0,1.0,1.0,15.544971249999998,5.9875e-05,23316400209.843426
5,8,30,66,23,34,1663,0.026193940401767007,299075675.0298005,21589201283.220272,132037239052.27567,1.0,1.0,1.0,10.961441375,0.00027025,17730917086.257126
5,8,40,78,23,40,1458,0.023095177978575555,159057305.0354241,15927754037.748291,93178404020.17308,1.0,1.0,1.0,4.930646,7.487499999999999e-05,12614731300.889668
5,8,50,59,23,35,1613,0.02432859046815463,107639753.48500587,12277649607.835148,79579554929.67322,1.0,1.0,1.0,5.314282499999999,7.262499999999999e-05,10488833218.122131
5,8,60,0,23,38,2345,0.02730778491413964,173808735.65066874,9653041638.355736,57464921037.86064,1.0,1.0,1.0,6.704994125,7.225000000000001e-05,7798766516.580895
5,8,70,0,28,0,0,0.026118337725129913,102055229.69015124,8916925513.273632,56894838703.466576,1.0,1.0,1.0,4.939679875,6.2625e-05,7544307611.543598
5,8,80,36,23,0,0,0.024644337134685536,101272411.29597288,8516868802.881409,48089891898.64133,1.0,1.0,1.0,3.395312,6.1125e-05,6583253622.747491
5,8,90,0,24,0,0,0.02426720433891337,99559369.77312663,8557723676.389567,45668654594.76581,1.0,1.0,1.0,3.481016125,5.6125e-05,6348101737.627072
5,8,100,0,24,0,0,0.02642203314393939,95332443.39409176,8432813433.319147,43904603473.98287,1.0,1.0,1.0,3.7638873750000004,7.9e-05,6143755727.252926
5,8,110,0,23,0,0,0.02913311027148488,51304552.207406126,4481657970.268272,30262773547.662075,1.0,1.0,1.0,3.9443543749999996,7.2e-05,3958522117.4040136
5,8,120,0,23,0,0,0.028564152483367328,66172234.96593562,5120886386.189064,32032492496.39814,1.0,1.0,1.0,4.15468,5.6375e-05,4273747072.4884157
5,9,10,64,23,45,1735,0.027753474060914506,624775283.1070161,57606982231.8345,351402762263.4449,1.0,1.0,1.0,37.5798151111111,5.677777777777777e-05,47099015208.292854
5,9,20,61,23,43,1725,0.02966616835285232,320000407.2062103,27764659109.054436,171180827257.44992,1.0,1.0,1.0,22.927632555555554,0.00023355555555555556,22895014733.010406
5,9,30,37,23,38,1565,0.026710253055274517,246052997.6746837,18937433274.148735,116979198738.5619,1.0,1.0,1.0,12.372208333333333,9.777777777777777e-05,15657643572.8573
5,9,40,44,24,45,1834,0.026200459985113236,175663945.8925198,15071363451.740877,87209804735.95801,1.0,1.0,1.0,8.323659444444443,6.511111111111111e-05,11858217889.276726
5,9,50,34,23,29,1667,0.02757495303482161,163651759.21764967,12055813351.00518,70944008304.89594,1.0,1.0,1.0,7.641465666666666,0.00015422222222222223,9620119698.284021
5,9,60,67,23,28,1285,0.02955346916486705,77935394.16504113,9266936272.304207,52939345113.35269,1.0,1.0,1.0,7.781348333333333,6.78888888888889e-05,7201876507.251552
5,9,70,31,23,21,1161,0.03121665810134476,94267988.00293523,7662839260.680226,47610747881.859795,1.0,1.0,1.0,7.253558777777777,6.955555555555556e-05,6359630199.733479
5,9,80,0,23,0,0,0.03816398175873766,91458558.68227212,7187858488.783025,34342042317.58043,1.0,1.0,1.0,9.360741666666666,7.844444444444445e-05,4935796879.340713
5,9,90,0,23,0,0,0.03397719516708215,78511108.224179,6576841444.942269,37150120947.036224,1.0,1.0,1.0,6.488303111111112,8.466666666666666e-05,5085338130.548935
5,9,100,0,23,0,0,0.027771602507870214,81538306.54442923,6893211760.222987,39297850392.216515,1.0,1.0,1.0,4.06788,7.477777777777778e-05,5365504187.355144
5,9,110,0,23,0,0,0.029584578850997252,94765257.81586424,5825615792.285252,36264329565.047615,1.0,1.0,1.0,4.407775222222223,6e-05,4857891775.479226
5,9,120,0,25,0,0,0.030836432008577844,84830316.28447443,4279339052.5417275,27502055892.503006,1.0,1.0,1.0,4.497346111111111,5.6555555555555555e-05,3665454600.818947
5,10,10,76,23,47,1889,0.030309103786789256,557097340.5700738,53371763818.41484,338286130851.22705,1.0,1.0,1.0,46.73707250000001,6.489999999999999e-05,44892933785.23504
5,10,20,65,23,43,1624,0.030724080715042578,263162891.68063688,24519747589.753185,158605904602.7086,1.0,1.0,1.0,24.036407999999998,0.00014120000000000002,20948753898.040783
5,10,30,63,24,40,1613,0.03290922582027987,186596221.3363814,16443150872.617859,96683491130.10648,1.0,1.0,1.0,18.212759499999997,6.0199999999999986e-05,13087596563.154564
5,10,40,68,23,28,1216,0.03275022390056249,118197450.51008129,11454018045.122957,71436196652.40685,1.0,1.0,1.0,13.4910074,7.47e-05,9517161430.610678
5,10,50,29,24,23,1021,0.031915421146628015,119724784.15914822,10925308681.312393,60071744983.93196,1.0,1.0,1.0,10.1892241,0.0001153,8276043538.752919
5,10,60,0,23,0,0,0.03186487422537256,54119804.37060909,7887084105.9665165,47981704458.28664,1.0,1.0,1.0,8.7427345,0.0002369,6413471091.486616
5,10,70,28,24,27,1296,0.029834085927031535,124688823.7295715,7216760220.150179,44266946024.62526,1.0,1.0,1.0,7.051352200000001,0.0002038,5957328791.78157
5,10,80,0,25,0,0,0.030618362749825746,61384353.430205,6252171622.265101,39886432366.024124,1.0,1.0,1.0,6.0397498999999994,6.84e-05,5282046581.485357
5,10,90,0,24,0,0,0.0293336233364899,106481256.190234,6354611215.709238,36465116625.78749,1.0,1.0,1.0,5.326597900000001,6.21e-05,4991970761.149122
5,10,100,0,25,0,0,0.032976298390637135,35520458.6510797,3807198697.7589965,25893559017.610973,1.0,1.0,1.0,5.647697000000001,0.0005655,3375659937.081124
5,10,110,0,23,0,0,0.034121846363197,88548580.437749,4910973238.568696,33325876745.85984,1.0,1.0,1.0,5.0133316,0.0001409,4376766306.048216
5,10,120,0,24,0,0,0.030202923787069413,57385863.47268669,4822408649.143896,32848599545.90644,1.0,1.0,1.0,4.3681768000000005,6.739999999999998e-05,4289511769.066854
5,11,10,68,23,49,2153,0.032865389213134255,616440700.9883251,53111875693.398674,332080750369.4856,1.0,1.0,1.0,54.28704890909091,0.00012536363636363637,44261958431.88528
5,11,20,77,24,49,2031,0.034827831088241785,275432379.2416169,23834154977.29034,141672017279.9028,1.0,1.0,1.0,30.12123527272727,5.809090909090909e-05,19126835258.39592
5,11,30,48,24,36,1554,0.03528098357840474,175358016.3466936,14185231356.945343,84772102760.80025,1.0,1.0,1.0,20.572931454545458,6.772727272727273e-05,11437007069.447882
5,11,40,24,24,26,1182,0.03244597678212292,125833871.28682318,13394151156.906322,74519799913.71005,1.0,1.0,1.0,13.618826363636362,0.000135,10218893873.09151
5,11,50,26,23,22,765,0.03716276060524971,96566595.78573719,8975784417.29488,48944281242.87953,1.0,1.0,1.0,13.541603454545458,5.8727272727272734e-05,6757181565.567799
5,11,60,91,24,28,1590,0.034758179385304795,119793454.429563,7719620217.9526615,48092624087.2985,1.0,1.0,1.0,10.153928454545454,7.30909090909091e-05,6437041825.758869
5,11,70,0,23,0,0,0.03527390497807443,66546313.61482418,8328581336.918732,44661181154.76762,1.0,1.0,1.0,9.216783,0.00018745454545454545,6178416761.757912
5,11,80,0,24,0,0,0.03628940655455146,61416193.892369635,5729803167.446153,36795804076.36546,1.0,1.0,1.0,7.238807,0.00010118181818181817,4868532344.72313
5,11,90,0,23,0,0,0.035074811449198946,93558131.20912908,5936362179.652589,37658615406.43456,1.0,1.0,1.0,7.053632636363636,6.763636363636363e-05,5018624637.089454
5,11,100,0,24,0,0,0.033500379319165684,83650716.47597519,4491418007.33438,29644299724.429188,1.0,1.0,1.0,6.163352,5.709090909090908e-05,3921269047.9403186
5,11,110,0,23,0,0,0.0346430595876924,50347869.73465128,5375433199.021319,29256945356.045082,1.0,1.0,1.0,5.744404545454546,6.39090909090909e-05,4036024658.5218143
5,11,120,0,23,0,0,0.03355403471012889,49127532.81529245,4272874908.739595,28049528476.96105,1.0,1.0,1.0,5.288612363636364,8.78181818181818e-05,3693917078.6733174
5,12,10,64,23,51,1795,0.03498393062821058,468389191.68780285,39843002759.72016,260606537565.8741,1.0,1.0,1.0,58.709213,0.00031808333333333336,34357126489.26193
5,12,20,55,24,47,1825,0.03395485466707504,270772186.074147,23168532662.71887,145204094016.02515,1.0,1.0,1.0,28.394391916666667,0.00017600000000000002,19343656341.301548
5,12,30,39,23,48,1741,0.03650928668301579,165087765.7594395,14271690742.67008,80460153234.91599,1.0,1.0,1.0,20.303742916666668,5.991666666666665e-05,11015914819.75087
5,12,40,47,24,35,1453,0.03656695959910856,175217584.7001514,10788147428.180391,63811586586.63152,1.0,1.0,1.0,15.907237083333333,0.000208,8661440384.187323
5,12,50,43,24,48,2112,0.042071304902078915,61892134.54516258,7822743933.745933,42524184218.764626,1.0,1.0,1.0,15.136484666666668,0.00019175000000000005,5860291636.719554
5,12,60,36,24,61,3676,0.03600832593246342,95846973.46816935,7784478656.949452,45377143742.8718,1.0,1.0,1.0,10.817650416666666,0.00019241666666666666,6161702939.588065
5,12,70,0,25,0,0,0.03786316944762414,104239242.37375735,6674608099.637227,36401915200.96168,1.0,1.0,1.0,10.263735916666667,0.00019366666666666664,5048080564.550345
5,12,80,0,23,0,0,0.03429889687653203,83695170.15462625,6605820706.069526,36883972789.4275,1.0,1.0,1.0,7.757417333333333,7.041666666666667e-05,5068148004.907695
5,12,90,0,23,0,0,0.041213985607062686,76762626.22294241,6310611727.982914,35139342883.88988,1.0,1.0,1.0,9.112740249999998,0.000128,4829790432.156297
5,12,100,0,0,0,0,0.03445042357227794,52919007.56837533,5016847802.040863,30606307904.51059,1.0,1.0,1.0,5.840738583333334,0.00021375,4101043630.040999
5,12,110,0,23,0,0,0.04030016406679258,56746372.23041151,4165230923.1791134,24049288124.397923,1.0,1.0,1.0,6.933862333333333,0.0002021666666666667,3277697426.8204255
5,12,120,0,23,0,0,0.03782428330834386,47649126.218039334,4102559139.346723,22455355948.78327,1.0,1.0,1.0,5.786952583333332,0.00020266666666666667,3099401785.215532
5,13,10,65,23,47,1876,0.03768253283497915,454197568.23177975,40010921308.64363,266094350166.209,1.0,1.0,1.0,65.45170615384615,5.646153846153847e-05,34929557293.6693
5,13,20,88,24,45,1904,0.03872945972845255,209148542.6403325,17938142178.266003,116177812321.51024,1.0,1.0,1.0,34.08956823076923,0.00022515384615384615,15351813500.066345
5,13,30,59,24,42,1804,0.03926458150039354,135532894.22392464,13068341210.141289,80336214787.02684,1.0,1.0,1.0,22.571209615384614,6.976923076923077e-05,10742162648.631187
5,13,40,61,24,34,1820,0.04276222407197457,153579973.24665046,8983373252.47649,49885202374.69259,1.0,1.0,1.0,19.14254,7.138461538461538e-05,6892700785.923983
5,13,50,26,23,27,1497,0.03698247929122991,93575060.66916853,7625620294.669413,51993140526.511505,1.0,1.0,1.0,13.697761999999999,0.00021453846153846157,6789940594.152151
5,13,60,0,23,0,0,0.03592094367606708,146557406.66469038,7954681337.913453,46367503537.123604,1.0,1.0,1.0,10.918323769230767,0.00014384615384615385,6330276758.010923
5,13,70,0,23,0,0,0.037179707663526455,92186999.76278415,6631784507.119933,37653292934.503136,1.0,1.0,1.0,10.182011692307693,7.969230769230772e-05,5156217049.925257
5,13,80,0,24,0,0,0.036103732683711406,52419440.74364837,5085158626.784522,34115981916.29903,1.0,1.0,1.0,7.850177461538461,6e-05,4465323490.751341
5,13,90,0,23,0,0,0.045570145454307535,43098109.025186144,4895761784.537441,25812663652.35829,1.0,1.0,1.0,9.428072615384615,6.8e-05,3590587356.919943
5,13,100,0,23,0,0,0.04288242726058663,39269146.43819277,3927030990.6161237,23107069653.670208,1.0,1.0,1.0,7.594973538461537,0.00025346153846153845,3123601532.337504
5,13,110,0,24,0,0,0.035695405611200146,36238286.642536685,3727523721.592466,22970876534.100082,1.0,1.0,1.0,5.871050461538461,0.00018523076923076926,3067959172.1319647
5,13,120,0,24,0,0,0.04001144886039886,49091523.25787915,4326538239.374269,23410173702.661663,1.0,1.0,1.0,6.320905230769231,6.0538461538461545e-05,3240689056.241383
5,14,10,73,24,46,1611,0.04020756316238676,408559183.1715449,33927110910.956673,222377902233.58325,1.0,1.0,1.0,69.97015814285713,6.514285714285713e-05,29309203531.897793
5,14,20,53,23,49,1872,0.041714614972583434,229148375.99540016,17807387328.206043,108532298148.9989,1.0,1.0,1.0,37.07286621428572,5.921428571428571e-05,14575110983.324297
5,14,30,62,23,50,1957,0.040224586012810155,156448973.37756878,13014965114.816574,74162281967.83586,1.0,1.0,1.0,23.672142142857137,0.00012942857142857143,10128735398.320435
5,14,40,83,24,36,1587,0.03933184296177722,108471715.04994366,9393062086.419966,57324546445.489975,1.0,1.0,1.0,16.811778285714286,0.000162,7686997189.076608
5,14,50,39,23,53,2323,0.027582341385597446,132882848.21198764,12559545423.165745,75107041732.74147,1.0,1.0,1.0,10.052949214285716,9.971428571428573e-05,10115631207.427578
5,14,60,39,24,29,1762,0.043347260201265336,86972835.68578744,7182935480.854669,38501249925.128815,1.0,1.0,1.0,13.209342357142857,6.899999999999997e-05,5347593015.863398
5,14,70,0,24,0,0,0.04781440636045891,84996360.14533114,5376188665.237256,34324988328.586304,1.0,1.0,1.0,12.737902500000002,6.8e-05,4567233962.23454
5,14,80,0,25,0,0,0.041209937311159406,93506066.76671185,5567228894.151589,32072913310.915516,1.0,1.0,1.0,9.562861785714286,9.478571428571428e-05,4386191314.537854
5,14,90,0,24,0,0,0.04912551298964347,45806017.66743322,3527255659.2921524,21529104600.22004,1.0,1.0,1.0,10.376162071428569,6.342857142857142e-05,2890425758.629868
5,14,100,0,23,0,0,0.03768978489035766,37245060.457852,3560088001.0866766,21851539424.088844,1.0,1.0,1.0,6.8656725000000005,0.00012628571428571425,2923243054.423782
5,14,110,0,25,0,0,0.04109285757157029,56366567.58340293,3801132720.3012056,22470585859.65503,1.0,1.0,1.0,6.998191500000002,0.00017392857142857143,3046741696.241155
5,14,120,0,24,0,0,0.04006446873421717,52346423.877462134,4101266523.213408,22043970410.66306,1.0,1.0,1.0,6.450372857142858,9.914285714285715e-05,3061292813.6861815
5,15,10,61,24,48,1927,0.043764131761933014,385728572.5504023,33129694643.852833,214560078512.43427,1.0,1.0,1.0,76.40053946666667,0.0002292666666666667,28351956451.275974
5,15,20,68,24,51,1918,0.04223281082703006,247915810.86983475,18111148752.618885,109058428504.54233,1.0,1.0,1.0,37.557220199999996,0.00018540000000000003,14701613506.090052
5,15,30,52,24,41,2112,0.045821244915931175,133498561.58777426,11006385919.77364,64607392570.709625,1.0,1.0,1.0,27.30261993333333,0.00012373333333333332,8755465315.735334
5,15,40,29,24,44,2172,0.04642533877066911,126771585.10680981,9042378416.78259,48360072081.49825,1.0,1.0,1.0,20.4539754,0.0002604,6733222912.127897
5,15,50,30,23,0,0,0.053011845930003416,88600032.51680422,6618653088.927168,37339313774.61362,1.0,1.0,1.0,18.85438806666667,0.00017053333333333335,5119681935.933956
5,15,60,0,24,22,649,0.044829151028934415,65780630.842383,5963613247.543958,36004290525.657394,1.0,1.0,1.0,12.819352666666669,6.119999999999998e-05,4839198087.54072
5,15,70,24,24,0,0,0.04819865960324784,88267740.43441446,4765316581.753341,30757359822.800697,1.0,1.0,1.0,12.448279333333335,0.00011440000000000002,4090586662.4067335
5,15,80,0,23,0,0,0.045649541872190315,78143329.58774458,4960334875.38201,27771798146.66579,1.0,1.0,1.0,11.4970246,6.766666666666665e-05,3823947070.016906
5,15,90,0,24,0,0,0.045911999842372125,47841134.305778615,3466836427.1920295,21210528675.57951,1.0,1.0,1.0,9.382740466666666,5.7066666666666674e-05,2847908905.664373
5,15,100,0,25,0,0,0.04587756871913581,52323246.27371474,3071297372.2255373,20451560441.29341,1.0,1.0,1.0,8.071799733333332,0.00017226666666666666,2696041755.25657
5,15,110,0,26,0,0,0.047543088794242024,28521025.120575868,2806492991.868397,19350534076.613964,1.0,1.0,1.0,7.820990466666668,0.00017173333333333332,2516316688.9884815
5,15,120,0,0,0,0,0.038550245580808086,77139370.29816332,4099994632.2920756,24557125516.97454,1.0,1.0,1.0,6.3189953999999995,7.419999999999997e-05,3329709009.192583
5,16,10,84,24,45,1822,0.04739112796988469,340582181.93436337,30195756222.65109,203354624100.62042,1.0,1.0,1.0,81.38353631250001,0.00017000000000000004,26613020830.996376
5,16,20,70,24,56,2259,0.043805725041665175,202023406.46419385,16041747804.275406,105232951844.89514,1.0,1.0,1.0,38.39769125000001,0.0002246875,13873060963.758495
5,16,30,78,24,46,2172,0.04702803434441682,121529214.49439795,11259793526.498932,66277685779.382454,1.0,1.0,1.0,27.102272,0.00012781250000000002,8964797615.84379
5,16,40,50,24,30,1657,0.04563798751879498,96156507.8551797,7896774490.992249,46387976467.062004,1.0,1.0,1.0,20.245710125,0.00011193749999999998,6285462012.346238
5,16,50,53,24,29,1782,0.04989943715383021,55675225.93184018,5916316300.184902,37072150269.714745,1.0,1.0,1.0,18.736803375000004,5.924999999999998e-05,4929450863.592234
5,16,60,49,24,26,1336,0.04997753890671524,89482055.11945306,6842789599.711112,39050559517.95702,1.0,1.0,1.0,14.51552325,0.00015575000000000002,5336251246.904122
5,16,70,27,24,0,0,0.04283983086536582,45700796.50428887,4709232783.680405,32427116872.05672,1.0,1.0,1.0,11.083876062499998,7.443749999999999e-05,4216548752.8337684
5,16,80,0,26,0,0,0.05204681009424603,81506412.97873774,4924122183.262988,25269487548.702522,1.0,1.0,1.0,12.048917,6.7e-05,3568827627.7973356
5,16,90,0,24,0,0,0.04725338775628307,75298834.93819694,4547470168.968396,26286336263.11597,1.0,1.0,1.0,10.042852187500001,0.0001634375,3590836800.377047
5,16,100,0,24,0,0,0.0414278942581507,69406996.44412588,4420533239.534928,29073630150.052467,1.0,1.0,1.0,7.831318375,5.9e-05,3840054525.7481985
5,16,110,0,24,0,0,0.052591857552600034,32473815.378280252,2943009615.458256,15325083998.586578,1.0,1.0,1.0,9.121088062500002,5.8499999999999985e-05,2143841953.494175
5,16,120,0,24,0,0,0.0418091705989829,28485665.085280564,3407285557.302135,20927453130.48124,1.0,1.0,1.0,6.946481125,5.86875e-05,2794142359.1981263
5,17,10,73,24,51,1874,0.04857918431828965,274325657.9112048,27109088307.935013,173404845190.99353,1.0,1.0,1.0,83.18301035294117,0.00010547058823529414,22954329782.536797
5,17,20,89,24,48,1969,0.050929371064695514,167179990.6960462,15143518705.700323,92147625085.88971,1.0,1.0,1.0,43.117555176470596,6.0176470588235285e-05,12360492056.810528
5,17,30,60,24,43,2224,0.05491286866175181,115746431.50292625,9570572307.19148,52503023045.92862,1.0,1.0,1.0,30.605665705882355,6.358823529411765e-05,7245439135.478569
5,17,40,58,24,50,2483,0.0438502455431247,130927721.21442,8693489830.11834,51474169569.16871,1.0,1.0,1.0,19.99182641176471,0.0001567058823529412,6977764240.825106
5,17,50,26,24,47,2392,0.04642679183832093,76421873.05756877,5905515501.065233,40039430030.11247,1.0,1.0,1.0,16.81721723529412,0.00026864705882352933,5238541341.0494
5,17,60,47,24,42,1765,0.05004711405348678,63751908.079298876,5715829864.464988,33922254242.59044,1.0,1.0,1.0,14.550219823529414,0.00014858823529411764,4580017669.240967
5,17,70,0,24,0,0,0.05229862518218778,70597692.96251388,5386293967.047125,30115456582.55939,1.0,1.0,1.0,13.659397058823531,7.758823529411762e-05,4138222777.0033836
5,17,80,0,24,0,0,0.05432094256571314,73059879.88962288,4859067867.066553,26652473328.860584,1.0,1.0,1.0,12.252009411764707,7.105882352941176e-05,3688202768.5381584
5,17,90,0,24,0,0,0.0445117422320973,41888970.188990764,3980352623.281722,25340687648.247,1.0,1.0,1.0,10.065127470588235,0.00023735294117647055,3359461524.3322697
5,17,100,0,24,0,0,0.050666762656104106,25440591.179803587,2739106592.895678,15042665515.746267,1.0,1.0,1.0,9.146875470588235,6.164705882352941e-05,2069896243.6477947
5,17,110,0,24,0,0,0.0569032691771974,30864894.928816885,2531601153.6841702,15385152856.68387,1.0,1.0,1.0,9.636382529411765,6.570588235294117e-05,2066440900.4186661
5,17,120,0,24,0,0,0.0494915039784664,42520437.69023295,2882893760.639916,17562735877.19679,1.0,1.0,1.0,8.501154470588236,6.28235294117647e-05,2362616608.67559
5,18,10,72,24,48,1893,0.050372275322462225,298121480.1407225,29592166387.885277,182903347238.2257,1.0,1.0,1.0,85.00624133333334,0.00026416666666666667,24417452670.97016
5,18,20,83,24,49,2184,0.05204728001068572,201804515.9690285,14042536582.87483,86097076098.43407,1.0,1.0,1.0,44.209358777777794,6.138888888888888e-05,11559477896.496183
5,18,30,83,24,50,2386,0.054158870609240656,152487626.99241388,9401982668.097052,53885745064.73562,1.0,1.0,1.0,30.301512444444445,0.0003833333333333333,7375712247.68951
5,18,40,23,24,30,1643,0.050094408387987586,84780936.12256667,7034966566.303326,44249947734.9545,1.0,1.0,1.0,22.23309166666667,5.9888888888888886e-05,5891334645.43936
5,18,50,99,24,45,2301,0.0558146673648804,103926434.39459148,5847937074.409629,33628566067.076702,1.0,1.0,1.0,19.25256561111111,6.522222222222221e-05,4605192441.879498
5,18,60,29,24,24,960,0.05883955718037269,88790950.14889711,4722364190.661077,29073536935.08066,1.0,1.0,1.0,16.798481444444445,6.527777777777778e-05,3913980123.5107594
5,18,70,0,24,19,566,0.0543691152653545,55813179.53536872,4043091315.326643,24492696292.05507,1.0,1.0,1.0,13.87384927777778,0.0001196666666666667,3296957057.287527
5,18,80,0,24,0,0,0.05197236854741838,41291101.52801287,4022740191.999588,22432611786.983414,1.0,1.0,1.0,12.301320277777778,8.827777777777779e-05,3076712934.271812
5,18,90,0,24,0,0,0.04710939496502725,43143999.69015355,3869585121.0990458,23342203985.0473,1.0,1.0,1.0,9.541436666666668,6.683333333333334e-05,3138338180.4791813
5,18,100,0,24,0,0,0.04763391302726337,28591782.40770911,2555840206.4054356,17570530372.343315,1.0,1.0,1.0,9.177133888888887,7.355555555555555e-05,2288235285.7388234
5,18,110,0,24,0,0,0.050625842950555104,52050289.867757276,3128676020.9531574,18659927876.7808,1.0,1.0,1.0,8.350065833333334,0.00038366666666666665,2528163157.8692083
5,18,120,0,24,0,0,0.044803051054986026,22608950.289278552,2529817274.7094073,15086819059.288227,1.0,1.0,1.0,6.991129222222223,7.15e-05,2030471595.011036
5,19,10,68,24,51,1786,0.05089205568418008,278316978.6283317,25062758408.083,166835746401.71823,1.0,1.0,1.0,85.70978568421053,0.0001424736842105263,21890947837.275566
5,19,20,59,24,44,1923,0.055112923441269855,176678071.7799666,13509359351.091866,81927063083.57248,1.0,1.0,1.0,45.636648894736844,6.231578947368422e-05,11018252631.583738
5,19,30,78,24,53,2338,0.05204500971852465,112854494.65639016,8893558661.38728,55834125644.5878,1.0,1.0,1.0,29.655639157894736,0.00018015789473684214,7441122314.475685
5,19,40,47,24,29,1455,0.060477544069341214,84038336.87871067,6467122449.227493,34539306029.579735,1.0,1.0,1.0,24.866623631578946,6.0684210526315785e-05,4806181820.691827
5,19,50,59,24,58,2941,0.054139990529704314,101227860.15820141,6144759492.201988,34702918598.960655,1.0,1.0,1.0,18.44213442105263,0.0002601052631578947,4770103180.144908
5,19,60,40,24,37,1386,0.048476013305404825,68000400.58363917,5172765139.02556,34883384140.8594,1.0,1.0,1.0,14.486927421052629,7.45263157894737e-05,4570491659.00549
5,19,70,34,24,65,2388,0.049187976588071405,72543398.61540607,4725854571.940965,28804063936.143707,1.0,1.0,1.0,13.375175526315788,7.45263157894737e-05,3876357628.519772
5,19,80,0,24,0,0,0.05420011759981307,56116213.36654395,3432732316.80149,21710405063.422802,1.0,1.0,1.0,12.286622210526316,0.00011721052631578949,2896868265.2261796
5,19,90,0,25,0,0,0.06006337077198203,58692421.1651732,4011591688.390146,22700106007.726395,1.0,1.0,1.0,12.62209384210526,0.00015015789473684212,3113413577.9906406
5,19,100,0,26,0,0,0.057998760112402216,23876346.593309157,2223994752.2627406,14429357157.483677,1.0,1.0,1.0,10.938123684210524,0.00015173684210526318,1904448060.7816486
5,19,110,0,24,0,0,0.04938535744830827,39457144.13457922,3750101845.8659635,21172241373.29817,1.0,1.0,1.0,8.43032447368421,0.00014236842105263157,2894864470.1462073
5,19,120,0,24,0,0,0.05026960417580409,39381382.18484932,3083389275.9115787,18076257528.752968,1.0,1.0,1.0,8.26991942105263,9.410526315789475e-05,2451870539.025949
5,20,10,61,24,54,2307,0.05681497449524788,314395807.67783695,26501988915.135113,171400813542.5615,1.0,1.0,1.0,93.48349015,5.634999999999999e-05,22660555799.678406
5,20,20,54,24,46,2059,0.05964822942094763,168003911.94265932,13064204649.566513,74990885160.05334,1.0,1.0,1.0,47.94479869999999,0.00022904999999999996,10229531977.11488
5,20,30,65,24,48,2248,0.05706184772344029,100813784.05909531,8715409175.614101,52914599027.54796,1.0,1.0,1.0,32.37918094999999,0.00012555000000000004,7105111246.487967
5,20,40,34,24,37,2087,0.05686437420573247,98857625.6053932,6173578843.474122,37004252988.994026,1.0,1.0,1.0,24.466408800000004,0.0001358,5004341299.311861
5,20,50,52,24,42,2164,0.058835124313991,71979209.9725326,5164532250.721342,33085536573.42208,1.0,1.0,1.0,19.586205350000004,0.0001661,4391845469.245854
5,20,60,38,24,18,842,0.060942834264354,70859793.30405006,5124678481.953933,28886555572.797638,1.0,1.0,1.0,16.7642547,0.00010625000000000001,3963193035.896632
5,20,70,0,24,35,1902,0.060183897590184686,52388453.147745505,4024828874.021079,23819867419.195137,1.0,1.0,1.0,16.386369100000003,8.855000000000001e-05,3223624362.4653826
5,20,80,0,24,0,0,0.055401827478956236,48694428.53300451,3745841783.900598,22555745024.921955,1.0,1.0,1.0,12.4440496,5.794999999999997e-05,3038828904.735756
5,20,90,0,24,0,0,0.06022431022218089,50992148.18786465,3199435428.120678,19668255063.34264,1.0,1.0,1.0,11.8771344,6.775000000000001e-05,2642407043.617936
5,20,100,0,25,0,0,0.05510127817294974,24610499.500292003,2562892559.2240458,15429514026.433163,1.0,1.0,1.0,10.067607549999998,5.954999999999998e-05,2072757219.847361
5,20,110,0,24,0,0,0.053876191980820096,46911349.65150689,2695066594.839976,16593657477.980438,1.0,1.0,1.0,9.200278700000002,8.455000000000001e-05,2231216970.960532
5,20,120,0,25,0,0,0.05245753288111773,29047317.0507824,2448519496.099046,15000891973.034107,1.0,1.0,1.0,8.4418191,6.22e-05,2010126181.158678
6,1,10,14,24,7,291,0.008520452604166668,1874352173.614343,104327229958.51213,631839925243.3206,1.0,1.0,1.0,0.0,5.6e-05,85361485036.56429
6,1,20,16,24,7,388,0.009085531049679487,1112941786.938186,65479500581.205444,417081140241.86694,1.0,1.0,1.0,0.0,5.6e-05,55583073390.28427
6,1,30,15,24,6,162,0.008099046803652967,480919308.46181,28041280754.583714,192205091930.66556,1.0,1.0,1.0,0.0,5.8e-05,25165408858.90632
6,1,40,6,24,5,165,0.008128176515151514,425803659.50867003,23419079904.860634,133063792526.90918,1.0,1.0,1.0,0.0,5.7e-05,18288257794.31887
6,1,50,7,24,6,389,0.008714348958333333,626963246.051657,27624979276.110493,170287971125.0531,1.0,1.0,1.0,0.0,6.2e-05,22992667238.963303
6,1,60,6,24,3,121,0.00844823629385965,226272077.796298,14738728879.687948,94326858404.92906,1.0,1.0,1.0,0.0,5.5e-05,12538822069.887669
6,1,70,0,24,5,212,0.009558180989583333,310139566.945238,18403562200.43062,115015114283.38425,1.0,1.0,1.0,0.0,6.1e-05,15399321564.285954
6,1,80,0,24,2,86,0.0082424375,429532568.091502,18599210477.372974,98008430649.78445,1.0,1.0,1.0,0.0,5.7e-05,13821357957.116848
6,1,90,0,24,0,0,0.00809518287037037,183491368.230991,17486735838.980278,100809623087.35057,1.0,1.0,1.0,0.0,5.5e-05,13706753433.292572
6,1,100,0,24,0,0,0.007549309027777778,243579553.13717598,16327457460.371975,88690046871.99883,1.0,1.0,1.0,0.0,5.5e-05,12305001865.470064
6,1,110,0,10,0,0,0.009135419507575758,244415594.034026,14493115057.908253,67530459606.260124,1.0,1.0,1.0,0.0,5.8e-05,9822759887.03123
6,1,120,0,24,0,0,0.008571647817460318,281781953.762044,12270058093.195377,69576557424.74695,1.0,1.0,1.0,0.0,5.7e-05,9608914727.746956
6,2,10,26,24,14,737,0.010408878405311042,2080042607.4308157,131746813622.29791,818203610769.9413,1.0,1.0,1.0,0.0,5.55e-05,109625753625.65504
6,2,20,24,24,13,437,0.00940925122747319,629478298.428332,46629462382.56149,306639539064.1992,1.0,1.0,1.0,0.0,6.75e-05,40430481190.83177
6,2,30,28,24,15,578,0.00986221608495671,544776788.8621215,36031185257.33736,239258531256.53876,1.0,1.0,1.0,0.0,5.6e-05,31513433928.324593
6,2,40,13,24,9,504,0.01032314828525641,458166287.2718275,32855629848.465103,196210794386.67798,1.0,1.0,1.0,0.0,5.75e-05,26512921808.45085
6,2,50,9,24,10,372,0.009836380808044998,370793995.5343575,22289451645.409866,140616098796.35452,1.0,1.0,1.0,0.0,5.8e-05,18779056004.59123
6,2,60,0,24,7,251,0.01024224169973545,322302885.096195,21240075297.630432,130126869733.44745,1.0,1.0,1.0,0.0,5.9999999999999995e-05,17486314051.437912
6,2,70,12,24,0,0,0.010165105794270834,385103869.41325796,22627034550.197998,127040444121.28574,1.0,1.0,1.0,0.0,5.6000000000000006e-05,17499024029.757214
6,2,80,0,24,0,0,0.008733446120689655,200004879.23740298,13966989389.985897,90982834006.05952,1.0,1.0,1.0,0.0,5.9e-05,12031684693.069061
6,2,90,0,24,0,0,0.010110195520833334,160382175.266048,11458877599.674238,71236795748.69794,1.0,1.0,1.0,0.0,6e-05,9527722616.49062
6,2,100,0,24,0,0,0.011256611990440115,194675515.69081253,12500650237.40379,70015164414.8273,1.0,1.0,1.0,0.0,5.75e-05,9637919348.946812
6,2,110,0,24,0,0,0.00945444724025974,218768676.0424515,12155925949.556322,68230049401.27321,1.0,1.0,1.0,0.0,5.8e-05,9407328202.268053
6,2,120,0,24,0,0,0.008808321219715956,127552717.3228285,9060883944.23384,59799365333.60283,1.0,1.0,1.0,0.0,5.75e-05,7881400223.332784
6,3,10,32,24,22,1085,0.011860538668882786,1833715230.8994408,131116346158.46324,795716298080.3395,1.0,1.0,1.0,0.0,5.5666666666666674e-05,107078499700.35596
6,3,20,25,24,21,784,0.01097847015508753,800164520.5833176,57174097954.75387,343300085147.056,1.0,1.0,1.0,0.0,5.833333333333333e-05,46324943269.06445
6,3,30,35,24,20,678,0.011200340824385804,453431918.99353,32902191022.173306,215076949158.81604,1.0,1.0,1.0,0.0,5.633333333333334e-05,28405535462.611492
6,3,40,9,24,13,439,0.01129310442743764,394627360.9512784,26456177146.695755,158141572583.88464,1.0,1.0,1.0,0.069658,5.8666666666666665e-05,21381631839.09373
6,3,50,11,24,10,355,0.011817038194444443,236591829.01847968,19405866444.113464,117385842912.63869,1.0,1.0,1.0,0.0,5.766666666666667e-05,15785371859.399252
6,3,60,0,24,0,0,0.011110625666386084,278289359.74801934,17904378679.50176,104087243235.231,1.0,1.0,1.0,0.0,5.766666666666667e-05,14184402610.24682
6,3,70,0,24,0,0,0.010487717549189817,192828664.36446765,19223777747.199028,112650582681.57057,1.0,1.0,1.0,0.0,5.933333333333333e-05,15244793881.65174
6,3,80,0,24,0,0,0.012933608774038463,182163770.68907365,14278837695.276724,85811568942.02132,1.0,1.0,1.0,0.0,5.933333333333333e-05,11564439071.739573
6,3,90,0,25,0,0,0.010235249155092592,292961153.7103813,15319737050.750711,81512598705.43797,1.0,1.0,1.0,0.0,5.833333333333333e-05,11420280087.290956
6,3,100,0,28,0,0,0.011398667075517075,186075054.08984366,11017737460.240479,62105247249.611534,1.0,1.0,1.0,0.0,5.933333333333333e-05,8544324753.871884
6,3,110,0,24,0,0,0.010243747354497354,140995176.223249,11788224013.310179,66675621692.70341,1.0,1.0,1.0,0.0,5.8666666666666665e-05,9123903594.2884
6,3,120,0,18,0,0,0.013087642996550472,102991560.64520834,9091100117.009083,53531616617.69729,1.0,1.0,1.0,0.0,5.833333333333333e-05,7243475776.62294
6,4,10,52,24,29,1225,0.01317805990659526,1368919654.9775305,108936251470.31955,666654224010.8579,1.0,1.0,1.0,0.25176575,6e-05,89410916451.55113
6,4,20,54,25,30,1308,0.0131489813095057,832431595.9443429,55227961098.81062,355086834773.42615,1.0,1.0,1.0,0.0,5.525e-05,47136977813.26554
6,4,30,35,25,23,996,0.012829635146835189,514812041.64040947,37495411626.8138,237391483862.11566,1.0,1.0,1.0,0.02030325,5.6500000000000005e-05,31598599139.635067
6,4,40,31,25,15,627,0.01294872320617243,406049774.7629635,24963622057.00557,151558773041.4745,1.0,1.0,1.0,0.0,5.6750000000000004e-05,20432836556.882397
6,4,50,49,25,23,1088,0.0132847841957991,281381128.91455877,22565259751.555405,140507978141.55643,1.0,1.0,1.0,0.0,5.75e-05,18760816553.706665
6,4,60,17,25,17,848,0.01370059385325661,237653995.29480425,18307512688.395687,99826009658.8749,1.0,1.0,1.0,0.197433,5.6500000000000005e-05,13810461298.423784
6,4,70,0,25,0,0,0.013135564670138888,221918312.97675627,15049252984.776451,87762334879.36133,1.0,1.0,1.0,0.0,6.5e-05,11941426902.974873
6,4,80,0,28,0,0,0.014127945286458332,157866444.769206,12121725469.866272,70200120065.01123,1.0,1.0,1.0,0.0,5.8e-05,9554863610.812572
6,4,90,0,28,0,0,0.013000602028877673,191322523.447782,12929980470.195978,71753873888.7524,1.0,1.0,1.0,0.0,5.8e-05,9895309248.327633
6,4,100,0,25,0,0,0.011316319805194803,155221331.22683752,11592506996.297657,71338542289.76064,1.0,1.0,1.0,0.0,5.6750000000000004e-05,9561010559.094137
6,4,110,0,26,0,0,0.01176905078125,116655746.90764375,9647544595.854252,61335112490.27368,1.0,1.0,1.0,0.0,5.875e-05,8144679190.033316
6,4,120,0,21,0,0,0.0118858683959695,178955759.40855026,10811525040.764206,58358759819.77857,1.0,1.0,1.0,0.0,5.7e-05,8123450020.716438
6,5,10,56,25,35,1504,0.014820622071934589,1186909471.5607355,110059925418.56754,677510797157.0886,1.0,1.0,1.0,0.2970226,5.599999999999999e-05,90593901427.23746
6,5,20,54,25,33,1353,0.014595671608801427,582803158.6908414,49963227398.61958,325461959353.32715,1.0,1.0,1.0,0.24951020000000002,5.64e-05,42946803624.06709
6,5,30,43,25,26,967,0.016464484874338627,389986059.3374214,30852784707.22225,188584867790.93912,1.0,1.0,1.0,1.164934,5.66e-05,25302033956.065094
6,5,40,51,25,23,1051,0.014444323598021534,290508921.3886968,27983037878.57431,167262672990.4009,1.0,1.0,1.0,0.046356999999999995,5.58e-05,22526231118.527466
6,5,50,49,25,16,571,0.014032006629655971,280146135.22832316,19840978147.13,121921425910.18204,1.0,1.0,1.0,0.0452596,5.72e-05,16356440513.90917
6,5,60,22,25,15,599,0.016049746321454228,219373782.1836122,16831539374.708643,94576719548.725,1.0,1.0,1.0,0.325505,5.599999999999999e-05,12977541474.942844
6,5,70,24,25,0,0,0.014459020241369955,199615925.03694695,12986220922.525982,84159671697.00308,1.0,1.0,1.0,0.0,5.7799999999999995e-05,11152942500.731121
6,5,80,0,25,0,0,0.015443470236440493,209351065.94685778,13224758813.616308,78493949724.19246,1.0,1.0,1.0,0.3736576,5.6800000000000005e-05,10640892478.698338
6,5,90,0,25,0,0,0.015673734301046176,126399789.123902,10617215273.522827,63002210041.99165,1.0,1.0,1.0,0.05946320000000001,5.6999999999999996e-05,8512143910.034525
6,5,100,0,25,0,0,0.014429325190058481,136446454.26627058,10264631126.10646,61781520309.01186,1.0,1.0,1.0,0.11799,5.94e-05,8326590772.601254
6,5,110,0,25,0,0,0.015487337634553091,83401008.209768,7532012715.394717,48592259273.18944,1.0,1.0,1.0,0.25845799999999997,5.9000000000000004e-05,6424009174.033102
6,5,120,0,25,0,0,0.016789772234477127,150427473.31165963,8791722449.116581,51094041296.940025,1.0,1.0,1.0,0.263205,5.8e-05,6973047848.70345
6,6,10,50,25,37,1475,0.01790850344052665,1055412987.4905266,90391496984.97722,539927373334.42914,1.0,1.0,1.0,4.4158591666666664,5.7333333333333336e-05,72809825801.69328
6,6,20,51,25,36,1459,0.018328126169389326,485647298.20539236,43756179719.16137,284053359282.57764,1.0,1.0,1.0,1.9830718333333335,7.8e-05,37496524971.30627
6,6,30,61,25,34,1446,0.018034967745092233,407327025.63776153,30060212925.30467,194014465154.99362,1.0,1.0,1.0,1.4627581666666665,6.116666666666666e-05,25698618011.21661
6,6,40,42,25,30,1134,0.01645989153394179,274241532.24666566,21751750788.45949,129303549838.09973,1.0,1.0,1.0,0.6332523333333334,5.7166666666666676e-05,17472674210.351307
6,6,50,21,25,31,1191,0.016309647650937478,187527380.67470536,15344997037.679205,99902897787.75502,1.0,1.0,1.0,1.0259705,6.066666666666666e-05,13190558347.371704
6,6,60,28,25,26,1094,0.016920947878172957,207782579.91176304,15482149525.955133,92130892072.085,1.0,1.0,1.0,0.541877,6.316666666666667e-05,12454966915.007421
6,6,70,0,25,0,0,0.017353736987179486,174916613.88399634,14741887159.470963,80996512316.62901,1.0,1.0,1.0,0.45752566666666666,5.633333333333334e-05,11170470290.308287
6,6,80,0,25,0,0,0.018360376948229947,119189056.86815865,10978419558.858055,65713578341.52286,1.0,1.0,1.0,0.7106236666666668,5.6166666666666665e-05,8850474081.675684
6,6,90,0,22,0,0,0.016177074969185908,86938770.16731699,10325866813.771753,64211616702.41799,1.0,1.0,1.0,0.14577533333333334,8.116666666666667e-05,8547192170.486089
6,6,100,0,22,0,0,0.017105930366945753,154523575.93210635,11420843322.306175,58955908564.33865,1.0,1.0,1.0,0.27083133333333337,6.733333333333333e-05,8287926021.882712
6,6,110,0,25,0,0,0.02005255520324583,106343211.54668649,8690800396.943499,48546806324.880226,1.0,1.0,1.0,1.0251358333333334,6.3e-05,6667280954.551048
6,6,120,0,25,0,0,0.01989269464294386,150640437.96980098,7068280897.257851,44046486955.7034,1.0,1.0,1.0,1.1330028333333335,5.6166666666666665e-05,5923753175.728616
6,7,10,58,25,39,1704,0.021313319229854622,1044248763.6049248,88965689469.02695,523789479339.721,1.0,1.0,1.0,12.234445857142857,6.842857142857143e-05,70903059908.69255
6,7,20,56,25,37,1352,0.02073373094070011,371475280.04733914,35664661505.57809,235470982528.66888,1.0,1.0,1.0,5.231581142857143,5.685714285714286e-05,30940063226.5196
6,7,30,61,25,35,1169,0.019997981141715516,293915234.00219387,25212974591.944214,155462587784.0891,1.0,1.0,1.0,3.8637128571428567,0.00015514285714285714,20794594342.98466
6,7,40,34,25,26,972,0.01901383797140199,244001087.40959412,22319760122.099583,131963442616.70203,1.0,1.0,1.0,2.145997285714286,6.528571428571429e-05,17831097037.048767
6,7,50,27,25,24,913,0.019773098789659316,192465227.84267372,15985754739.312618,95640514759.68933,1.0,1.0,1.0,2.5148162857142857,7.542857142857142e-05,12895928071.507294
6,7,60,0,25,0,0,0.019347919487488163,184043700.60318702,15417916567.43887,86349635742.6062,1.0,1.0,1.0,1.5397512857142857,5.7428571428571426e-05,11847377470.549448
6,7,70,0,25,23,1378,0.020061113020833334,122188705.41710316,11672472516.635532,64687350468.84125,1.0,1.0,1.0,1.120029142857143,8.085714285714284e-05,8888761638.186731
6,7,80,0,25,0,0,0.025468779463202713,115421669.84219627,9051352730.63793,47258720929.09355,1.0,1.0,1.0,4.3343932857142855,7.242857142857142e-05,6616937788.288276
6,7,90,0,25,0,0,0.024521757781005026,74216301.21683128,7285179533.041411,41555991066.25328,1.0,1.0,1.0,3.6252268571428568,5.6428571428571435e-05,5664586407.496675
6,7,100,0,25,0,0,0.020854472861385715,108547838.26269542,7120753288.896044,45366557281.10018,1.0,1.0,1.0,1.5254022857142857,6.014285714285715e-05,6036789865.113626
6,7,110,0,26,0,0,0.020102116349576687,76967082.87867686,7934274002.810427,47135359849.97285,1.0,1.0,1.0,1.2768234285714286,5.428571428571429e-05,6354267737.08387
6,7,120,0,23,0,0,0.020512738716736693,82789562.77198699,7238872691.056865,42296857436.33025,1.0,1.0,1.0,1.2784414285714285,6.500000000000001e-05,5735412969.287211
6,8,10,57,25,44,1902,0.022721013364863513,927033158.813982,81991597919.55598,499298005721.1505,1.0,1.0,1.0,17.666178125,6.275e-05,66977043290.2312
6,8,20,62,25,37,1400,0.023650928079723927,421146522.44694686,34057854652.94771,213573076832.75604,1.0,1.0,1.0,11.427984,6.125000000000001e-05,28463681129.437416
6,8,30,61,25,40,1393,0.021456512590320758,261994538.06185952,23976949935.59636,145701872300.70215,1.0,1.0,1.0,4.962434375,5.6374999999999995e-05,19548973371.49408
6,8,40,21,25,42,1654,0.022540809862536593,187132830.40592712,17447010188.871788,105788765448.90826,1.0,1.0,1.0,4.280726125,0.000146625,14199271544.54158
6,8,50,55,25,23,1077,0.024167183868427578,177641020.30085525,14312228796.80755,84715963819.38821,1.0,1.0,1.0,4.780850375,6.3875e-05,11458390833.953
6,8,60,30,25,21,844,0.0218273707161366,180235430.42244026,12521721945.844406,71938490406.48528,1.0,1.0,1.0,3.2715515,6.749999999999999e-05,9824358216.045155
6,8,70,0,25,0,0,0.024118951664040152,159135287.4389794,11656712897.785234,62553010677.53264,1.0,1.0,1.0,3.8192966250000002,6.15e-05,8698038331.094357
6,8,80,0,25,0,0,0.024361160801276836,93435171.40915838,8515061706.152155,50922706169.162506,1.0,1.0,1.0,3.28538825,5.675e-05,6860687563.005678
6,8,90,0,25,0,0,0.01992607255231177,156145725.67755836,9301178267.180593,56780354866.24824,1.0,1.0,1.0,1.6003535,6.912500000000001e-05,7647573140.153417
6,8,100,0,25,0,0,0.021385149546359738,94179479.37807576,7959112022.501806,46948236931.668526,1.0,1.0,1.0,1.3357908750000003,5.7125000000000006e-05,6352571726.4877205
6,8,110,0,25,0,0,0.023089597996312817,104061757.52971223,8606522203.959942,47894152161.5657,1.0,1.0,1.0,1.9805651249999996,5.9000000000000004e-05,6583562877.702672
6,8,120,0,25,0,0,0.024099472303725177,95392943.03901099,6323735689.3227825,37850385997.433365,1.0,1.0,1.0,2.7246193749999996,5.6375e-05,5116560785.019094
6,9,10,57,25,45,1882,0.024672891975364326,852733615.7225252,71052229397.87993,446240306656.428,1.0,1.0,1.0,25.459359999999997,5.633333333333333e-05,59431389965.749054
6,9,20,50,25,48,1676,0.022815057742747183,363027624.71411234,32579919043.304573,209497696985.82413,1.0,1.0,1.0,9.133063777777778,5.655555555555554e-05,27719872804.270786
6,9,30,39,25,31,1134,0.026505508372704403,285261885.80141026,21160538117.26501,126781469652.24916,1.0,1.0,1.0,12.298226777777778,6.622222222222222e-05,17109937854.856245
6,9,40,42,25,26,1028,0.022763078899871336,204582130.16627866,17291976983.256184,106623370566.85028,1.0,1.0,1.0,5.1098386666666675,6.266666666666667e-05,14263939921.480085
6,9,50,32,25,29,1189,0.02690808163677297,198673283.52654177,12366288325.821669,73648216769.47919,1.0,1.0,1.0,7.319483777777776,5.6111111111111114e-05,9977150608.10681
6,9,60,39,25,23,1010,0.025279248522875712,99361162.24945244,9703245926.748909,64172291873.16466,1.0,1.0,1.0,5.192187555555555,6.022222222222222e-05,8427431162.9142
6,9,70,0,25,0,0,0.024333287728249168,121072485.41482812,10128370813.785023,60016298292.194756,1.0,1.0,1.0,4.2554285555555555,5.6888888888888874e-05,8112054712.468272
6,9,80,0,25,0,0,0.02662908812083149,85800402.0053019,7500794111.491657,42264487074.20535,1.0,1.0,1.0,4.465964888888889,5.666666666666666e-05,5786667790.918688
6,9,90,0,25,0,0,0.02357774010020228,83566717.95629412,7754516942.591313,49209463818.40975,1.0,1.0,1.0,2.5601474444444445,0.00024311111111111115,6530346460.918964
6,9,100,0,25,0,0,0.026746847318088292,72549713.58556467,6493651933.346298,39748054981.34702,1.0,1.0,1.0,3.638259111111111,6.4e-05,5324320667.669069
6,9,110,0,25,0,0,0.027709038719232082,121702106.20179889,5908493216.3329315,37687502598.016815,1.0,1.0,1.0,4.243890777777778,5.633333333333333e-05,5035640358.160557
6,9,120,0,25,0,0,0.025946455652006168,75873252.63115111,7207734853.019008,41526039787.4609,1.0,1.0,1.0,2.863500777777778,6.266666666666667e-05,5647262212.878375
6,10,10,57,25,46,1934,0.026284068037489748,708256741.0378764,66602367405.704185,425341087147.8667,1.0,1.0,1.0,31.7180729,6.62e-05,56350361777.26603
6,10,20,58,25,39,1573,0.026968425815220808,388585634.6703009,31338479427.55474,195280328978.5498,1.0,1.0,1.0,17.7511956,6.07e-05,26067738650.30474
6,10,30,47,25,36,1342,0.02808035808641633,210308083.69610068,19813067646.332283,113786592477.82779,1.0,1.0,1.0,13.111998599999998,6.02e-05,15488488378.254658
6,10,40,65,25,26,1041,0.02470402159794423,184444559.3954975,15471951372.545172,96901771915.49522,1.0,1.0,1.0,7.044877500000001,5.6399999999999995e-05,12913678626.34219
6,10,50,28,25,26,1168,0.028517027750615643,152956653.54611114,12091370285.673666,69305348601.29727,1.0,1.0,1.0,8.3601363,5.65e-05,9455878537.79791
6,10,60,34,25,31,1783,0.02748061512268668,131206086.59303999,10406811533.55762,59770868204.02167,1.0,1.0,1.0,6.350350199999999,5.679999999999999e-05,8150293359.4220705
6,10,70,0,25,0,0,0.029550721937991346,94197355.0808436,9027371940.13156,48809533709.835655,1.0,1.0,1.0,6.5739477,5.79e-05,6752365878.298244
6,10,80,0,25,0,0,0.02546199904870009,92247279.4939318,7491983166.875432,51858163459.62948,1.0,1.0,1.0,3.6635318999999997,5.930000000000001e-05,6748786058.230345
6,10,90,0,25,0,0,0.02738198436824409,79158186.13902389,7365215417.147438,44273078971.520615,1.0,1.0,1.0,4.7760226,6.969999999999999e-05,5955761689.34167
6,10,100,0,25,0,0,0.024395729114325214,71969746.88006221,6955903857.963295,43754429575.99648,1.0,1.0,1.0,2.5609725,5.6800000000000005e-05,5817002539.995926
6,10,110,0,25,0,0,0.02570637960858586,57474553.12197779,5672512378.63084,35006731947.89759,1.0,1.0,1.0,2.5677375,6.759999999999999e-05,4675407845.65975
6,10,120,0,25,0,0,0.031384392973184225,73953381.07695471,4936670410.476446,30808744709.402,1.0,1.0,1.0,4.919467,6.0000000000000015e-05,4119975897.635391
6,11,10,67,25,42,1623,0.02968727943900442,569461225.3605304,54128115729.13332,344582870560.04517,1.0,1.0,1.0,45.08190163636363,0.000194,45682532864.73054
6,11,20,49,25,41,1608,0.029234337654530408,328165144.7569813,27018709021.296204,172675416954.49197,1.0,1.0,1.0,21.654964,6.136363636363636e-05,22900999006.92172
6,11,30,45,25,44,1637,0.0304891502973473,206516821.15660164,16829340803.638334,97876283192.24953,1.0,1.0,1.0,16.424545272727276,0.0003167272727272727,13298058183.135334
6,11,40,26,25,23,955,0.03098192455779221,161501892.7546951,13228579564.480555,79447961264.11107,1.0,1.0,1.0,12.068013545454546,0.0003008181818181818,10703563311.341755
6,11,50,31,25,28,1174,0.03302045546988672,137074898.35961008,10638366107.054659,57005065467.85566,1.0,1.0,1.0,11.485339727272727,6.527272727272728e-05,7924132146.660984
6,11,60,37,25,20,1038,0.03063229660281126,100766950.91156654,9212247361.806944,50379308379.79847,1.0,1.0,1.0,8.250648272727274,7.618181818181818e-05,6950917139.501218
6,11,70,0,25,0,0,0.0271029839234044,123920443.53890644,9170872497.88351,55283594009.74768,1.0,1.0,1.0,5.494194272727273,8.645454545454545e-05,7449278186.403298
6,11,80,38,25,25,874,0.02707867426012416,81628434.65631737,8322519706.361106,44146825000.502426,1.0,1.0,1.0,5.137302909090908,0.00011854545454545455,6136326322.490973
6,11,90,0,25,0,0,0.0271779693383873,94856731.269939,7513805641.869386,40178913592.72209,1.0,1.0,1.0,4.07345,0.00027372727272727276,5587052181.01803
6,11,100,0,25,0,0,0.0327166331579563,85111747.70387982,5508183694.991962,29846382049.045933,1.0,1.0,1.0,5.813850545454546,6.072727272727273e-05,4145853141.295883
6,11,110,0,25,0,0,0.031987628368411895,45662602.43996764,5317318705.370316,30510901924.634792,1.0,1.0,1.0,5.406523454545454,6.172727272727273e-05,4146517730.997202
6,11,120,0,25,0,0,0.027463156070717996,71936776.20106627,5606089914.224823,35363441504.1152,1.0,1.0,1.0,3.242169636363636,5.809090909090909e-05,4707917861.655651
6,12,10,63,25,48,1959,0.029588931282063274,645162892.1348861,57694222446.933105,360042182902.9854,1.0,1.0,1.0,44.922354583333345,0.0001895,47994676610.01264
6,12,20,57,25,46,1922,0.02996041043086325,317383177.0538984,26391753922.59882,173672017912.9994,1.0,1.0,1.0,23.068254250000006,6.991666666666667e-05,22867720699.563633
6,12,30,47,25,30,1276,0.032358081053968556,243194790.4923577,16175834600.648315,96228107936.894,1.0,1.0,1.0,17.456979,0.00010791666666666666,13028213991.098244
6,12,40,98,25,43,1831,0.028467520852181377,164098332.17390573,14871315331.388052,87756815121.60918,1.0,1.0,1.0,10.566030583333335,5.7749999999999994e-05,11864813364.526085
6,12,50,62,25,40,1628,0.02918543754919688,110459223.14281209,11626314667.30332,66308603103.37903,1.0,1.0,1.0,8.693219416666667,6.0916666666666645e-05,9033444661.61743
6,12,60,46,25,23,1103,0.029554484116428498,140045151.4289154,9708737622.616524,55931318803.96406,1.0,1.0,1.0,8.162651916666668,0.00013,7632910974.819989
6,12,70,31,25,24,1211,0.0339511790548322,80399119.73750752,5683644438.5609,42300313766.949196,1.0,1.0,1.0,9.09626,6.850000000000001e-05,5423039608.109143
6,12,80,0,25,34,1688,0.027981442820698314,163407432.13677195,8543576204.505954,47154130109.76469,1.0,1.0,1.0,5.170940999999999,0.0003904166666666667,6538513431.136676
6,12,90,0,25,0,0,0.03331273523769102,152033816.31337532,6911987604.369735,39104254743.18942,1.0,1.0,1.0,6.633361833333333,0.00013349999999999997,5399246637.0882225
6,12,100,0,25,0,0,0.03298392736085288,46755261.3109785,4878819133.204253,28665083492.36226,1.0,1.0,1.0,5.918493416666667,0.00010649999999999999,3875000832.344782
6,12,110,0,25,0,0,0.03336224150111077,42229085.010071,4877426756.037008,30687262581.322247,1.0,1.0,1.0,5.608760166666666,5.916666666666667e-05,4073771943.7287536
6,12,120,0,25,0,0,0.03133079130478414,62868731.841180585,5179976117.577475,33468415627.962017,1.0,1.0,1.0,4.347474500000001,8.258333333333333e-05,4426844878.906026
6,13,10,66,25,46,1661,0.032107053451366364,595132352.6454012,46588710622.26828,299748534107.10315,1.0,1.0,1.0,52.06685469230768,6.476923076923075e-05,39709187957.128006
6,13,20,49,25,39,1387,0.03483451544878903,241556456.7210037,20485507201.530624,127594104495.03326,1.0,1.0,1.0,30.555994076923078,7.199999999999999e-05,17025601277.12307
6,13,30,63,25,41,1560,0.034102191687827785,195751212.65034297,14738345870.024445,86564892859.77765,1.0,1.0,1.0,20.033151846153846,6.6e-05,11741184221.695059
6,13,40,63,25,34,1680,0.03227922470184721,155960190.5050503,12190748260.252113,72702676426.69815,1.0,1.0,1.0,13.222283076923077,5.907692307692308e-05,9817589370.217705
6,13,50,38,25,27,1546,0.033215256057557124,163511479.8807199,10797614739.947498,58852663930.88982,1.0,1.0,1.0,11.200536153846153,7.176923076923076e-05,8159247327.832372
6,13,60,0,25,0,0,0.03445877828246193,72761863.20863317,9434034799.071224,51055970630.8304,1.0,1.0,1.0,10.333223,0.00010661538461538462,7043337281.710012
6,13,70,0,25,0,0,0.0306544198799523,155703117.53445223,7755148767.539415,48791714276.56933,1.0,1.0,1.0,7.236352076923078,0.0001906923076923077,6539193331.321798
6,13,80,47,25,0,0,0.03467795998292428,102327323.06205532,5613888385.322481,36405103040.67011,1.0,1.0,1.0,7.981202,5.523076923076923e-05,4834917071.95554
6,13,90,0,25,0,0,0.03331786521658763,72625051.55460331,4662679308.277384,34418146369.64579,1.0,1.0,1.0,6.440276307692307,8.753846153846153e-05,4425188006.014715
6,13,100,0,25,0,0,0.034553358859374245,94300810.48810984,6393020474.345185,34056802778.66368,1.0,1.0,1.0,5.442892230769232,5.915384615384615e-05,4750294915.672392
6,13,110,0,25,0,0,0.03149842089877715,54080776.55894515,4930542720.648124,31436850627.304096,1.0,1.0,1.0,5.045839538461539,6.107692307692307e-05,4167650127.7539234
6,13,120,0,23,0,0,0.03347130743984025,66356520.73834646,4466274216.861639,28632991828.212826,1.0,1.0,1.0,5.203123923076924,7.13846153846154e-05,3803003567.336714
6,14,10,62,25,51,2103,0.033787683724889155,590177180.0654236,48606850622.87827,308695891693.11084,1.0,1.0,1.0,56.53342771428571,0.00021014285714285712,41004083075.83789
6,14,20,73,25,46,1683,0.033627415399630566,287543344.24616647,22518648126.473946,141858119954.92618,1.0,1.0,1.0,28.68568742857143,0.0001865714285714286,18890821837.410465
6,14,30,70,25,42,1670,0.03344309646825933,207556668.06306013,16519561600.599274,102938003456.06493,1.0,1.0,1.0,18.6885165,7.442857142857143e-05,13743002252.009552
6,14,40,54,25,45,2180,0.03320655355977888,123190165.73295093,11311207309.924906,71828464805.6616,1.0,1.0,1.0,13.751389357142859,0.00018342857142857142,9531320998.432447
6,14,50,29,25,22,1461,0.03780056189746298,95827547.36848557,9367832439.303314,52601470800.44224,1.0,1.0,1.0,13.319038571428573,0.00011342857142857142,7200792792.790472
6,14,60,49,25,22,771,0.03549283098057345,63511294.78709649,7524169684.438914,44053644104.32099,1.0,1.0,1.0,10.492404714285714,5.828571428571427e-05,5954656207.553259
6,14,70,29,25,25,1487,0.03546423210956557,126016452.68844977,6435635057.293655,44961292826.14858,1.0,1.0,1.0,9.359593142857145,0.00012135714285714286,5871467769.708734
6,14,80,0,25,0,0,0.03255320710714702,103457903.47650786,6820573029.667173,38723209041.90793,1.0,1.0,1.0,6.773469071428573,5.92142857142857e-05,5308856012.431611
6,14,90,0,25,0,0,0.03635842125789224,108594816.49722321,6001719282.46066,37105183064.22728,1.0,1.0,1.0,7.238639357142857,5.9642857142857135e-05,4986878502.336511
6,14,100,0,25,0,0,0.035447005997020505,55843265.20109421,4678911839.441471,28263166341.26413,1.0,1.0,1.0,6.197510357142858,6.75e-05,3801189260.005889
6,14,110,0,25,0,0,0.03399469466465248,91452917.9108475,5433302017.343809,30133825547.874294,1.0,1.0,1.0,5.739845571428572,0.0001265,4164059975.111905
6,14,120,0,25,0,0,0.03576156152319902,55900166.02569207,4333493986.592249,29374855511.045933,1.0,1.0,1.0,5.938663142857143,6.807142857142858e-05,3843314438.104483
6,15,10,77,25,45,1816,0.0395798256975809,479628733.90326935,41583242563.26218,251231603560.3641,1.0,1.0,1.0,69.55636073333334,0.0001302,33775548682.328224
6,15,20,54,25,44,1782,0.03946356790404579,248039806.6474045,19676402803.34204,114071843347.3832,1.0,1.0,1.0,34.639745866666665,5.813333333333332e-05,15516092610.108757
6,15,30,69,25,43,1642,0.03654859239718592,158899480.60050312,14103278228.899523,83708528375.9121,1.0,1.0,1.0,21.961332866666666,7.319999999999999e-05,11302738024.357422
6,15,40,49,25,39,1637,0.03880768047637294,109194244.40881786,10377921824.667406,62799598683.96755,1.0,1.0,1.0,17.66847293333333,6.713333333333334e-05,8431980127.441687
6,15,50,56,25,26,1278,0.038643506829151665,88128761.72315082,7580162296.892176,47711446616.732475,1.0,1.0,1.0,14.034628066666667,6.546666666666665e-05,6348867192.908706
6,15,60,0,25,0,0,0.04502219479305292,84880917.77006759,6008454317.7701025,34621758831.57653,1.0,1.0,1.0,13.9866414,0.00016146666666666667,4723283328.007468
6,15,70,0,25,25,1010,0.035755939019143645,95318320.54708128,6124994593.80198,39428832373.25857,1.0,1.0,1.0,9.3265994,0.00022140000000000004,5234604939.363881
6,15,80,0,25,0,0,0.03818459714642226,80217507.74203366,5918537729.333029,35932156583.3713,1.0,1.0,1.0,8.596461133333332,5.859999999999999e-05,4833075421.658125
6,15,90,0,25,0,0,0.039574114706982834,90457332.6370608,5023750062.428531,32645592509.776817,1.0,1.0,1.0,8.658574933333334,0.00010326666666666667,4332629358.077016
6,15,100,0,25,0,0,0.036499022248774514,79020137.57420267,4878209019.814477,29433405706.647743,1.0,1.0,1.0,6.8392886,0.00023779999999999998,3974296440.5196486
6,15,110,0,25,0,0,0.036678520710474845,58110079.06244321,5028767175.268856,29239032947.4497,1.0,1.0,1.0,6.281092266666666,0.0001838,3970333757.132963
6,15,120,0,25,0,0,0.03316522859596423,48516316.45983553,4226573148.047054,24856096888.038754,1.0,1.0,1.0,5.128307933333333,6.553333333333333e-05,3364885716.8831654
6,16,10,68,25,48,1897,0.03951243659740832,459256007.16288865,38822104693.204636,246551561651.90656,1.0,1.0,1.0,69.15346574999998,6.768749999999999e-05,32741056010.485413
6,16,20,54,25,47,1878,0.04203873467962252,249912803.07814682,20290885607.38262,116245702453.5841,1.0,1.0,1.0,36.902926125,7.69375e-05,15857686169.306728
6,16,30,65,25,35,1608,0.04427089800427679,160662216.60353,11714823149.052444,68148341531.954185,1.0,1.0,1.0,26.207084875,0.00017256250000000003,9270262220.937172
6,16,40,81,25,38,1617,0.03849287544907841,149508763.83608025,10608106871.408382,63987118484.57861,1.0,1.0,1.0,17.1339350625,0.0001375,8624989282.748283
6,16,50,33,25,22,1240,0.04473452742525215,112326216.47539178,7773654094.853668,45086046478.57654,1.0,1.0,1.0,15.54706825,5.974999999999999e-05,6141963750.508512
6,16,60,0,25,28,1425,0.04127915226900677,98796037.80193652,7435316114.016566,44034142768.450905,1.0,1.0,1.0,13.056664000000001,0.00019212500000000005,5959634668.965279
6,16,70,46,25,31,1880,0.03897719596668551,68068504.71078174,5531225002.913545,38268733988.692604,1.0,1.0,1.0,10.6422458125,9.581250000000002e-05,4980766305.987448
6,16,80,27,25,34,2202,0.0355068713637864,93296346.01570624,7159175866.080414,40799844069.85723,1.0,1.0,1.0,7.5752588124999996,6.337499999999998e-05,5577126988.838916
6,16,90,0,25,0,0,0.03842764485272396,107252925.68673712,4457667249.658039,32886997922.71259,1.0,1.0,1.0,7.7446304999999995,8.081249999999999e-05,4255310255.881325
6,16,100,0,25,0,0,0.03737017045224379,61626967.06758863,4505234973.047774,28414959322.414562,1.0,1.0,1.0,6.747625749999999,0.00017706250000000003,3785681773.782772
6,16,110,0,25,0,0,0.039151500253934435,36958636.236192316,3499690292.5762625,21555115720.21684,1.0,1.0,1.0,6.183698,6.55625e-05,2881320648.312087
6,16,120,0,25,0,0,0.040424054134631286,56608892.287051246,3826456749.133716,22074377806.44254,1.0,1.0,1.0,6.3684905625,5.8749999999999985e-05,3012355326.6871715
6,17,10,55,25,47,1854,0.04210158517924614,433433836.24773073,35842332130.093185,226859226381.32346,1.0,1.0,1.0,73.47771929411766,5.8764705882352924e-05,30157792432.569954
6,17,20,54,25,43,1732,0.044263699937876724,242827947.07400614,18340617468.249836,109437499186.43408,1.0,1.0,1.0,38.67939364705882,6.800000000000001e-05,14781852807.923494
6,17,30,61,25,54,2210,0.04238465723993094,163956867.2050101,12951885574.38576,77174665053.07532,1.0,1.0,1.0,24.950814235294114,9.788235294117648e-05,10422613318.939268
6,17,40,56,25,32,1769,0.04267133065753182,119776273.9195717,8962868317.072548,56949308998.03369,1.0,1.0,1.0,19.27811847058824,5.8823529411764694e-05,7571347871.065417
6,17,50,43,25,27,1002,0.03968470354077919,92347444.2900537,7613513179.587365,48602662482.08685,1.0,1.0,1.0,14.456767999999999,5.988235294117646e-05,6447612031.964835
6,17,60,32,25,30,1135,0.04263498622780652,75628797.60948698,6960197439.71749,43143669547.44665,1.0,1.0,1.0,13.404149294117646,0.00015247058823529412,5759346542.3763075
6,17,70,0,25,0,0,0.05091988661756902,107071623.039534,5939351831.421457,33304710541.982334,1.0,1.0,1.0,14.246995941176468,7.182352941176469e-05,4593291494.347808
6,17,80,50,25,0,0,0.04984939437696239,89297496.19874217,5484244097.087115,30664015885.697258,1.0,1.0,1.0,11.316976352941177,6.423529411764708e-05,4225758605.6629944
6,17,90,0,25,0,0,0.04182782068446769,73367991.64559883,5026121073.342051,28833236547.379154,1.0,1.0,1.0,8.738644529411763,6.441176470588236e-05,3939905424.9817963
6,17,100,0,25,0,0,0.04367242209706484,56801420.38756982,3958430181.4352984,24334105330.3256,1.0,1.0,1.0,8.072830588235297,0.00010758823529411765,3264857527.877285
6,17,110,0,25,0,0,0.048720781288169895,34235386.25880124,3707233911.8955793,20154405608.514618,1.0,1.0,1.0,8.684844,7.899999999999998e-05,2780852075.2665696
6,17,120,0,25,0,0,0.04156190055558207,71048654.61640888,4275958648.717504,24546029383.656197,1.0,1.0,1.0,6.822963529411764,8.005882352941178e-05,3359528696.001519
6,18,10,65,25,51,2166,0.04333859535618142,443994082.69978577,36687338112.843414,239954193429.9054,1.0,1.0,1.0,75.81841805555557,0.00015316666666666666,31643682496.42922
6,18,20,56,25,53,1993,0.04148694559108583,209922436.14416006,17778373078.57576,107089725484.48083,1.0,1.0,1.0,36.89264166666666,7.188888888888887e-05,14411592709.82548
6,18,30,24,25,35,1740,0.05245072984918297,171103693.32181758,11033978236.030022,58392079967.133125,1.0,1.0,1.0,30.174047388888894,9.427777777777779e-05,8165776098.49578
6,18,40,23,25,48,1987,0.04165246788222057,133302046.3832474,9197193866.39927,54450636490.65397,1.0,1.0,1.0,18.819313111111107,0.00023727777777777777,7377813772.889457
6,18,50,34,25,25,1070,0.045982370979476446,114858146.90945318,7088669864.709408,46778358274.9982,1.0,1.0,1.0,16.278388944444444,6.305555555555555e-05,6175970432.280973
6,18,60,0,25,36,2220,0.04543824434063774,93146104.49564211,6814564971.437147,36124685751.82964,1.0,1.0,1.0,14.677610944444446,6.038888888888888e-05,5040583778.503357
6,18,70,18,25,24,977,0.04906475001870878,76232815.92515215,4988406837.491728,32803897295.019863,1.0,1.0,1.0,12.87486038888889,5.605555555555555e-05,4331434011.785798
6,18,80,26,25,25,1446,0.047523570255088916,63504348.947607785,4552979893.743504,27091461668.63441,1.0,1.0,1.0,11.355895,0.00010438888888888892,3664195140.0446706
6,18,90,0,25,0,0,0.04568859313674366,38239590.99240777,3413579416.6362476,22761940677.303154,1.0,1.0,1.0,9.8213235,5.7888888888888885e-05,2985677621.5203114
6,18,100,0,0,0,0,0.0385712652905126,57051333.01207999,4570729249.159984,27704699311.13475,1.0,1.0,1.0,7.245160166666665,7.333333333333333e-05,3724551681.8994236
6,18,110,0,25,0,0,0.04522263939552604,37567364.5381095,3835323486.310743,19569839037.54932,1.0,1.0,1.0,8.204956222222222,0.00019350000000000001,2750345719.9116135
6,18,120,0,25,0,0,0.04552952856090668,42415978.12505372,3084836070.0500383,18248820104.600964,1.0,1.0,1.0,6.981638277777778,7.599999999999998e-05,2471540378.13627
6,19,10,63,25,50,1998,0.0447177422539926,369762238.5819877,33918994509.077824,214944704983.7319,1.0,1.0,1.0,78.53126057894737,5.5105263157894735e-05,28537102628.51149
6,19,20,64,25,45,1666,0.04353458936853674,217221409.66216323,18012195726.486248,112836102309.4828,1.0,1.0,1.0,38.702656315789476,0.000104,15038104195.587177
6,19,30,41,25,43,2095,0.04794253070676804,123221183.41128734,10599950944.569843,62105942803.55365,1.0,1.0,1.0,28.153345526315785,0.00014178947368421053,8416839175.597239
6,19,40,69,25,43,1987,0.04787323915521258,105957323.61183947,8160088718.651105,48858327714.1909,1.0,1.0,1.0,21.319395473684207,0.00025473684210526316,6592020549.003105
6,19,50,88,25,42,2266,0.049292333813644895,120392724.29173675,6257313922.482541,40041707230.50873,1.0,1.0,1.0,17.492850421052633,0.0002407894736842105,5339908338.331305
6,19,60,39,25,0,0,0.04692725569248285,67915833.80170815,6951514378.87431,40215091300.87324,1.0,1.0,1.0,14.150646210526316,6.93157894736842e-05,5459353027.675305
6,19,70,41,25,0,0,0.05080535635154015,97020624.03967108,5096468436.254062,30238435016.181377,1.0,1.0,1.0,13.755003263157894,0.00014642105263157896,4111051565.5495768
6,19,80,0,25,0,0,0.045935892520098685,70495389.2959289,3939258657.498,25879422470.61189,1.0,1.0,1.0,10.812529315789472,0.00014578947368421054,3425140703.5734367
6,19,90,0,25,0,0,0.04772016967655882,47976360.58432374,3646180905.837648,24385096565.690495,1.0,1.0,1.0,10.26613652631579,0.0001353157894736842,3201329245.000637
6,19,100,0,25,0,0,0.05783060265828834,54673820.07548695,2941017306.4683166,17925395615.53713,1.0,1.0,1.0,9.811386210526315,0.00020257894736842104,2419014653.710386
6,19,110,0,24,0,0,0.043503941377314816,57190622.507297695,3268022981.798791,19468689458.981762,1.0,1.0,1.0,7.5389568421052635,5.7263157894736853e-05,2640506944.595282
6,19,120,0,24,0,0,0.05224391874723108,51361737.5854299,3607959249.650435,17852140404.33567,1.0,1.0,1.0,7.846560684210527,0.00012968421052631578,2542759071.9326873
6,20,10,47,25,49,1883,0.04787642221324305,399723688.34730506,31428848544.51415,199150073790.32324,1.0,1.0,1.0,82.24364030000001,5.774999999999999e-05,26480583315.130367
6,20,20,67,25,46,1948,0.049790228494790985,213341826.06351495,16129221295.83965,91311328084.7632,1.0,1.0,1.0,42.84259515000001,6.959999999999998e-05,12506316160.665249
6,20,30,51,25,43,2027,0.04876506663886006,128241755.16247971,9950624489.836369,64921894395.2834,1.0,1.0,1.0,28.393693600000006,6.65e-05,8572083443.01618
6,20,40,70,25,31,1399,0.04687684563143819,101833117.3619488,7589203564.108632,47713045025.72263,1.0,1.0,1.0,21.1455354,0.00021394999999999994,6360428305.620631
6,20,50,53,25,33,1520,0.04973348455121108,118136592.78304426,6826552956.828172,39639672505.7331,1.0,1.0,1.0,17.473143600000004,0.00014185,5411973380.751947
6,20,60,26,25,14,422,0.053523636896328254,85004391.05987576,5867041558.142448,31681749874.66266,1.0,1.0,1.0,15.839689450000003,5.8750000000000005e-05,4401086303.725752
6,20,70,0,25,0,0,0.05056648958970139,98186367.89163944,4859151208.118379,30393661912.342243,1.0,1.0,1.0,13.049166250000003,6.089999999999998e-05,4079926833.2703714
6,20,80,0,25,0,0,0.04791187862495287,70384579.09268965,3689406441.4149604,26486253492.779305,1.0,1.0,1.0,10.51169625,0.0002297,3435775796.7245255
6,20,90,0,25,0,0,0.0463472515212016,42196576.818235494,3427172516.490542,21292050832.811146,1.0,1.0,1.0,9.531816949999998,7.135e-05,2844177148.364868
6,20,100,0,25,0,0,0.04891955996791692,49060086.123848096,3509507232.6679254,21639788027.815834,1.0,1.0,1.0,9.3137156,0.0001008,2900222268.552452
6,20,110,0,25,0,0,0.057266310443234436,36227481.439393595,2574720283.1883526,17167931128.714605,1.0,1.0,1.0,8.907579800000002,0.00020920000000000004,2257096367.213214
6,20,120,0,25,0,0,0.05015564707382607,83379121.2276204,3473751348.1978745,22944865064.795013,1.0,1.0,1.0,7.95886915,0.00010855000000000001,3047602125.7548065
7,1,10,13,7,6,231,0.008511175104166668,1601604186.999118,103290776149.59917,614464186245.0769,1.0,1.0,1.0,0.0,5.6e-05,83225696784.32668
7,1,20,9,9,5,294,0.008921075242718447,1166868008.512746,66159227509.780396,411626307138.8453,1.0,1.0,1.0,0.0,5.6e-05,55211283820.79929
7,1,30,4,9,4,140,0.00848359693287037,494745886.58349,28085451071.354218,179611847632.7164,1.0,1.0,1.0,0.0,5.9e-05,23924597097.150673
7,1,40,6,9,4,145,0.007906708333333333,414350655.814227,23273575743.07746,147414931730.45087,1.0,1.0,1.0,0.0,6.2e-05,19686253779.73027
7,1,50,3,10,1,50,0.006780830729166666,335946183.514894,22717258439.172123,146945160768.00415,1.0,1.0,1.0,0.0,5.9e-05,19473130092.095013
7,1,60,6,10,2,101,0.009014575810185187,382000882.937711,21001009917.626564,128118759586.71788,1.0,1.0,1.0,0.0,5.7e-05,17279478559.253254
7,1,70,7,10,0,0,0.009430737630208333,416142861.783899,19738562166.655785,110049185729.65259,1.0,1.0,1.0,0.0,5.8e-05,15243931008.544897
7,1,80,0,25,0,0,0.008193390086206896,227393115.149997,11265152699.737183,78528951820.93811,1.0,1.0,1.0,0.0,5.6e-05,10265100901.646004
7,1,90,0,10,0,0,0.009211907852564103,272596984.103917,17895876616.511803,85295735817.7462,1.0,1.0,1.0,0.0,5.6e-05,12299566792.949482
7,1,100,0,11,0,0,0.008348796875,303214701.573994,16074901072.982973,81769200631.5252,1.0,1.0,1.0,0.0,5.8e-05,11604150567.850662
7,1,110,0,11,0,0,0.007439798007246377,206933834.975067,10700187692.174969,66156375140.69087,1.0,1.0,1.0,0.0,5.5e-05,8900528735.986391
7,1,120,0,25,0,0,0.009482717105263157,180518330.44826502,11066284532.487005,60028787555.671486,1.0,1.0,1.0,0.0,5.9e-05,8342498492.378082
7,2,10,17,12,13,673,0.010020542933298723,2273445614.8009634,136722297652.71704,841427772552.4059,1.0,1.0,1.0,0.0,5.85e-05,113078648715.14444
7,2,20,25,13,12,405,0.009301468446601941,866897919.2495666,49900697493.86602,323128628951.24774,1.0,1.0,1.0,0.0,5.6500000000000005e-05,42899830936.37244
7,2,30,12,13,10,382,0.008816380963164252,580334220.401594,37922268338.64555,248308009609.72153,1.0,1.0,1.0,0.0,5.8e-05,32821488581.982132
7,2,40,21,14,12,560,0.009882183961004274,547211522.235564,33918170577.728775,204826334163.7774,1.0,1.0,1.0,0.0,6.05e-05,27649315596.48813
7,2,50,10,14,11,349,0.008992416947751321,273238426.917035,17200657598.416206,112685226869.87454,1.0,1.0,1.0,0.0,5.9499999999999996e-05,14899921104.512365
7,2,60,10,14,7,344,0.010262839484126984,360388474.4974445,22716786452.57848,130842392539.4412,1.0,1.0,1.0,0.0,5.9e-05,17879868475.607773
7,2,70,0,14,8,320,0.008568537581699346,165483403.8192465,14361631047.651966,93735309409.25351,1.0,1.0,1.0,0.0,5.9499999999999996e-05,12361695532.12896
7,2,80,0,14,0,0,0.010431241980820107,314498380.7110235,18270507870.642883,96662404536.13406,1.0,1.0,1.0,0.0,6e-05,13540490893.239443
7,2,90,0,14,0,0,0.011416061197916667,182813592.769344,12855922956.964155,70017968814.38168,1.0,1.0,1.0,0.0,5.9e-05,9700950986.769287
7,2,100,0,15,0,0,0.009333585597826086,275711363.301574,13248967087.233494,78498401381.87202,1.0,1.0,1.0,0.0,6.05e-05,10692631508.944744
7,2,110,0,15,0,0,0.009163414930555556,229492099.4146185,13033242226.360523,75416464389.87828,1.0,1.0,1.0,0.0,5.55e-05,10308939352.849926
7,2,120,0,26,0,0,0.010485690241228071,181518209.00319248,10948306250.791702,60117324420.38739,1.0,1.0,1.0,0.0,5.7e-05,8328456437.499069
7,3,10,26,15,18,762,0.010433054290061495,1945991747.7173655,116019689798.27412,695820876091.9487,1.0,1.0,1.0,0.0,5.5333333333333334e-05,94148219791.25163
7,3,20,33,17,18,583,0.010093132262983242,737820818.7213577,47838520103.638855,312149448267.81665,1.0,1.0,1.0,0.0,5.833333333333333e-05,41299123419.614136
7,3,30,30,17,15,664,0.010815715958668197,573794472.2133117,39725611391.89767,238715176039.68872,1.0,1.0,1.0,0.0,5.6000000000000006e-05,32218296011.89748
7,3,40,39,17,11,399,0.010549051879084967,356826509.917484,25650727160.433292,161005217882.66956,1.0,1.0,1.0,0.0,5.766666666666667e-05,21480445776.29561
7,3,50,11,18,6,181,0.010681085209986771,463984418.916023,24831332641.470295,148936857350.64734,1.0,1.0,1.0,0.0,5.666666666666667e-05,20184741355.599766
7,3,60,28,18,10,400,0.010419508385530138,289919915.2831684,18739953535.627636,110175644589.91113,1.0,1.0,1.0,0.0,5.8e-05,14968499105.814611
7,3,70,0,18,0,0,0.010274051747311828,187908206.85656166,16622610342.461243,98720244752.40465,1.0,1.0,1.0,0.0,5.8e-05,13328082287.532057
7,3,80,0,18,0,0,0.010381754741272101,303380752.9287303,17864295601.274673,97135705980.44627,1.0,1.0,1.0,0.0,5.933333333333333e-05,13498796244.349419
7,3,90,0,18,0,0,0.010894397934782607,169021231.02587068,12444990276.052305,73560283008.70357,1.0,1.0,1.0,0.0,5.9999999999999995e-05,9963341216.798668
7,3,100,0,25,0,0,0.011097466405122656,183259591.0906023,12669662943.932053,70460057539.13252,1.0,1.0,1.0,0.0,5.8e-05,9708220055.462837
7,3,110,0,26,0,0,0.012748669598765432,243031259.78798136,11099838477.942732,64548813305.171364,1.0,1.0,1.0,0.0,5.6000000000000006e-05,8844970906.95703
7,3,120,0,26,0,0,0.009613821564327484,218642225.15256098,13000696421.432129,64738712354.05314,1.0,1.0,1.0,0.0,5.666666666666667e-05,9227060076.29829
7,4,10,37,18,25,1050,0.011607576569035535,1696329320.3521209,123174920542.74524,744776693286.0149,1.0,1.0,1.0,0.07783,5.725e-05,100300083960.0621
7,4,20,34,19,25,884,0.011025443553057498,813722781.5011778,54627189034.12518,343788814144.54333,1.0,1.0,1.0,0.0,5.575e-05,45873925167.32994
7,4,30,16,20,21,785,0.0116728672521561,528113195.27551454,35183731151.7728,229616308744.7224,1.0,1.0,1.0,0.0,5.575000000000001e-05,30368056340.519424
7,4,40,14,20,21,791,0.011874556456956007,362764252.6583815,24689783350.590324,152807341302.8525,1.0,1.0,1.0,0.0,5.6e-05,20472625776.263943
7,4,50,19,20,16,548,0.013039929466093118,441954606.7986315,25596182970.545124,150894444447.58463,1.0,1.0,1.0,0.002888,5.6500000000000005e-05,20518049262.613865
7,4,60,19,20,12,843,0.013051952378216913,277812233.5225735,18085108451.930824,108069740301.18912,1.0,1.0,1.0,0.15214650000000002,5.6500000000000005e-05,14618464282.316404
7,4,70,0,20,0,0,0.011465779479465997,274499038.65953976,19932119125.29076,110134572656.31541,1.0,1.0,1.0,0.049593,5.375e-05,15192030416.537891
7,4,80,0,20,0,0,0.011689342134377967,275001606.80868125,15900035596.580132,81712752058.25146,1.0,1.0,1.0,0.0,5.775e-05,11543783448.907001
7,4,90,0,25,0,0,0.014075000214195527,149971315.225103,11707374815.746025,65070883108.77927,1.0,1.0,1.0,0.0752775,5.85e-05,8953543193.360758
7,4,100,0,26,0,0,0.012540545138888887,150351581.5474865,11517390522.870522,66722948861.64255,1.0,1.0,1.0,0.0,5.85e-05,9081019096.821348
7,4,110,0,20,0,0,0.013364674372563352,181113104.09052527,10874791165.275358,62487947859.66916,1.0,1.0,1.0,0.0,5.6e-05,8550532190.885117
7,4,120,0,25,0,0,0.011294444139863547,166099862.30940202,11350385922.322765,65542211961.367615,1.0,1.0,1.0,0.0,5.85e-05,8940568283.217646
7,5,10,47,20,30,1130,0.01260841614693765,1298252078.6668172,107132498292.77077,658993563652.7992,1.0,1.0,1.0,0.0654904,5.8200000000000005e-05,88234632477.61899
7,5,20,49,21,27,1225,0.01344709699026556,746951432.9978192,56920387813.28674,361579260925.5469,1.0,1.0,1.0,0.2442288,5.66e-05,48064869656.260086
7,5,30,31,22,23,976,0.01465238582377321,473974606.4840318,34250116720.606335,214733807406.61633,1.0,1.0,1.0,0.0,5.62e-05,28655186308.321484
7,5,40,44,22,23,945,0.013936540059358618,445769005.95750016,26539558591.617977,162543209208.9374,1.0,1.0,1.0,0.36202560000000006,5.64e-05,21874270940.830635
7,5,50,25,22,16,774,0.01372674999436937,292155889.0775866,22176011265.14527,131170262002.4071,1.0,1.0,1.0,0.1675364,5.6999999999999996e-05,17756737573.903423
7,5,60,18,22,18,683,0.01361789002627077,252273674.29810342,17620870423.323322,100232003798.47162,1.0,1.0,1.0,0.0,5.8200000000000005e-05,13723966035.520248
7,5,70,25,22,18,975,0.014125082321241444,195016765.61303762,16160787681.16785,85282384319.9913,1.0,1.0,1.0,0.2781894,5.58e-05,11896907701.965372
7,5,80,27,22,0,0,0.014247160682096888,168721848.67121357,14641632357.899662,75841618249.33209,1.0,1.0,1.0,0.0,5.64e-05,10630593589.582748
7,5,90,0,22,0,0,0.012485434181488802,128323265.937906,12513305435.896555,73646661253.00137,1.0,1.0,1.0,0.0,5.7799999999999995e-05,9957153497.635736
7,5,100,0,22,0,0,0.013682181203703703,98753922.03583579,8936083801.628605,57529171013.14412,1.0,1.0,1.0,0.21863700000000003,5.66e-05,7609261605.124835
7,5,110,0,26,0,0,0.014627089793601649,112733658.94247079,8976087019.011358,50910319226.06493,1.0,1.0,1.0,0.08263960000000001,5.6999999999999996e-05,6965162886.3129
7,5,120,0,22,0,0,0.012929855881457114,161110329.898998,9821043657.707851,60513985432.094284,1.0,1.0,1.0,0.0,5.6000000000000006e-05,8128384504.680057
7,6,10,43,22,34,1524,0.01579801193782304,1461159683.43909,111411584744.48698,676677892607.8741,1.0,1.0,1.0,0.3429068333333333,6.216666666666666e-05,90972917985.61739
7,6,20,44,23,32,1312,0.015456968966256144,648114865.174839,52216051519.64579,323877817860.1373,1.0,1.0,1.0,0.10173283333333333,6.433333333333333e-05,43284672494.127556
7,6,30,32,23,30,1124,0.01549606387598368,370651233.6342713,31329555457.867107,193701421723.50284,1.0,1.0,1.0,0.5751073333333333,5.6000000000000006e-05,25895509123.994495
7,6,40,51,23,28,1048,0.016142218245554178,236725792.50909767,19629371376.682163,120894343911.8881,1.0,1.0,1.0,1.4665355,5.65e-05,16181016713.975266
7,6,50,20,23,20,890,0.017161732592081973,296511774.78788465,20469010303.358185,109988631946.17677,1.0,1.0,1.0,0.5571051666666667,6.95e-05,15300223494.244982
7,6,60,0,23,0,0,0.014103961640832894,204692056.96674633,16546457839.31572,100291333170.62025,1.0,1.0,1.0,0.0,7.766666666666668e-05,13481709323.80156
7,6,70,36,23,20,1287,0.016721986663006488,192289331.99420783,15487217971.50978,88015702486.30783,1.0,1.0,1.0,0.14807966666666666,7.766666666666668e-05,12033616373.69161
7,6,80,0,23,0,0,0.018341656960227274,162521751.81785932,11115076330.068987,64586768939.86584,1.0,1.0,1.0,1.226975,6.816666666666667e-05,8795457379.996597
7,6,90,0,23,0,0,0.018048991914452184,180666746.89086485,10424568711.822248,57543277206.17205,1.0,1.0,1.0,0.8834256666666667,5.583333333333333e-05,7965708181.0062895
7,6,100,0,23,0,0,0.015081240049342104,150034908.5507792,10150920240.090586,61330120228.91736,1.0,1.0,1.0,0.0,6.216666666666668e-05,8268220505.895133
7,6,110,0,23,0,0,0.013689337653902935,149578368.6354925,10501433143.55712,60691282653.465965,1.0,1.0,1.0,0.0945575,5.6166666666666665e-05,8274119750.696027
7,6,120,0,26,0,0,0.016007843137254906,152432632.93412733,9136203604.25485,49142497063.14648,1.0,1.0,1.0,0.18770949999999997,5.8666666666666665e-05,6848193268.412105
7,7,10,56,23,38,1559,0.017582937681095555,1100636736.194606,94615446657.1567,570246959011.0135,1.0,1.0,1.0,1.942448714285714,5.7714285714285716e-05,76718230938.51613
7,7,20,43,23,36,1506,0.0175144766548091,591131707.0521473,48837986522.0497,297725228070.64703,1.0,1.0,1.0,1.7941688571428571,7.771428571428571e-05,39953912297.695885
7,7,30,44,23,30,1377,0.0192700952086224,351920238.4398831,30304278471.922432,185844923559.79633,1.0,1.0,1.0,2.397727,5.6142857142857145e-05,24891692205.961575
7,7,40,56,24,37,1452,0.017996947977764403,237911031.34371877,21150163418.28527,131192503524.33363,1.0,1.0,1.0,1.4858097142857143,6.314285714285714e-05,17515820750.64177
7,7,50,38,24,24,951,0.017274726739346036,252847133.4375983,18899619212.23338,117803028657.14635,1.0,1.0,1.0,0.6163957142857143,6.142857142857142e-05,15737219697.916866
7,7,60,28,23,25,898,0.0161435970011598,228178024.58411932,16240993117.098227,94025394568.6077,1.0,1.0,1.0,0.6236987142857142,5.642857142857143e-05,12810462693.80715
7,7,70,0,26,0,0,0.01780549826381738,189658458.16459173,13525285220.002289,74074869082.53316,1.0,1.0,1.0,0.4364328571428571,6.314285714285714e-05,10245304870.092056
7,7,80,0,23,0,0,0.017429291329149412,198167188.39709884,13308580695.204464,73851652301.28006,1.0,1.0,1.0,0.8360224285714286,7.485714285714287e-05,10185598396.45165
7,7,90,0,25,0,0,0.01757685957085129,138062322.9983537,10244465783.664455,64547605084.027664,1.0,1.0,1.0,0.2387412857142857,5.728571428571429e-05,8600297289.207672
7,7,100,0,25,0,0,0.01939788515037594,95990491.17076172,8815804011.723072,50591387715.118935,1.0,1.0,1.0,0.8248424285714285,6e-05,6889492913.128962
7,7,110,0,23,0,0,0.016837004829223356,135447637.46234813,9092342021.770433,52478128866.760506,1.0,1.0,1.0,0.6381174285714286,5.971428571428571e-05,7161094633.50962
7,7,120,0,26,0,0,0.018790339017802634,108006472.85669057,7522282932.804818,46527022686.623726,1.0,1.0,1.0,1.0103714285714287,5.628571428571428e-05,6232763380.8781805
7,8,10,48,23,40,1607,0.02063158965648078,971039710.6515292,84111865387.27234,509143328367.0382,1.0,1.0,1.0,9.827936375,6.05e-05,68416433668.35397
7,8,20,58,24,39,1470,0.021184282675986956,444485097.6188001,36686105753.42003,235746250024.03506,1.0,1.0,1.0,6.550151249999999,6.050000000000001e-05,31222985692.25476
7,8,30,65,24,31,960,0.020267625474274926,234333208.6597115,23713665640.730793,130283329235.4328,1.0,1.0,1.0,4.392101749999999,5.6374999999999995e-05,17935099277.864952
7,8,40,56,24,39,1430,0.020772145538219707,224627598.46673313,18274349123.88789,106938479119.28723,1.0,1.0,1.0,3.703049375,6.287500000000001e-05,14505957038.70963
7,8,50,43,24,27,1049,0.01883389065640907,190283528.68184423,15755096421.578419,96736776217.17493,1.0,1.0,1.0,1.7525658750000002,6.662499999999999e-05,12957895367.574146
7,8,60,33,24,15,653,0.01822595728475395,203220764.29070202,14848920899.493563,90444820765.80338,1.0,1.0,1.0,0.806064125,6.162500000000001e-05,12156520787.016201
7,8,70,23,24,0,0,0.02429757836815049,134673290.80586374,9447607601.087423,54915841479.78638,1.0,1.0,1.0,4.426155625,0.00026900000000000003,7475376951.726601
7,8,80,0,24,10,264,0.018820181590013144,124688232.08948012,11028792663.114265,64908932116.33953,1.0,1.0,1.0,1.01741425,5.7875e-05,8783933501.344313
7,8,90,0,24,0,0,0.019476840174387625,126356933.41579324,8669567251.352602,54061780819.24738,1.0,1.0,1.0,0.9788503749999999,5.7125e-05,7228541380.377012
7,8,100,0,24,0,0,0.020900582222461044,121102644.67476314,8860330598.656847,50442341655.313965,1.0,1.0,1.0,1.7366465,5.7e-05,6901072128.067275
7,8,110,0,24,0,0,0.021292706511626163,117664160.2166839,7017691621.465767,43761589413.98877,1.0,1.0,1.0,1.5095657499999997,6.099999999999999e-05,5862062170.352314
7,8,120,0,25,0,0,0.019710050766296103,117569121.082244,7551291243.065683,44288826711.85043,1.0,1.0,1.0,1.09848775,5.7499999999999995e-05,6021439298.8320055
7,9,10,63,24,41,1686,0.022224775069682554,964545717.1819218,79175559429.74054,484843558470.3933,1.0,1.0,1.0,17.311107333333332,5.666666666666666e-05,64994649659.5768
7,9,20,67,24,39,1235,0.021082061008660547,389685682.8213324,34068746370.415134,214363787777.19775,1.0,1.0,1.0,6.789704111111111,5.8111111111111116e-05,28522907999.58176
7,9,30,41,24,38,1334,0.022711382953274278,251557858.40296444,23180284978.239944,134909769886.72252,1.0,1.0,1.0,7.3394695555555565,6.355555555555556e-05,18303124452.642323
7,9,40,33,24,23,984,0.020606716260100882,231560681.07813358,18974966837.09451,110227696851.73477,1.0,1.0,1.0,3.211743888888889,5.9888888888888886e-05,14979855514.536314
7,9,50,0,24,20,855,0.02179131600726369,172071486.41593492,14379336223.192846,88819943404.0032,1.0,1.0,1.0,4.248686666666668,6.344444444444445e-05,11878311606.260418
7,9,60,26,24,0,0,0.021369444104921684,184862560.57260963,13945941246.880016,75270607880.11894,1.0,1.0,1.0,3.2562671111111112,6.41111111111111e-05,10445652814.7865
7,9,70,0,24,25,1251,0.0218573366239014,183473903.94943085,12039315982.103004,68757798129.98712,1.0,1.0,1.0,2.733700111111111,5.6777777777777786e-05,9412074729.42876
7,9,80,0,24,0,0,0.023710783174951264,207657248.68475732,9681880004.64157,54347391351.038666,1.0,1.0,1.0,4.734117444444444,7.122222222222224e-05,7516475188.754499
7,9,90,0,24,0,0,0.02039744950099037,122122939.06313968,9953193660.759409,57467689343.98337,1.0,1.0,1.0,1.7444080000000002,5.633333333333333e-05,7822893715.393219
7,9,100,0,24,0,0,0.02594227866420696,129402314.09738933,7574211873.974095,41140897290.90368,1.0,1.0,1.0,3.5454372222222226,0.00029411111111111115,5719513707.506716
7,9,110,0,26,0,0,0.019078492709120227,109364013.54010457,7897394393.081495,47336754412.31468,1.0,1.0,1.0,0.9254270000000001,6.111111111111112e-05,6389709124.346241
7,9,120,0,0,0,0,0.02271255904653795,147708410.453009,8189136695.591312,44292995153.30455,1.0,1.0,1.0,2.3846062222222226,5.533333333333333e-05,6170522730.511779
7,10,10,54,24,43,1771,0.02350118043822764,891657472.709845,76612632472.68394,467891880011.70166,1.0,1.0,1.0,22.5218865,0.0003380000000000001,62735874628.75828
7,10,20,34,24,36,1148,0.023715126116154072,331294728.4268238,31407400699.34789,194863158222.3441,1.0,1.0,1.0,11.833907499999999,0.00021750000000000003,25999702220.116028
7,10,30,46,24,32,1073,0.02386661418375416,280110906.828745,20867455444.50509,128687489044.49463,1.0,1.0,1.0,7.6909029,6.34e-05,17238317594.059452
7,10,40,19,24,24,1196,0.02651925979532918,212611295.17683783,16142631073.943073,92989625968.77414,1.0,1.0,1.0,8.709279800000001,5.71e-05,12676316679.839668
7,10,50,32,24,17,741,0.024875163089925344,199170914.53765258,14140640220.927017,79140193240.37761,1.0,1.0,1.0,5.9229031999999995,5.63e-05,10881566981.930798
7,10,60,27,24,21,1274,0.025167840465041204,155338752.22413188,10641806151.159801,65491963409.34235,1.0,1.0,1.0,5.4757845000000005,6.979999999999999e-05,8786294673.176912
7,10,70,26,24,0,0,0.0265029743706706,138081808.76224738,9768964858.32448,54181243432.81813,1.0,1.0,1.0,5.560299100000001,5.750000000000001e-05,7468574556.170749
7,10,80,0,26,0,0,0.026115813173498655,103166896.52932552,7920293173.394163,49033842515.90857,1.0,1.0,1.0,4.7578331,5.909999999999999e-05,6559659692.381281
7,10,90,0,26,0,0,0.026762269689287927,102176880.51366791,7972649951.115433,42509478068.804855,1.0,1.0,1.0,4.1643272,5.809999999999999e-05,5917001594.556283
7,10,100,0,25,0,0,0.020913624815402126,110536656.75474736,8555496967.2135315,49145520111.71834,1.0,1.0,1.0,1.1658589000000001,0.0002407,6703027058.328634
7,10,110,0,26,0,0,0.022686749528696898,91773204.4434456,6552238274.273677,41661806153.269775,1.0,1.0,1.0,1.5487487999999998,6.84e-05,5540869505.632212
7,10,120,0,26,0,0,0.02541166540159782,85908295.9811269,6335271814.571737,37426315754.98973,1.0,1.0,1.0,2.8088466,6.57e-05,5069821732.521788
7,11,10,62,24,44,1751,0.02523092082309584,821665603.7580833,68276169464.53797,423643927864.3845,1.0,1.0,1.0,30.562946363636364,6.40909090909091e-05,56594792469.55576
7,11,20,74,24,42,1713,0.025691139454494024,396133798.62644255,31895408556.733566,205729111810.86,1.0,1.0,1.0,15.442032636363637,5.718181818181818e-05,27229286484.070236
7,11,30,42,24,40,1440,0.024063661634681054,261694073.44957516,21639367648.974354,132757286073.68546,1.0,1.0,1.0,9.025064727272728,0.00014054545454545456,17786787948.769733
7,11,40,29,24,33,1226,0.026471612471177443,207394387.96973026,15295680549.865328,90482272273.705,1.0,1.0,1.0,8.924743,6.0454545454545444e-05,12252539369.545721
7,11,50,26,24,22,1087,0.02530654169772638,167934920.26180965,13751678226.349022,79883071222.71829,1.0,1.0,1.0,6.140371545454547,9.227272727272726e-05,10856197184.320906
7,11,60,0,24,18,1060,0.029160913665200672,138885135.44049862,10006767919.776201,55374776794.43733,1.0,1.0,1.0,7.774317818181817,0.00011445454545454546,7636050823.777264
7,11,70,26,24,0,0,0.02458703372720906,110815784.87079354,9981455976.1505,55948196410.446754,1.0,1.0,1.0,4.597298181818183,0.0001330909090909091,7668681864.915378
7,11,80,0,24,0,0,0.024363813229610943,131890828.05847882,8754602151.87711,53246658150.61069,1.0,1.0,1.0,3.6052950909090913,9.209090909090909e-05,7167909808.574261
7,11,90,0,24,0,0,0.02712122801721388,78390692.6892109,6440409675.529725,39173352137.17696,1.0,1.0,1.0,4.701965,0.00015390909090909094,5260290612.486978
7,11,100,0,0,0,0,0.032553972117815216,100505932.53890084,6245989572.733974,37690099897.60097,1.0,1.0,1.0,5.400985545454545,6.399999999999998e-05,5088562032.85961
7,11,110,0,24,0,0,0.02527308342456341,96611767.83561045,6261577952.914221,38410613931.35379,1.0,1.0,1.0,2.9767138181818185,5.681818181818181e-05,5161005207.403036
7,11,120,0,0,0,0,0.025780841826749643,111642025.65367818,6403573154.43641,37997861340.92817,1.0,1.0,1.0,2.8524682727272723,0.0001492727272727273,5158650169.671419
7,12,10,57,24,43,1743,0.027244203098121228,733321561.0210935,62491132947.342995,400885012601.1429,1.0,1.0,1.0,39.355763,0.0001415,53100052772.06727
7,12,20,62,24,42,1602,0.02617756853625851,390898607.836855,31877787246.780075,201161440979.7921,1.0,1.0,1.0,17.177522083333333,0.00011583333333333331,26765330497.95718
7,12,30,64,24,44,1629,0.02458611790113822,231732768.04658327,20577675063.534832,134310702157.8604,1.0,1.0,1.0,9.103944999999998,6.891666666666666e-05,17708818125.978355
7,12,40,59,24,32,1179,0.026866719720593738,188165533.13233292,15621613225.130869,90146676083.73903,1.0,1.0,1.0,9.281293750000001,0.00019350000000000001,12270706085.682314
7,12,50,33,24,20,838,0.027593918688097522,175840408.83330986,11336962733.677172,70456876630.8275,1.0,1.0,1.0,7.671789416666667,6.766666666666665e-05,9436168462.012514
7,12,60,42,24,25,1262,0.029739540752374265,132730085.30958956,8968165807.067942,53650070403.33785,1.0,1.0,1.0,8.47330625,6.858333333333334e-05,7251551224.028575
7,12,70,37,24,26,975,0.024992876595033877,128751049.17356952,9766845507.57026,58479396373.27088,1.0,1.0,1.0,4.278070083333334,5.991666666666667e-05,7891434453.86668
7,12,80,30,24,26,1373,0.028145283894261214,60841358.305765,6326315958.352711,42374709659.42458,1.0,1.0,1.0,5.6049985,6.016666666666667e-05,5545323083.325284
7,12,90,0,26,0,0,0.02939759035108298,108760677.2970766,6610739666.199,41897591157.19585,1.0,1.0,1.0,5.15702,6.158333333333332e-05,5588039499.891889
7,12,100,0,26,0,0,0.031846134010059785,71798977.97797133,4659785192.202788,31795677006.661663,1.0,1.0,1.0,5.4824979166666665,0.00012083333333333331,4161783999.116043
7,12,110,0,24,0,0,0.027142484815973787,85916788.17416008,6097450964.528183,34870979821.72469,1.0,1.0,1.0,3.7781660833333333,0.00012783333333333331,4766729909.553355
7,12,120,0,26,0,0,0.02617249338484143,86761244.28458449,5909113426.848872,37369115981.73266,1.0,1.0,1.0,2.8349221666666673,5.766666666666666e-05,4979467141.351837
7,13,10,60,24,44,1769,0.029777824137261915,679908628.8540766,55436383752.96599,361688143136.1635,1.0,1.0,1.0,45.267111384615376,5.953846153846153e-05,47732026908.758575
7,13,20,51,24,39,1558,0.029308129853739796,325911862.36627746,26367676407.783817,175617965407.86795,1.0,1.0,1.0,21.83282323076923,6.276923076923076e-05,23063470031.118546
7,13,30,78,24,44,1625,0.02743494058729347,198658541.5553794,19902885532.30044,117155521397.74309,1.0,1.0,1.0,12.402057384615386,5.653846153846153e-05,15835190170.994072
7,13,40,31,24,29,1417,0.031836928945563885,159825330.9369621,12728050253.873789,74991184119.41928,1.0,1.0,1.0,12.882958846153846,0.00023192307692307694,10156606137.97484
7,13,50,33,24,24,966,0.02826108091245836,174770071.9550743,12161633985.029234,69602085146.76443,1.0,1.0,1.0,8.813930923076922,6.807692307692308e-05,9514874323.150646
7,13,60,40,24,30,1231,0.027095212622115426,142567063.20722044,9763706670.808924,59187856252.47625,1.0,1.0,1.0,6.196285923076923,0.00019053846153846155,7971323876.009615
7,13,70,0,24,0,0,0.0264406595451292,142656834.16410902,9427702005.666685,54215008079.37794,1.0,1.0,1.0,5.314106769230768,6.33076923076923e-05,7406900969.135076
7,13,80,18,24,20,1124,0.03499181992166277,86402644.07253093,6398150457.627868,36941787278.50962,1.0,1.0,1.0,8.312174923076922,7.030769230769231e-05,5034290633.484652
7,13,90,0,24,21,463,0.030419378950189764,86260234.9858893,5620875317.017841,36357470281.53301,1.0,1.0,1.0,5.699559538461538,6.153846153846154e-05,4820304230.538621
7,13,100,0,24,0,0,0.028473430906753507,58034372.463581316,5523615038.065983,37023908073.79964,1.0,1.0,1.0,4.476234615384616,6.261538461538461e-05,4847737855.469588
7,13,110,0,24,0,0,0.029649113521056494,54853157.85935931,4587248874.262426,30477835640.4925,1.0,1.0,1.0,4.49739523076923,0.0003806923076923077,4003630529.0628514
7,13,120,0,24,0,0,0.02549994242776899,62637551.93105554,5561209931.690414,36701147664.40498,1.0,1.0,1.0,2.7326732307692305,7.146153846153846e-05,4826203026.379518
7,14,10,64,24,46,1559,0.029735845678634583,625342474.0937241,50255697496.76142,326223103524.9118,1.0,1.0,1.0,45.06959428571429,6.492857142857143e-05,43111189388.909546
7,14,20,54,24,43,1500,0.03022370790325771,339747645.3589945,26385244934.605354,159362763586.53098,1.0,1.0,1.0,23.503174785714286,0.00012857142857142858,21451148595.261265
7,14,30,46,24,40,1832,0.03200658106158942,201594551.9883755,17474998758.796818,104273536538.76291,1.0,1.0,1.0,17.360162285714285,0.0001284285714285714,14063469516.378265
7,14,40,37,24,26,1072,0.030463033366933488,148274115.76458907,12647587100.786,76329195077.86012,1.0,1.0,1.0,12.201798714285715,0.00028857142857142856,10266228755.509449
7,14,50,27,24,42,2163,0.030126701463195033,161629760.6709842,12021849384.030993,65988619215.527466,1.0,1.0,1.0,9.953612071428575,6.485714285714286e-05,9116372587.027822
7,14,60,42,24,25,1758,0.030913291443662384,121123227.28604142,9531402093.023767,52767539382.31266,1.0,1.0,1.0,8.796829000000002,7.585714285714285e-05,7267820577.109557
7,14,70,0,24,0,0,0.030534008409506354,98946425.85165107,8623247870.49504,48880121347.75548,1.0,1.0,1.0,7.219427928571428,7.014285714285713e-05,6681924174.92687
7,14,80,0,26,22,1382,0.036776204359898944,110318431.38576736,6984190243.981003,42886672918.21443,1.0,1.0,1.0,8.297071285714287,0.00022678571428571428,5762728205.9093
7,14,90,0,26,0,0,0.031033884402339142,100177498.14525114,6407453775.134164,37713685530.532394,1.0,1.0,1.0,6.130615642857142,7.878571428571427e-05,5122983529.419763
7,14,100,0,26,0,0,0.033118233037217414,80086226.00161043,5931736740.646552,31328317585.845802,1.0,1.0,1.0,6.4500847142857145,5.7999999999999994e-05,4375239436.179404
7,14,110,0,26,0,0,0.031055822007291654,97468888.03599693,5107470296.29449,32836790918.902473,1.0,1.0,1.0,5.010901285714285,0.0002037857142857143,4373401350.226591
7,14,120,0,24,0,0,0.027368693322368767,65404093.437339924,5640650429.360831,33611049401.264687,1.0,1.0,1.0,3.459133642857143,0.00018014285714285715,4535017875.529724
7,15,10,68,24,47,1933,0.032414171716274004,599008618.4218841,50163847115.76194,326015040880.1419,1.0,1.0,1.0,53.463584600000004,5.893333333333333e-05,43053579313.16823
7,15,20,41,24,38,1475,0.03391559249097319,297490563.05522835,23431535481.10303,149745460616.11282,1.0,1.0,1.0,28.82505093333333,0.00010620000000000002,19869096427.022377
7,15,30,55,24,38,1512,0.03181189288354729,195946022.31567028,15259710175.482737,93750305983.88776,1.0,1.0,1.0,17.49079113333333,6.006666666666667e-05,12564134772.895636
7,15,40,52,24,25,1302,0.032759670400131786,144287578.2129446,12362039739.453987,69749773868.78085,1.0,1.0,1.0,13.490905666666666,6.286666666666666e-05,9548386580.506779
7,15,50,23,24,30,1533,0.03541848597230295,107908381.53029221,8902146869.705988,53013307131.33031,1.0,1.0,1.0,12.280104333333336,0.00016573333333333334,7157295900.340273
7,15,60,24,24,0,0,0.033702887893256435,122421113.92337474,8158557822.048329,49993171440.21851,1.0,1.0,1.0,9.517123533333331,0.00018206666666666668,6716723446.253467
7,15,70,0,24,0,0,0.0333415942768727,95090828.63237259,7301439404.997016,44105532396.86587,1.0,1.0,1.0,8.510030800000001,9.68e-05,5937404663.135102
7,15,80,0,24,0,0,0.03858584554192193,93269723.87890512,5733043903.684843,35923546169.99366,1.0,1.0,1.0,8.386042400000001,6.22e-05,4804252167.391318
7,15,90,0,24,0,0,0.03587640685082029,77492393.94551113,4874959032.411596,32162736131.537075,1.0,1.0,1.0,7.276665466666668,0.00018693333333333334,4245510063.1074195
7,15,100,0,24,0,0,0.03103294529681738,108129086.20421171,5862695471.476559,35983804177.67972,1.0,1.0,1.0,5.247206599999999,6.193333333333333e-05,4846609848.842977
7,15,110,0,26,0,0,0.030679641395078686,54987179.69179279,4788180636.355117,32669794738.191814,1.0,1.0,1.0,4.448365133333334,0.000143,4263106606.745875
7,15,120,0,24,0,0,0.035997927730537206,70582400.83206746,5383422598.468623,28798778059.025204,1.0,1.0,1.0,5.277862,0.00011146666666666666,4005969982.483407
7,16,10,64,24,48,1840,0.03469843007761397,532492748.50942045,43389954147.397934,292439457990.83826,1.0,1.0,1.0,58.168910312499996,7.924999999999999e-05,38294681301.39336
7,16,20,80,24,50,1989,0.03295016973931101,288146230.166701,24133029119.125713,148167131949.8356,1.0,1.0,1.0,28.138094125000002,6.218749999999999e-05,19845021257.93132
7,16,30,63,24,38,1580,0.03556611031500701,202948883.47996324,15603855460.810719,93785213109.22664,1.0,1.0,1.0,20.41461125,0.00010618749999999999,12641356532.7375
7,16,40,86,24,40,1988,0.03764327797891886,162480846.6648016,10981021497.711485,67114046179.94231,1.0,1.0,1.0,16.747152062500003,6.0625e-05,9021345437.188875
7,16,50,25,24,34,1596,0.03445360066186692,111161778.60024881,8741644919.040682,61217741736.34729,1.0,1.0,1.0,11.442328625000002,0.0002015625,7947916352.26016
7,16,60,0,24,28,1277,0.03452910624981915,102373585.82417706,7576063221.745717,48871938007.15904,1.0,1.0,1.0,9.812458937499999,0.00016275,6474067911.9477
7,16,70,0,24,20,753,0.0352237204308523,98756198.70754513,7114266128.514102,42113373486.71236,1.0,1.0,1.0,9.0594696875,0.00015575000000000002,5703319873.512949
7,16,80,0,26,0,0,0.035786985473163994,68881745.55968593,5569020100.821034,33063348627.865864,1.0,1.0,1.0,8.251350437500001,0.000113375,4468356068.361279
7,16,90,0,24,0,0,0.03284091111802694,79853750.13769837,6555791023.575842,38121342319.37128,1.0,1.0,1.0,6.708518562499999,6.418750000000001e-05,5179190031.901779
7,16,100,0,24,0,0,0.03363442919876528,71653664.28701675,5934466615.684949,33431474622.63639,1.0,1.0,1.0,5.285985375,6.918750000000001e-05,4580198326.671507
7,16,110,0,26,0,0,0.036093257004374386,72203497.56974606,4845151064.99506,27850255977.93915,1.0,1.0,1.0,6.528440312500001,0.00017375000000000008,3804598230.0187087
7,16,120,0,26,0,0,0.0358737291709195,47199669.531657055,3789885847.576259,26482884516.547695,1.0,1.0,1.0,5.13434875,6.93125e-05,3439305366.764184
7,17,10,65,24,47,1924,0.03728464341173643,510261938.5882393,41223157845.12677,270754505894.70352,1.0,1.0,1.0,65.17241629411762,7.411764705882354e-05,35677265234.26577
7,17,20,74,24,47,1894,0.03521998881231009,281415580.7896357,21302227263.32254,135382116413.56908,1.0,1.0,1.0,30.32339852941177,0.0001269411764705882,17995647869.183
7,17,30,56,24,31,1371,0.03651903975559727,185817952.45598343,14688907974.719378,80191726701.40671,1.0,1.0,1.0,21.650880470588234,6.34705882352941e-05,11087026737.704674
7,17,40,17,24,35,1605,0.043767917555473046,99656848.33619852,9003527586.90304,52134410666.06408,1.0,1.0,1.0,19.262848882352937,6.188235294117648e-05,7083906293.991839
7,17,50,33,24,31,1247,0.03792215642131951,152541614.89021903,9209852094.000595,51229068029.42285,1.0,1.0,1.0,14.065491529411766,9.229411764705882e-05,7071656290.683546
7,17,60,36,24,27,1158,0.035965736734438696,111869549.66722527,7243966115.966704,44595020575.70702,1.0,1.0,1.0,11.073779647058823,8.47058823529412e-05,5986603916.913486
7,17,70,29,24,0,0,0.03882677865438735,92870129.45771866,6656759223.652467,38697545904.45044,1.0,1.0,1.0,10.515524529411765,0.00020223529411764706,5266115479.578316
7,17,80,0,24,0,0,0.037132115914317844,96315680.79926567,6196680542.399949,38030676014.223175,1.0,1.0,1.0,8.330022529411764,5.8705882352941174e-05,5109824649.642444
7,17,90,0,24,0,0,0.0390084352677141,82511516.25631635,5015865272.29971,31597268987.190445,1.0,1.0,1.0,8.264757352941176,6.564705882352938e-05,4220657978.0196686
7,17,100,0,24,0,0,0.03765154616207595,49071596.26836412,4098835324.7944164,24704123406.501705,1.0,1.0,1.0,7.424895176470589,6.470588235294117e-05,3324529490.069581
7,17,110,0,24,0,0,0.03766092044981503,77016561.84082937,4872878145.46019,29051273760.112663,1.0,1.0,1.0,6.451095176470588,6.311764705882351e-05,3933614569.6519046
7,17,120,0,25,0,0,0.035094027347618344,50431303.236825705,4182894553.167518,26860067643.206924,1.0,1.0,1.0,5.481774647058822,8.276470588235294e-05,3557887562.6479864
7,18,10,53,24,52,1941,0.03706561624666637,542794001.9693289,41890818150.48176,265855875708.50168,1.0,1.0,1.0,63.63305711111112,0.00015733333333333338,35343706727.70223
7,18,20,54,24,47,1814,0.03734041434551977,259209815.96561283,20229890105.93043,130890487481.55681,1.0,1.0,1.0,32.43690022222223,5.627777777777777e-05,17316473500.038784
7,18,30,52,24,42,1918,0.03945967758790714,193578947.58723772,13642086032.392515,81679414072.3514,1.0,1.0,1.0,23.35173772222222,0.00021799999999999999,11031863775.6113
7,18,40,49,24,30,1808,0.04205513067824299,159733342.65078536,10126509769.178139,58449838899.95694,1.0,1.0,1.0,18.809778388888887,6.672222222222222e-05,7982099101.804539
7,18,50,24,24,27,1125,0.03836489053925937,127117781.23753373,7980796849.8684845,51701567031.82663,1.0,1.0,1.0,13.721491555555554,0.0002496111111111111,6855298460.019148
7,18,60,0,24,15,613,0.04688895718419751,124782827.12699066,6327917071.093385,38249773660.35906,1.0,1.0,1.0,13.905609555555557,6.205555555555554e-05,5177908698.449088
7,18,70,29,24,24,881,0.03547244239466327,100406486.0778211,6426090836.6294,41030741796.885254,1.0,1.0,1.0,9.200578222222223,0.00010494444444444444,5458576846.705943
7,18,80,0,24,0,0,0.032593667839508,81186057.10738856,6189061008.861449,39159840413.87862,1.0,1.0,1.0,6.946985833333333,0.00017350000000000002,5210626452.262539
7,18,90,0,24,0,0,0.03966128448708088,96682026.41493885,5499810474.704409,34801552290.22367,1.0,1.0,1.0,8.404487222222222,7.872222222222223e-05,4647794705.314072
7,18,100,0,24,0,0,0.034936138724522975,85435331.51624517,5223682821.836516,30908711508.463764,1.0,1.0,1.0,6.260599277777779,0.00016116666666666666,4195412419.3537817
7,18,110,0,24,0,0,0.040027614290965394,66901792.98536583,4400365706.581406,26696115753.42479,1.0,1.0,1.0,6.569172833333333,0.00014855555555555558,3596515942.500434
7,18,120,0,26,0,0,0.03744995662834785,50384680.52307716,3728920817.662734,24659522745.61937,1.0,1.0,1.0,5.963865944444445,6.527777777777776e-05,3247005687.815733
7,19,10,68,24,52,1947,0.03700077753957622,555891517.5876168,42592383497.80945,272874796359.36435,1.0,1.0,1.0,64.94572457894736,6.726315789473682e-05,36195080117.542755
7,19,20,47,24,47,1705,0.03943597468483768,265776538.24245,19845700115.659206,118477711773.6208,1.0,1.0,1.0,34.23703226315789,0.0004556842105263158,16002954629.042442
7,19,30,91,24,50,2031,0.041178558446398845,218313663.76826355,13882786079.368185,80674610446.46298,1.0,1.0,1.0,24.01574484210526,8.678947368421053e-05,10996837720.889645
7,19,40,57,24,36,1635,0.03893151911409461,109954707.71430884,10201744177.591673,60778174578.37551,1.0,1.0,1.0,17.474661421052627,0.00010163157894736842,8195134512.614425
7,19,50,49,24,35,1647,0.044795088147660464,134992165.77317208,8294636396.55773,45657844570.29094,1.0,1.0,1.0,16.389038421052632,0.00011157894736842105,6319206180.908515
7,19,60,0,24,26,1149,0.041865145837884865,74667724.37558217,5905289586.933406,37082310857.139885,1.0,1.0,1.0,12.66475747368421,0.0001590526315789474,4941556354.704436
7,19,70,33,24,30,1598,0.03884673217343238,90748927.68126316,5963213271.723873,38271317354.39121,1.0,1.0,1.0,10.77983852631579,0.00022342105263157893,5083298591.806513
7,19,80,0,24,0,0,0.039103857563540685,99866930.41945215,6659916876.448025,33501420603.04943,1.0,1.0,1.0,9.216028789473684,0.0003666842105263157,4752032246.257664
7,19,90,0,24,0,0,0.03623569063293401,102431851.28217006,5929686134.821786,35081909195.33369,1.0,1.0,1.0,7.038568105263159,9.81578947368421e-05,4765830411.128982
7,19,100,0,26,0,0,0.042447504052785065,55403736.331274316,3507672964.8922997,22615229706.186245,1.0,1.0,1.0,8.133642263157896,9.521052631578947e-05,3001840143.053906
7,19,110,0,26,0,0,0.035249374773033984,52016153.015509956,4404439239.965106,27107610112.82591,1.0,1.0,1.0,5.738302263157895,0.00011189473684210526,3628060140.7112885
7,19,120,0,24,0,0,0.04500446704731367,48561880.0743799,2627184610.9968624,17638094331.759914,1.0,1.0,1.0,7.244264315789473,0.00025368421052631584,2323239639.2760024
7,20,10,64,24,52,1866,0.040665755440407444,441192407.2978075,35694028811.66105,228493354608.43134,1.0,1.0,1.0,71.52804575,0.00019215,30296975599.71239
7,20,20,60,24,47,1746,0.04334624050831204,220448088.00952855,17761148877.78755,111763407970.91182,1.0,1.0,1.0,38.42560519999999,5.765e-05,14882884068.025013
7,20,30,65,24,51,2380,0.04138984556446251,199082102.8829685,12844360835.195335,77491849520.65948,1.0,1.0,1.0,24.681514900000003,7.009999999999997e-05,10457414483.992281
7,20,40,31,24,36,1616,0.04525012653202665,113773121.1043951,8426990659.764094,52019007539.285645,1.0,1.0,1.0,20.268592150000003,8.254999999999999e-05,6966939982.499161
7,20,50,29,24,25,1493,0.04426341177586995,113251016.18103357,8255632060.842749,48743524101.04334,1.0,1.0,1.0,15.9674133,8.315e-05,6604754463.939373
7,20,60,0,24,0,0,0.0458499906263671,95086635.21811277,6055207354.899917,35332197694.69148,1.0,1.0,1.0,13.86355395,7.869999999999999e-05,4810821824.488192
7,20,70,0,24,0,0,0.04190635081932117,89554401.34364976,5862653766.162638,36636857222.2433,1.0,1.0,1.0,11.66360585,0.0001088,4898904505.24344
7,20,80,0,24,34,2185,0.04118876376745361,69462723.46306059,5254495664.50754,33530649058.07556,1.0,1.0,1.0,9.391847600000002,0.00014030000000000002,4452587903.747659
7,20,90,0,26,0,0,0.03951666112786519,46587506.4805646,4368985309.982884,29402862107.7089,1.0,1.0,1.0,7.803091099999999,0.00022834999999999994,3846694492.749589
7,20,100,0,26,0,0,0.04474260212474448,69712583.52249035,4204433646.145144,26094474990.099632,1.0,1.0,1.0,8.40900905,9.455000000000001e-05,3499132999.5455894
7,20,110,0,28,0,0,0.04968988942512502,44088996.463927604,3311360443.112459,19755386709.957676,1.0,1.0,1.0,8.243135800000001,7.075e-05,2668673020.697221
7,20,120,0,24,0,0,0.04245161446135462,54162718.716747954,4137238081.637787,23715345403.863625,1.0,1.0,1.0,6.697718149999998,7.569999999999998e-05,3236896030.01513
8,1,10,12,24,5,311,0.008939969895833334,2362725207.308844,134752589403.19319,815605390954.5519,1.0,1.0,1.0,0.0,5.5e-05,110164964620.20978
8,1,20,6,24,5,170,0.00862749499198718,809074229.310547,44919814224.02167,298382068780.89374,1.0,1.0,1.0,0.0,6e-05,39388521682.410835
8,1,30,11,24,5,305,0.008676970070422535,841630147.558215,45219836298.29473,281000400619.89526,1.0,1.0,1.0,0.0,5.9e-05,37733148423.93897
8,1,40,7,24,3,140,0.008433768560606061,683960967.297237,36506731176.727455,221262720377.21152,1.0,1.0,1.0,0.0,5.9e-05,29906390949.174458
8,1,50,6,24,0,15,0.008853654829545454,450835122.675657,26374072394.24113,166259622505.00092,1.0,1.0,1.0,0.0,5.5e-05,22216361314.221043
8,1,60,2,24,0,0,0.007799595394736843,237705196.941612,15535319518.9077,94480357317.72469,1.0,1.0,1.0,0.0,5.6e-05,12721493272.412897
8,1,70,5,24,3,117,0.008635479166666666,153483339.773369,12415849026.677383,83279586609.73111,1.0,1.0,1.0,0.0,5.6e-05,10918566803.149706
8,1,80,0,24,0,0,0.00831792816091954,203718866.368079,12856056243.35434,76147481765.20918,1.0,1.0,1.0,0.0,5.5e-05,10328562630.649206
8,1,90,0,24,0,0,0.007448489197530863,258610963.473683,13628911874.931177,76988664285.42047,1.0,1.0,1.0,0.0,5.7e-05,10605676476.959616
8,1,100,0,24,0,0,0.008251199652777779,205441312.604048,9834809590.041534,61875410858.55076,1.0,1.0,1.0,0.0,5.6e-05,8298311921.685976
8,1,110,0,24,0,0,0.009428132936507938,239700723.095174,11643283167.546328,68178604441.083275,1.0,1.0,1.0,0.0,5.5e-05,9314307582.78398
8,1,120,0,24,0,0,0.008179821428571429,235875800.916145,13117263426.379974,77099726723.16081,1.0,1.0,1.0,0.0,5.6e-05,10498538417.233137
8,2,10,19,24,11,474,0.009395299548085018,2305342544.9266615,124235766133.42813,754112501708.7637,1.0,1.0,1.0,0.0,5.75e-05,101872143178.0104
8,2,20,16,25,11,372,0.008314404593178747,960853690.2675285,53847205187.66046,359811667229.715,1.0,1.0,1.0,0.0,5.6e-05,47423205342.69063
8,2,30,8,25,9,256,0.008751074090375587,460179317.519234,28639112129.17665,197227524159.21667,1.0,1.0,1.0,0.0,5.7e-05,25772700363.020218
8,2,40,8,25,8,374,0.00908236065111586,441473023.7274395,26804645699.55682,177400738728.4608,1.0,1.0,1.0,0.0,6.1e-05,23410034128.366386
8,2,50,7,25,10,731,0.00997826439701897,373668218.71687603,25868551041.59375,161397170001.8494,1.0,1.0,1.0,0.0,5.9e-05,21574994960.605247
8,2,60,6,25,6,237,0.008015330518018018,334724041.743845,21887986021.457115,128355363496.96306,1.0,1.0,1.0,0.0,5.5e-05,17447440382.208183
8,2,70,0,25,0,0,0.009112625453756313,340217192.9712355,18380206410.898438,104471614523.68866,1.0,1.0,1.0,0.0,6e-05,14361354768.62816
8,2,80,11,25,5,248,0.009962784515542328,312697747.6615175,18495864775.919968,95955193854.62735,1.0,1.0,1.0,0.0,5.85e-05,13513580763.00954
8,2,90,0,26,0,0,0.010535490885416667,277367117.953102,14737786968.655548,82790097836.22539,1.0,1.0,1.0,0.0,5.5e-05,11420724158.920586
8,2,100,0,25,0,0,0.007485631699124395,184041466.300701,12047390601.013912,80264190233.09811,1.0,1.0,1.0,0.0,5.75e-05,10564726168.922836
8,2,110,0,25,0,0,0.00961321827651515,120708330.1470155,11349826462.372654,63751202036.72193,1.0,1.0,1.0,0.0,5.5e-05,8729581326.2494
8,2,120,0,25,0,0,0.009456774671052631,157206271.3548325,9699430485.419823,64447610562.45149,1.0,1.0,1.0,0.0,5.55e-05,8494691542.277259
8,3,10,24,25,16,650,0.010841750565798267,1688522378.329797,112965511473.52614,693431729206.5619,1.0,1.0,1.0,0.0,5.933333333333334e-05,93118240879.19203
8,3,20,27,25,16,726,0.009665119409937788,1046769139.5582308,64115445790.29251,400300018500.2656,1.0,1.0,1.0,0.0,5.7e-05,53585829404.7756
8,3,30,16,25,12,593,0.01169379144965278,626217465.887054,40783164702.968506,253773112743.68173,1.0,1.0,1.0,0.0,5.633333333333334e-05,33972296440.08257
8,3,40,15,25,14,567,0.010580192540849673,430254982.6482523,29165946190.667202,188328970648.12183,1.0,1.0,1.0,0.0,5.7333333333333336e-05,24967264789.799152
8,3,50,30,25,14,474,0.009328942536475869,276286219.234456,19045385119.842556,117126353943.08716,1.0,1.0,1.0,0.0,5.8666666666666665e-05,15715112770.741095
8,3,60,13,25,8,304,0.009666248366013071,342122780.5884257,18338071152.487045,110830146869.66705,1.0,1.0,1.0,0.0,6e-05,14990114862.875753
8,3,70,0,25,0,0,0.011012793363575269,248973064.3762847,17123303633.235346,95149594938.0409,1.0,1.0,1.0,0.0,6.266666666666667e-05,13113901364.514288
8,3,80,11,25,0,0,0.00931643215388007,245441327.9821793,18848126676.38396,96580673581.39844,1.0,1.0,1.0,0.0,5.7333333333333336e-05,13599501622.003916
8,3,90,0,26,0,0,0.008832010683760683,256702126.22550833,16257368686.06735,98778241462.88446,1.0,1.0,1.0,0.0,5.7333333333333336e-05,13308989370.859528
8,3,100,0,25,0,0,0.009952883567821069,113511739.78277166,10469113367.78192,68432348031.63953,1.0,1.0,1.0,0.0,5.833333333333333e-05,9016515693.568027
8,3,110,0,25,0,0,0.009487372749819624,175960248.783373,9171560596.314848,64100998760.88355,1.0,1.0,1.0,0.0,5.5333333333333334e-05,8367584168.499448
8,3,120,0,25,0,0,0.011465167141812865,213774105.3144783,10854506300.470802,55783579418.17963,1.0,1.0,1.0,0.0,5.666666666666667e-05,7898901074.632014
8,4,10,31,25,22,850,0.011377789661612254,1589488024.2274203,110834079189.91,679576973450.1506,1.0,1.0,1.0,0.1495675,6.049999999999999e-05,91237154798.31287
8,4,20,32,25,19,761,0.01227451184118337,762412900.8532922,52098519922.10446,336062781706.38544,1.0,1.0,1.0,0.0,5.575e-05,44559671184.65651
8,4,30,29,25,19,835,0.011992838894980946,571161882.6952095,37171864243.59309,236832626071.97775,1.0,1.0,1.0,0.0932235,6.1e-05,31517448772.401917
8,4,40,39,25,22,854,0.01060601763577386,421324987.5823228,28450708786.254425,175101495242.42917,1.0,1.0,1.0,0.0,5.9749999999999995e-05,23495218771.801174
8,4,50,14,25,18,597,0.0105085941231211,307222022.7261307,20167744212.146027,132232301773.97018,1.0,1.0,1.0,0.0,5.6e-05,17471834434.734276
8,4,60,19,25,10,305,0.011522757165404041,272135495.55683726,18246424576.939243,111919961830.05219,1.0,1.0,1.0,0.0,5.975e-05,15031775944.282597
8,4,70,0,25,0,0,0.010576516351996528,249322966.89090574,17645283999.96983,102051091833.75073,1.0,1.0,1.0,0.0,5.6250000000000005e-05,13908692059.192432
8,4,80,21,25,0,0,0.010566262978395063,230556769.55546677,14942431257.807884,90148443369.96497,1.0,1.0,1.0,0.0011182499999999999,5.85e-05,12164720326.24184
8,4,90,0,25,0,0,0.012664872932253433,216272963.63613302,13287603978.25185,74502932033.62238,1.0,1.0,1.0,0.0,5.6750000000000004e-05,10259205072.557657
8,4,100,0,25,0,0,0.011530305057269121,174616505.79439524,11727233724.802317,67746068234.72194,1.0,1.0,1.0,0.0,5.85e-05,9242285121.488483
8,4,110,0,26,0,0,0.012911969563230994,156701555.850503,11188563319.53671,65494941207.79625,1.0,1.0,1.0,0.24874449999999998,5.925e-05,8896897871.712463
8,4,120,0,25,0,0,0.011649355563259661,213498186.75693575,11342800509.733845,65388996588.62254,1.0,1.0,1.0,0.0,5.85e-05,8956908490.538628
8,5,10,39,25,25,1076,0.01310956270660491,1545492836.5959003,116024458587.96219,696929197391.3756,1.0,1.0,1.0,0.0,5.7600000000000004e-05,93979656441.3469
8,5,20,36,25,25,874,0.012925326020570138,584792052.8715818,45801108983.62111,305520500627.0248,1.0,1.0,1.0,0.0054378000000000004,5.64e-05,40121626295.413185
8,5,30,29,25,24,1029,0.013150090545472287,542320797.682698,38780897063.14595,237718660967.02798,1.0,1.0,1.0,0.1279062,5.7600000000000004e-05,31907670066.159637
8,5,40,27,25,21,778,0.012287339169098643,404213052.792834,26852059289.821304,162593728132.80573,1.0,1.0,1.0,0.0,5.380000000000001e-05,21912733807.19959
8,5,50,26,25,18,845,0.012186326347875016,375541673.76207316,23304863753.53653,140605312517.4424,1.0,1.0,1.0,0.0,5.5599999999999996e-05,18984383173.08476
8,5,60,48,25,30,1168,0.012922834272411615,215850088.52065983,17963542717.287018,104917303716.46675,1.0,1.0,1.0,0.0,5.62e-05,14235533976.068298
8,5,70,0,25,0,0,0.014618062299467507,258850136.8328046,17765239155.14325,91568642042.85336,1.0,1.0,1.0,0.201675,5.6800000000000005e-05,12891107129.229504
8,5,80,0,25,0,0,0.012591198641025642,122297614.0736526,12799446081.2597,80673674773.07707,1.0,1.0,1.0,0.037143999999999996,5.7400000000000006e-05,10712865022.25124
8,5,90,0,25,0,0,0.014720029825036073,174780061.3581508,11959316616.760677,67867610184.29387,1.0,1.0,1.0,0.0597232,5.6800000000000005e-05,9300970383.475176
8,5,100,0,25,0,0,0.013705575002784739,147880129.6092696,10966654139.179792,60503959285.177444,1.0,1.0,1.0,0.0170732,5.96e-05,8347242846.006521
8,5,110,0,25,0,0,0.01405068541738333,177691988.7674086,10879752367.342121,61996027888.68162,1.0,1.0,1.0,0.223806,5.62e-05,8499937652.511164
8,5,120,0,26,0,0,0.015742157454724945,98819605.515349,8079880510.264566,48606826432.268486,1.0,1.0,1.0,0.220553,6.16e-05,6545832467.191864
8,6,10,45,25,30,1253,0.01500688768491038,1450091912.5665827,103703604813.61986,644811797770.8141,1.0,1.0,1.0,0.409295,5.783333333333334e-05,86236965075.84178
8,6,20,50,25,29,1302,0.014515904203374381,708277163.3148476,55240605311.91935,349965216975.3777,1.0,1.0,1.0,0.0,5.65e-05,46540436773.24179
8,6,30,39,25,23,897,0.014337783660711943,455456018.2216026,34770378734.0084,210020472730.79453,1.0,1.0,1.0,0.2124935,5.6999999999999996e-05,28274942230.72228
8,6,40,32,25,23,753,0.013660489003425114,338955714.671834,26206740653.90457,152552964565.75906,1.0,1.0,1.0,0.03129866666666666,6.133333333333334e-05,20733913586.49226
8,6,50,36,25,11,474,0.014906682811464437,323862213.92587334,20613823071.71211,119287039432.02576,1.0,1.0,1.0,0.18103566666666668,5.683333333333333e-05,16278172105.51441
8,6,60,0,25,19,637,0.012736217828754766,268598212.6759278,18527804130.73404,105386364004.7115,1.0,1.0,1.0,0.03181233333333333,5.5e-05,14432215974.35408
8,6,70,27,25,16,588,0.015501571092513456,172902373.6777852,14209514575.006935,78370705290.50867,1.0,1.0,1.0,0.38060866666666665,6.233333333333334e-05,10800005102.98982
8,6,80,0,25,21,1323,0.014006213764419207,190595825.69463167,14165530259.857828,82073551648.98198,1.0,1.0,1.0,0.0,5.666666666666667e-05,11173878293.85576
8,6,90,0,26,0,0,0.013946836332070708,155803474.29636666,13266140276.205992,70497164683.6093,1.0,1.0,1.0,0.0,6.350000000000001e-05,9812006954.609312
8,6,100,0,26,0,0,0.015245234324236518,128907662.76465267,9386387577.155813,58701861412.30335,1.0,1.0,1.0,0.130497,6.533333333333333e-05,7837699019.035338
8,6,110,0,26,0,0,0.01724716306861286,111122225.0736615,7639075415.619457,48173626644.19816,1.0,1.0,1.0,0.45268749999999996,5.7e-05,6422963302.148471
8,6,120,0,26,0,0,0.015401257927389706,164739124.63699397,9040977778.011992,57809579396.02744,1.0,1.0,1.0,0.0,8.383333333333333e-05,7704470881.450679
8,7,10,44,25,33,1310,0.016107621201626947,1195396086.9920616,93653265744.35481,567481518320.3851,1.0,1.0,1.0,0.9413594285714285,6.928571428571429e-05,76315582236.75578
8,7,20,47,25,33,1074,0.015614924898365414,529705306.3364154,42103288242.99785,265572098795.80557,1.0,1.0,1.0,1.074225,5.685714285714285e-05,35348661236.99621
8,7,30,40,25,30,1137,0.017671033969816962,405703291.3486077,28407932485.579693,179592364897.2662,1.0,1.0,1.0,2.1603611428571425,8.699999999999999e-05,23924815280.496662
8,7,40,62,25,21,760,0.016040280396658845,278078140.4790217,22550270667.592842,134419789769.2094,1.0,1.0,1.0,1.6888011428571428,5.6571428571428574e-05,18146687800.512737
8,7,50,29,25,17,654,0.014287211250213695,231947320.75887245,19023754275.150517,119484898128.40674,1.0,1.0,1.0,0.2941274285714286,6.228571428571428e-05,15915603790.136972
8,7,60,0,25,0,0,0.015425555171430658,206346152.807694,18368016364.7167,103971130465.9015,1.0,1.0,1.0,0.0,6.528571428571429e-05,14215158625.498596
8,7,70,26,25,13,499,0.01488350522680582,185646907.74623474,14316828525.313524,82597155515.20631,1.0,1.0,1.0,0.12923142857142858,7.485714285714285e-05,11253034090.44968
8,7,80,0,26,0,0,0.017788506750111663,168800229.90361902,11763806527.006163,66728485637.69576,1.0,1.0,1.0,0.24589057142857146,7.057142857142856e-05,9143770028.045712
8,7,90,0,25,0,0,0.017143515377097636,196635021.9185612,11543224427.626053,64648776368.50499,1.0,1.0,1.0,0.6411501428571429,5.785714285714286e-05,8911167033.961508
8,7,100,0,25,0,0,0.015065340401350599,148255207.30102,10888071904.997381,57915397190.09989,1.0,1.0,1.0,0.0,5.6571428571428574e-05,8072932744.119939
8,7,110,0,25,0,0,0.014559463470059073,125985058.16703771,9412699864.151897,58227898416.57802,1.0,1.0,1.0,0.12642942857142855,5.628571428571428e-05,7793519353.661219
8,7,120,0,0,0,0,0.01576566465652233,124434575.15577514,8384632131.15785,51060910601.65321,1.0,1.0,1.0,0.12320171428571428,6.385714285714286e-05,6870121687.475892
8,8,10,45,25,36,1468,0.018668703548835926,1201458710.6243284,88291231837.43433,546782709466.2339,1.0,1.0,1.0,5.39941775,0.000312875,73177538387.32845
8,8,20,54,25,34,1125,0.017334079614759763,487806742.4990951,40057439284.69097,258278709957.00558,1.0,1.0,1.0,1.415189375,5.65e-05,34180823565.302567
8,8,30,48,25,32,1272,0.019766131685564296,344786229.0506888,27611170854.58902,164659037559.24854,1.0,1.0,1.0,3.9573790000000004,0.00022349999999999998,22229488269.16045
8,8,40,35,25,36,1482,0.017668741491302844,293166537.9079364,22006921066.377815,137997707475.86032,1.0,1.0,1.0,1.406374375,5.6e-05,18406371530.3495
8,8,50,35,25,22,930,0.01816740612167613,244784568.58602196,17825551560.86854,105632142210.13344,1.0,1.0,1.0,1.534602125,0.00016325,14299673723.59778
8,8,60,54,25,23,1111,0.017438206558515884,231681293.93755695,17050428251.545504,92864498359.07426,1.0,1.0,1.0,0.660466125,7.0625e-05,12858712388.13251
8,8,70,0,25,0,0,0.022384864587659127,149068468.6639095,10557591413.454754,62245245591.98407,1.0,1.0,1.0,2.7000341249999997,5.937499999999999e-05,8440390757.343691
8,8,80,0,25,0,0,0.017837056491597794,207205407.6820651,12581137041.106953,71343838936.22305,1.0,1.0,1.0,0.5560687499999999,7.05e-05,9795655083.829742
8,8,90,0,25,0,0,0.016955776155931038,157476443.8130299,11307116390.660805,64027710363.46651,1.0,1.0,1.0,0.702986125,6.1375e-05,8774427821.124828
8,8,100,0,25,0,0,0.015963705558434998,148475421.94569278,9068015338.107994,59725537635.0359,1.0,1.0,1.0,0.5436136250000001,5.674999999999999e-05,7890089623.149392
8,8,110,0,26,0,0,0.02092580982124068,95997780.65439212,8248802038.023042,44085243263.79971,1.0,1.0,1.0,1.58429,7.762500000000002e-05,6125483172.629874
8,8,120,0,25,0,0,0.017504286912346404,166265124.29005522,9358428653.513224,50148284064.096306,1.0,1.0,1.0,0.9999913749999999,6.237500000000001e-05,7002899718.815084
8,9,10,58,25,38,1598,0.020145414215488395,1043462455.1710889,85002022190.3156,527325587549.2536,1.0,1.0,1.0,9.167398222222221,0.000189,70463386871.18762
8,9,20,60,25,37,1534,0.020164202925789267,549835868.6469699,42753867194.69388,266444482267.11655,1.0,1.0,1.0,4.9471155555555555,5.688888888888889e-05,35580106751.43046
8,9,30,32,25,36,1399,0.019054659617397055,337520115.235589,27958284051.273464,163939168491.43253,1.0,1.0,1.0,2.0750143333333337,5.8e-05,22221837730.140053
8,9,40,45,25,30,1122,0.019045831747260968,267044431.63584757,19951423339.475727,124434485592.3725,1.0,1.0,1.0,1.7005703333333335,5.9888888888888886e-05,16620664320.964783
8,9,50,18,25,15,596,0.020844137548633367,214673262.15304774,16165513758.521492,88328407917.447,1.0,1.0,1.0,3.8392197777777772,7.233333333333333e-05,12216214809.44718
8,9,60,26,25,18,839,0.02287395802480125,208133161.92299044,14377140929.352257,71506127076.51503,1.0,1.0,1.0,4.276437,5.7e-05,10171734087.479122
8,9,70,0,25,0,0,0.021099264247224556,136429371.78533122,11608555345.463812,64113516227.28072,1.0,1.0,1.0,2.2302674444444444,0.0002397777777777778,8828563241.479383
8,9,80,0,26,0,0,0.02232177130104544,138681464.26129946,9574759136.951612,55338909568.7449,1.0,1.0,1.0,3.4273438888888896,6.733333333333333e-05,7545919793.509853
8,9,90,0,26,0,0,0.020026830076399466,89398899.67085612,9232563352.27352,56218892807.51976,1.0,1.0,1.0,1.7973258888888886,7.622222222222221e-05,7530981172.247451
8,9,100,0,25,0,0,0.018308118344568983,119958122.85291621,9823310292.002855,60881293975.51501,1.0,1.0,1.0,1.0444266666666668,6.622222222222222e-05,8136762136.457796
8,9,110,0,26,0,0,0.018747401776072176,119620773.83170632,8561167020.987705,50297839806.14203,1.0,1.0,1.0,1.021493,6.4e-05,6825751921.101242
8,9,120,0,25,0,0,0.017305836914113935,155270164.9822639,8565952789.205519,50884055615.164215,1.0,1.0,1.0,0.33466388888888887,8.322222222222223e-05,6910285232.405698
8,10,10,59,25,41,1830,0.02216990492253492,1048596781.9704081,85269694769.29198,514505139849.16815,1.0,1.0,1.0,17.675088900000002,0.00012190000000000001,69238470609.1511
8,10,20,44,25,37,1450,0.021965058630533784,469476767.8230338,36310836757.63356,237958303804.80865,1.0,1.0,1.0,8.0503598,0.00013890000000000002,31386631433.866554
8,10,30,52,25,33,1119,0.019470987717103642,314647633.59025747,26159759980.034264,164317592121.95615,1.0,1.0,1.0,2.4494477999999997,6.610000000000001e-05,21883964540.18274
8,10,40,19,25,33,1443,0.022279894749549795,224266043.41435876,18162254426.40945,106274397021.84676,1.0,1.0,1.0,3.9417994999999997,0.00024700000000000004,14416876799.905817
8,10,50,14,25,16,611,0.020209273931467948,238418149.66668215,14813560396.207666,96429561924.4436,1.0,1.0,1.0,2.8512052999999997,7e-05,12772560963.19209
8,10,60,32,25,0,0,0.020615652526675483,189983388.701697,14650688346.487848,85044818851.13823,1.0,1.0,1.0,2.5056141,5.94e-05,11567607914.728184
8,10,70,26,25,21,912,0.022010037521286923,123020373.61601348,10566088892.586405,66234047464.10176,1.0,1.0,1.0,3.2077788,6.259999999999999e-05,8822736771.66495
8,10,80,0,25,0,0,0.022910050243987436,155549451.07068342,8953392406.213997,55842907164.109726,1.0,1.0,1.0,3.0553619999999997,0.00020800000000000001,7483853799.264299
8,10,90,0,25,0,0,0.021767540659077128,130896209.02234039,9696460549.450037,52700726403.18194,1.0,1.0,1.0,2.3743988,0.00024690000000000004,7300992085.312861
8,10,100,0,25,0,0,0.022035669975843702,97873376.8351492,7688329164.413739,43384027366.523705,1.0,1.0,1.0,2.1181863,0.00014780000000000001,5944579923.210886
8,10,110,0,25,0,0,0.020709447813235575,113247037.2807821,7000190900.233698,43460639532.09605,1.0,1.0,1.0,1.3685729999999998,7.070000000000001e-05,5825375052.467724
8,10,120,0,25,0,0,0.021965901770233442,139024514.84658343,6936057656.585835,43442879163.56568,1.0,1.0,1.0,2.2128845000000004,0.00021710000000000002,5828816597.550008
8,11,10,62,25,42,1772,0.023722800465217405,902184380.579641,75819352634.22337,457201431738.9379,1.0,1.0,1.0,24.446186272727275,6.699999999999999e-05,61515542661.02532
8,11,20,45,25,43,1592,0.02189181777069378,463839677.73242146,37461573101.79697,235180413280.36414,1.0,1.0,1.0,8.376068363636364,7.363636363636361e-05,31335043685.791092
8,11,30,45,25,33,1257,0.023635069803271434,298732880.67637366,22979648209.760014,140499127455.02087,1.0,1.0,1.0,8.362541727272728,0.00018899999999999996,18854955366.967804
8,11,40,53,26,33,1462,0.024738441323533148,220303608.13603628,16921636287.53379,99868068362.90466,1.0,1.0,1.0,7.216577909090909,0.0005308181818181818,13525346587.458885
8,11,50,36,25,0,0,0.02319766808139355,181124876.79366928,15261400740.086205,86369685479.17511,1.0,1.0,1.0,4.925976545454545,0.00033009090909090906,11816036087.507202
8,11,60,39,25,20,710,0.023796421987306436,165450435.59487638,11815362215.760012,69895197691.94981,1.0,1.0,1.0,5.141247636363636,6.145454545454546e-05,9468407494.15577
8,11,70,0,25,25,1730,0.022717526374135374,144126707.22595325,11779304163.749922,61008841047.43354,1.0,1.0,1.0,3.736153181818182,7e-05,8557633615.485745
8,11,80,0,26,0,0,0.020662056038626708,95640173.9480281,8567519499.932315,56096862812.87634,1.0,1.0,1.0,1.683734181818182,0.0003346363636363636,7390138294.796222
8,11,90,0,26,0,0,0.01993580088512512,133180391.63714434,9977468919.853966,58060958299.284004,1.0,1.0,1.0,1.3838978181818182,0.00012527272727272726,7894815881.093896
8,11,100,0,25,0,0,0.02732586760119925,88298289.69694293,7206267363.440577,39792802925.542244,1.0,1.0,1.0,4.246342818181818,5.736363636363636e-05,5482342548.770679
8,11,110,0,26,0,0,0.023065539224698228,97047779.3571649,6709781650.663796,40728985288.3932,1.0,1.0,1.0,2.686927,5.636363636363636e-05,5482788291.968067
8,11,120,0,25,0,0,0.021297008932513194,69742411.61949281,6222681966.38953,40652351524.0899,1.0,1.0,1.0,1.5645463636363637,6.727272727272727e-05,5358591226.092703
8,12,10,54,25,42,1642,0.02461113180374826,753559916.0901214,67743558322.039085,423621580137.8765,1.0,1.0,1.0,27.909316583333332,0.00019683333333333334,56438361498.44766
8,12,20,50,25,42,1463,0.023486371747267944,405569637.1078031,32451056103.302597,198374093988.70816,1.0,1.0,1.0,11.223468500000001,6.516666666666667e-05,26611519316.245605
8,12,30,72,25,40,1428,0.023167377532480923,288244218.54791486,21178979067.677547,128916799469.13542,1.0,1.0,1.0,7.315121416666667,6.383333333333333e-05,17329246680.9773
8,12,40,66,25,32,1239,0.023140165167472766,243575854.3023355,17966844597.853054,105187530280.78072,1.0,1.0,1.0,6.521936666666665,5.916666666666666e-05,14282625016.61574
8,12,50,28,25,21,1006,0.025827068404643768,162477799.18286064,12839161720.163935,78540948577.90678,1.0,1.0,1.0,6.857802916666668,0.00014883333333333334,10535661630.762278
8,12,60,0,25,29,1384,0.022113634390977254,166035650.94675523,13742120221.976622,76067096269.02162,1.0,1.0,1.0,3.6878168333333328,6.558333333333333e-05,10471358610.10232
8,12,70,0,26,0,0,0.025390506497699427,136327906.20443633,10359552815.889929,57414295622.207375,1.0,1.0,1.0,5.494044416666667,6.183333333333332e-05,7908769635.117171
8,12,80,0,25,0,0,0.026960947946015307,128245136.11846799,8204826823.452708,48012467750.04837,1.0,1.0,1.0,4.525369,5.516666666666666e-05,6531983714.518983
8,12,90,0,26,0,0,0.024616347717313553,130109684.59761031,8071597110.865929,48355413213.639885,1.0,1.0,1.0,3.538474583333333,0.00011408333333333335,6540937506.539571
8,12,100,0,26,0,0,0.028954259169264376,98908412.4551996,6026306907.813991,35794213995.04667,1.0,1.0,1.0,4.624609416666668,0.0001665,4853918648.899568
8,12,110,0,25,0,0,0.0258884019441829,81729097.4701791,6221939577.280858,39232260556.48651,1.0,1.0,1.0,2.6548763333333327,6.566666666666666e-05,5224824326.917698
8,12,120,0,26,0,0,0.023969745109404486,74158314.5779025,5911588539.587041,38495434393.18231,1.0,1.0,1.0,2.2678670833333334,0.00010541666666666668,5083771956.68789
8,13,10,61,25,45,1945,0.026411885289331534,918156851.9576741,68897992874.03297,427521094085.3284,1.0,1.0,1.0,33.053085,0.00019292307692307689,57174417636.5807
8,13,20,44,25,39,1295,0.02682400338951243,350819325.5971873,28306832863.939003,177389004268.97537,1.0,1.0,1.0,19.137018153846153,0.00010707692307692307,23645840444.313725
8,13,30,52,25,41,1595,0.026812714744765494,281168871.86613286,20889121021.901802,122638186145.67667,1.0,1.0,1.0,12.219607230769231,7.615384615384616e-05,16638460975.709684
8,13,40,76,25,37,1452,0.02384357459695267,228266660.36785904,17858801370.308723,105844711127.3073,1.0,1.0,1.0,6.718348,9.3e-05,14316018019.160679
8,13,50,95,25,24,1255,0.025441445970151227,194061929.54134914,12796059983.801105,80511784229.83363,1.0,1.0,1.0,6.730929846153847,0.0001823076923076923,10746233740.478746
8,13,60,50,25,25,1236,0.026149205842349213,139529311.52526644,10721141512.656807,63166358913.94026,1.0,1.0,1.0,5.803575076923077,0.00012715384615384615,8558534686.037154
8,13,70,25,25,21,1174,0.029425847525299455,125967196.25747178,8581915377.5499935,50297799332.62765,1.0,1.0,1.0,6.807688692307692,0.000223,6834340015.878976
8,13,80,0,25,0,0,0.024431837013933137,123444139.05021685,8270206772.257814,51476309912.019455,1.0,1.0,1.0,3.4807440000000005,6.384615384615383e-05,6888083227.021185
8,13,90,0,26,0,0,0.026603440456653672,103273333.49962053,7874522943.922684,44677850016.70048,1.0,1.0,1.0,4.281907307692308,5.6076923076923075e-05,6114980904.491877
8,13,100,0,26,0,0,0.027591894342020994,104350550.58612539,6675129544.350732,37681504207.007645,1.0,1.0,1.0,3.7559112307692306,0.00015207692307692307,5176221697.830126
8,13,110,0,26,0,0,0.030624702870482443,61318369.67231215,5808088027.9463,30280706632.2322,1.0,1.0,1.0,4.803446846153847,6.0461538461538456e-05,4232611105.928017
8,13,120,0,26,0,0,0.029215401970340914,75191917.05847047,5473709080.86595,32123667315.38839,1.0,1.0,1.0,4.197815769230769,6.469230769230768e-05,4359742870.602073
8,14,10,51,25,46,1771,0.026266745454543407,794973402.1589867,62428408252.2497,397865628368.326,1.0,1.0,1.0,34.862380214285714,6.714285714285714e-05,52828725717.8853
8,14,20,61,25,43,1688,0.027636700126282138,421008737.39455736,30233497664.072113,192564849175.9415,1.0,1.0,1.0,19.68660457142857,0.0001792857142857143,25597890480.931587
8,14,30,27,25,39,1513,0.026368416050159417,221599945.47878268,20006155054.583378,121819713422.02441,1.0,1.0,1.0,11.239964714285716,6.0499999999999987e-05,16338322265.622156
8,14,40,31,26,29,1177,0.027522502662469923,189867978.04553536,14824696045.876236,88655614591.49728,1.0,1.0,1.0,9.432690857142859,0.00012878571428571428,11963408211.395725
8,14,50,38,25,29,1509,0.028977390479493055,173519944.4421,11666731460.372019,69557615807.44563,1.0,1.0,1.0,8.978391571428572,6.342857142857144e-05,9410571794.321081
8,14,60,36,25,0,0,0.029112710221383054,139663330.31105492,10253812556.981249,60520914911.14726,1.0,1.0,1.0,7.521774071428571,0.00018857142857142857,8200618300.384275
8,14,70,28,25,23,1023,0.0268856791158046,109471434.53992465,9607960712.241459,53775985645.79627,1.0,1.0,1.0,5.485964357142857,5.8785714285714276e-05,7375820686.615966
8,14,80,0,25,0,0,0.031393324633720285,111903871.76247014,7000645348.457672,44104723374.81111,1.0,1.0,1.0,6.537284071428571,6.892857142857141e-05,5888934088.295756
8,14,90,0,25,0,0,0.029293773866741722,106998121.31923766,7361680748.058829,40033572329.64482,1.0,1.0,1.0,5.382693642857143,6.971428571428572e-05,5550592043.353829
8,14,100,0,26,0,0,0.029420804601648354,88800438.10122636,6690413734.866865,37746965022.982925,1.0,1.0,1.0,4.471927571428571,0.00014042857142857143,5174939535.712633
8,14,110,0,25,0,0,0.026785673123230932,93129367.22138216,5881141774.279089,34381203725.82213,1.0,1.0,1.0,3.1034435714285715,5.642857142857143e-05,4679539270.147949
8,14,120,0,26,0,0,0.028469384713718193,90647081.46827793,4959020026.71304,32692014624.16909,1.0,1.0,1.0,3.5072221428571426,6.65e-05,4324458408.705972
8,15,10,54,25,46,2152,0.02917945209113441,793607503.3031336,63833348874.07931,400886653865.86053,1.0,1.0,1.0,43.57231973333334,6.886666666666666e-05,53410860225.35286
8,15,20,61,25,46,1760,0.028837030393949924,354811058.0421989,28118635827.487164,182425003402.69467,1.0,1.0,1.0,21.404254066666667,0.00011066666666666667,24114595153.357674
8,15,30,52,25,41,1689,0.029364576714742185,216219632.9438286,17592657135.210278,113220838334.14136,1.0,1.0,1.0,15.138170266666666,5.999999999999999e-05,14991968937.422483
8,15,40,61,25,29,1376,0.02931785921092126,171981873.5394394,13371732191.633112,81359913594.81331,1.0,1.0,1.0,10.807025466666666,7.606666666666667e-05,10930725061.815025
8,15,50,20,25,28,1474,0.027073287497751456,188204435.75289214,12148856691.609404,74440056485.09091,1.0,1.0,1.0,7.790556266666666,5.6199999999999984e-05,10005520057.358364
8,15,60,0,26,23,1037,0.03401871258980592,111253573.64392713,8252195247.1802435,48951014644.2429,1.0,1.0,1.0,9.508892400000002,7.039999999999999e-05,6623417973.52255
8,15,70,28,25,24,1042,0.03022963939996992,92116766.14987354,6679714677.197568,44379463420.32046,1.0,1.0,1.0,7.296263066666667,6.613333333333332e-05,5838370981.402255
8,15,80,0,26,0,0,0.032579511909687935,95818804.78569587,7327857622.898777,43713285775.61426,1.0,1.0,1.0,6.726151466666667,6.659999999999998e-05,5903973235.568433
8,15,90,0,25,0,0,0.030222131764424655,89706697.60973352,6654328881.10651,36761380336.85174,1.0,1.0,1.0,5.891739866666667,6.753333333333333e-05,5069798471.898519
8,15,100,0,25,0,0,0.03110073844257526,69346620.76877473,5439858223.573539,32761338781.594048,1.0,1.0,1.0,4.8887236666666665,0.00012619999999999998,4412648135.390202
8,15,110,0,26,0,0,0.029119900126162414,74581882.97077012,4810868420.9444685,29441393568.173237,1.0,1.0,1.0,4.45101,6.546666666666667e-05,3958520338.946132
8,15,120,0,26,0,0,0.03676588301462042,96627563.30488195,5047994551.317949,27879937277.455894,1.0,1.0,1.0,5.499817266666667,0.0002428,3865231907.672339
8,16,10,63,25,48,1923,0.030296489004293513,637383497.7944313,54079835235.76708,343324391424.92346,1.0,1.0,1.0,47.143087124999994,6.84375e-05,45594574434.38631
8,16,20,48,25,46,1683,0.02992114383762436,308671897.98900014,25559412888.857677,162338816598.13217,1.0,1.0,1.0,23.978193625000003,0.0001648125,21561834462.070114
8,16,30,36,25,36,1418,0.0338637938424834,226973268.89667174,16083020017.617535,92004294880.74142,1.0,1.0,1.0,19.605933187500003,7.612500000000001e-05,12575914694.51948
8,16,40,35,25,31,1356,0.030544880236045284,159130862.759049,13337982770.35453,76696921507.83594,1.0,1.0,1.0,12.133308687499998,0.00016493750000000002,10448680255.611898
8,16,50,76,25,32,1482,0.029890986955779873,189695404.54559618,12446941476.283508,68161934467.55961,1.0,1.0,1.0,10.215254500000002,0.00010687499999999998,9438368480.268526
8,16,60,29,25,25,1519,0.03331552559749377,118291195.33337268,7443411891.797459,48175674452.084175,1.0,1.0,1.0,9.539120562499997,6.293749999999999e-05,6389053618.282781
8,16,70,0,25,0,0,0.036357979483960884,74871535.38536613,6170445632.9131565,38328118501.50716,1.0,1.0,1.0,9.535335750000002,9.4625e-05,5119311009.500752
8,16,80,0,26,24,0,0.0269714966997932,77216039.9403658,6855854872.519716,45269543711.271164,1.0,1.0,1.0,4.669503625000001,6.474999999999999e-05,5952176552.510174
8,16,90,29,25,25,1314,0.030701936348909144,90815728.39955224,6063007124.459167,37655917741.28081,1.0,1.0,1.0,5.7452248125,7.524999999999999e-05,5041764183.194811
8,16,100,0,26,0,0,0.03159692593394381,42756973.62270938,4558615077.183872,28272855489.928356,1.0,1.0,1.0,5.513090875,5.9812499999999983e-05,3768938421.2589593
8,16,110,0,26,0,0,0.026840477950738496,75175031.88816656,4789467695.778016,32607802298.35999,1.0,1.0,1.0,2.9683491875,0.00015618750000000005,4271296277.548746
8,16,120,0,26,0,0,0.03511103534010116,73808854.38388531,4662270486.562558,25856967434.097664,1.0,1.0,1.0,5.5734475,7.95625e-05,3569817013.824832
8,17,10,67,25,49,1919,0.03190487920056038,674372315.8675008,51002217657.6179,323816563779.72815,1.0,1.0,1.0,51.347234823529405,6.176470588235294e-05,43054160308.81028
8,17,20,57,25,50,1814,0.03072282811490287,335195142.6763597,25126940213.473724,152281174830.7223,1.0,1.0,1.0,24.863059882352943,7.241176470588235e-05,20488142017.72896
8,17,30,54,25,36,1643,0.034400400871168635,240225271.40578198,16364077509.858109,95540937555.8148,1.0,1.0,1.0,19.758647529411768,9.23529411764706e-05,12995066861.574568
8,17,40,52,25,39,1664,0.03239593386004182,175188787.94047606,13217804318.476664,75020821015.29022,1.0,1.0,1.0,13.814159529411763,0.0002520588235294118,10268275056.38072
8,17,50,77,25,26,1332,0.03091458580159683,113922703.1588117,9607814993.974253,61153406643.72719,1.0,1.0,1.0,9.741298411764706,6.01764705882353e-05,8116649512.490897
8,17,60,27,26,26,1436,0.032989852445850905,124053877.21828508,7971388335.682352,50266929846.22399,1.0,1.0,1.0,9.503614529411763,6.447058823529412e-05,6707808323.945851
8,17,70,32,25,50,2679,0.031417175090211864,130333690.1454683,8148583474.904268,48950563104.50303,1.0,1.0,1.0,7.598734823529412,0.00010188235294117647,6616006554.857986
8,17,80,0,25,0,0,0.03199336119360624,125115920.31071988,7638603108.767405,43401685790.41547,1.0,1.0,1.0,6.630918588235293,0.00011882352941176471,5955470315.499072
8,17,90,0,26,0,0,0.03434247936234518,78675872.2829299,5837150660.281289,34551716716.47328,1.0,1.0,1.0,6.895122588235294,0.0003871764705882353,4677674883.650946
8,17,100,0,25,0,0,0.03525070487132353,110428095.80861056,6622843444.370578,35681092217.5767,1.0,1.0,1.0,6.626845470588236,0.00015900000000000002,4969977548.201694
8,17,110,0,26,0,0,0.0338118400205187,76331290.16765742,5134702570.816883,28352243790.831593,1.0,1.0,1.0,5.448383470588235,7.323529411764705e-05,3915596771.9355326
8,17,120,0,26,0,0,0.033405547939043524,56327753.912593886,3536709241.9813995,26414543505.268383,1.0,1.0,1.0,4.999900647058823,0.00014811764705882353,3388225604.161724
8,18,10,63,25,48,1992,0.03395335738673914,674197395.1484656,49420188189.0319,318598143860.377,1.0,1.0,1.0,56.75808199999999,5.905555555555555e-05,42215789955.388016
8,18,20,48,25,49,1687,0.03349763242289025,274324600.0465076,22520431789.349575,140592812459.1323,1.0,1.0,1.0,28.713538499999995,6.777777777777778e-05,18755394699.34719
8,18,30,60,25,38,1566,0.03504538778684783,183105925.71275222,13627936247.902779,90036770084.1005,1.0,1.0,1.0,20.445143166666668,0.0001562777777777778,11857438317.074745
8,18,40,41,25,45,1821,0.03274421821276324,145959465.72624728,12627574558.03974,72262218783.73566,1.0,1.0,1.0,14.295082111111112,6.85e-05,9853908353.52074
8,18,50,41,25,50,1998,0.032816091842046625,112721057.95725214,8969293967.795874,59773694311.1439,1.0,1.0,1.0,11.365706833333332,0.0003431666666666667,7850132915.369627
8,18,60,19,25,22,649,0.03741841549375407,131454996.07963389,7479457575.931011,45678028842.42412,1.0,1.0,1.0,11.252735611111111,5.933333333333333e-05,6155712847.297339
8,18,70,31,25,26,1490,0.03500453423249364,82225574.45081013,7301130580.633569,41889963276.18294,1.0,1.0,1.0,9.168462388888887,0.00010666666666666667,5706780305.435728
8,18,80,0,25,0,0,0.03867555152225282,91269791.55715927,6300998093.866359,35448059799.565704,1.0,1.0,1.0,8.859598944444448,0.00012633333333333333,4868894413.723036
8,18,90,0,25,0,0,0.03683932352079174,79381051.56561515,5992659845.396065,33256960389.21291,1.0,1.0,1.0,7.619741055555555,0.00015266666666666667,4579794710.330893
8,18,100,0,25,0,0,0.03423104079147126,62299913.53533389,5008627233.84392,29662783033.310314,1.0,1.0,1.0,6.377211888888889,0.0001889444444444444,4011613661.151725
8,18,110,0,25,0,0,0.03351856915915874,70638824.88892078,4258035226.454433,26363527841.55192,1.0,1.0,1.0,5.503005111111111,6.399999999999998e-05,3537406982.2051253
8,18,120,0,25,0,0,0.034693234394858614,57340892.68490617,4334210901.344943,25045745298.650574,1.0,1.0,1.0,5.278595166666666,0.00014755555555555553,3411555311.3148875
8,19,10,61,25,46,1612,0.03539674043070319,530486790.41153795,40729989646.577034,266040544551.8421,1.0,1.0,1.0,61.07983215789472,9.994736842105263e-05,35121392874.14398
8,19,20,49,25,49,1832,0.036368609696719754,303967588.99514395,20787533713.54522,134350100941.70158,1.0,1.0,1.0,31.668845368421056,0.00017510526315789475,17805294011.999012
8,19,30,64,25,51,2131,0.033928979708522246,193296693.72740436,14789214952.28309,89351614812.35968,1.0,1.0,1.0,19.04994184210526,0.00011168421052631578,12028312074.38654
8,19,40,59,25,35,1651,0.03685201188150643,137403795.62711763,9682912022.467855,61473674783.93569,1.0,1.0,1.0,16.906476947368418,0.00016968421052631583,8180132466.1275425
8,19,50,57,25,27,1309,0.03480208780895231,129060878.40763383,9153684543.889603,54498704319.459885,1.0,1.0,1.0,12.104915789473685,0.00010173684210526317,7370949902.557675
8,19,60,34,25,28,1241,0.03722579205786396,99943533.6363128,8002217866.897273,46602559228.28327,1.0,1.0,1.0,10.978940789473686,6.421052631578948e-05,6330659921.543479
8,19,70,45,25,23,1180,0.03426950708037026,117599556.79192927,6617832297.482936,41846371211.507996,1.0,1.0,1.0,9.027920578947368,0.0003369999999999999,5590523230.580229
8,19,80,0,25,0,0,0.038725590456359156,85649179.91296138,5913843787.762848,32407538065.9152,1.0,1.0,1.0,8.525929526315789,6.947368421052631e-05,4483476952.421369
8,19,90,0,26,0,0,0.040285221320512155,68223254.01065497,4999463101.525158,34420202572.88904,1.0,1.0,1.0,9.49489973684211,0.0002871052631578947,4489669113.57209
8,19,100,0,26,0,0,0.03521373639887768,75196197.06615579,5360323964.20827,30307257044.3288,1.0,1.0,1.0,6.429811736842105,0.00014636842105263164,4155427806.5720224
8,19,110,0,26,0,0,0.038464142988903764,58097498.1998607,4486960124.793165,28280825601.21812,1.0,1.0,1.0,6.620924736842105,5.984210526315789e-05,3766142804.350113
8,19,120,0,25,0,0,0.04466189426806442,43974482.25671084,3391535235.6143613,20835723086.74077,1.0,1.0,1.0,6.8015016842105265,0.00013210526315789474,2792661463.129621
8,20,10,65,25,49,2030,0.03793398296970364,586087944.7591659,42057198316.03397,272813399547.36362,1.0,1.0,1.0,66.57872255,0.0003068,36103040891.98476
8,20,20,48,25,45,1631,0.036007792078913525,274363622.28716445,20689249872.14361,129343315371.95804,1.0,1.0,1.0,31.261665549999996,0.00011980000000000001,17264235911.79987
8,20,30,32,25,31,1350,0.045037722092148125,167324603.54761797,11914127020.92728,64804240124.027466,1.0,1.0,1.0,27.013481950000006,0.00020515,8980376521.912682
8,20,40,45,25,20,968,0.04182982329484699,135403042.39060882,9363014043.329723,56645316409.14883,1.0,1.0,1.0,18.499639050000006,0.00010339999999999999,7631916498.705362
8,20,50,30,25,23,1039,0.03869111300551788,131827970.14011702,8407754700.015463,50657092631.31651,1.0,1.0,1.0,14.2741942,8.014999999999997e-05,6839539719.853445
8,20,60,27,25,25,1188,0.03818056931000171,121383641.47551616,7014318264.114471,44755826627.47969,1.0,1.0,1.0,11.38301485,0.00010990000000000002,5963414814.656289
8,20,70,0,25,0,0,0.036734326571442245,116401331.89300175,7111351179.423365,44136489109.60209,1.0,1.0,1.0,10.199254449999996,0.00028715,5917400034.311955
8,20,80,21,25,25,1436,0.03828553819955364,96975391.81855765,6017661626.359449,34384993865.41814,1.0,1.0,1.0,9.3110976,6.49e-05,4709914445.0486965
8,20,90,0,25,0,0,0.03931928788810437,71942395.90093446,5095932930.113161,30543922763.83361,1.0,1.0,1.0,8.6077111,0.00016720000000000003,4123938501.522771
8,20,100,0,25,0,0,0.037644176086754674,71270805.7342398,5113244272.871902,27082083581.21891,1.0,1.0,1.0,6.57520815,0.0001554,3780746747.4361753
8,20,110,0,26,0,0,0.0436898948019255,75202282.5213398,4807704883.249741,26563398901.445946,1.0,1.0,1.0,8.21271895,6.170000000000001e-05,3670522428.2445245
8,20,120,0,25,0,0,0.03755850191331528,61711132.000220105,4650484378.377158,25360661022.993526,1.0,1.0,1.0,5.634328200000001,0.00010624999999999998,3509360745.1468706
9,1,10,9,25,5,186,0.008226505520833333,2109186080.373252,101149110206.80403,621477551293.4409,1.0,1.0,1.0,0.0,5.6e-05,83854007425.96594
9,1,20,10,25,4,159,0.0083100776336478,903226600.140063,47921662944.401924,306354426689.43604,1.0,1.0,1.0,0.0,6.3e-05,40852033876.92177
9,1,30,5,25,4,227,0.008754599471830986,743270165.744501,43840364071.04767,291522047089.8232,1.0,1.0,1.0,0.0,6e-05,38440566638.212746
9,1,40,4,25,3,149,0.008159285227272725,676478258.07787,37213479593.43296,225141367546.7242,1.0,1.0,1.0,0.0,6.3e-05,30430367453.013252
9,1,50,7,26,2,102,0.00689322509057971,392332602.563877,19183676934.883156,114130835076.98457,1.0,1.0,1.0,0.0,5.9e-05,15524451715.46955
9,1,60,3,25,3,111,0.007543634615384614,374664116.096028,17749557827.36519,103800242397.81792,1.0,1.0,1.0,0.0,6e-05,14192200685.521791
9,1,70,0,25,0,0,0.007674998106060606,198537502.146824,14171611652.901884,87744828381.9759,1.0,1.0,1.0,0.0,6.1e-05,11747781419.280483
9,1,80,0,25,0,0,0.007262900000000001,150869701.188595,12841014606.28644,83036563790.81741,1.0,1.0,1.0,0.0,5.9e-05,10977468090.170792
9,1,90,0,25,0,0,0.008659019166666665,296193637.933307,15208502327.07348,84606867331.88976,1.0,1.0,1.0,0.0,5.5e-05,11709722744.156752
9,1,100,0,25,0,0,0.00855199456521739,296966028.494707,15217960181.932114,74278963349.66537,1.0,1.0,1.0,0.0,5.7e-05,10679364590.299011
9,1,110,0,25,0,0,0.007820407608695653,335947648.751296,16149455621.779268,86997101396.68231,1.0,1.0,1.0,0.0,5.9e-05,12164764617.149738
9,1,120,0,25,0,0,0.008709199999999999,161099616.120051,8212471713.096063,54744626919.80674,1.0,1.0,1.0,0.0,5.7e-05,7229726764.8836775
9,2,10,15,25,10,378,0.008704610416666668,1741872199.356642,108125968324.20715,663589295617.4009,1.0,1.0,1.0,0.0,5.9e-05,89203433765.13092
9,2,20,19,26,9,405,0.00877659875801282,949115555.3235614,61268285812.6761,390421697624.0423,1.0,1.0,1.0,0.0,5.6e-05,51960207812.66571
9,2,30,22,25,8,381,0.009275178291316527,696546515.2507225,44541494843.87419,286854382695.4508,1.0,1.0,1.0,0.0,5.9e-05,38081319797.99518
9,2,40,16,26,7,247,0.009174650943396227,410522674.0882465,29175102617.484184,184631834961.04248,1.0,1.0,1.0,0.0,5.9e-05,24585569890.46261
9,2,50,12,25,5,277,0.009886303229580262,474032622.69057906,26808547276.520092,165188542741.48715,1.0,1.0,1.0,0.0,5.85e-05,22212386564.33589
9,2,60,0,25,6,244,0.008239527590090091,373694743.33798003,21631860645.77917,129417339912.12962,1.0,1.0,1.0,0.0,5.8e-05,17529692439.705135
9,2,70,0,25,0,0,0.008925463541666668,242660825.19504452,13631156214.748755,94200824393.05544,1.0,1.0,1.0,0.0,5.7e-05,12316176258.891582
9,2,80,0,25,0,0,0.009375337244572159,220361886.0144865,15601704484.899418,89645184493.2869,1.0,1.0,1.0,0.0,5.75e-05,12239112665.518467
9,2,90,0,26,0,0,0.009535199552617522,253220046.48896098,12943104037.236164,75220629859.88287,1.0,1.0,1.0,0.0,5.9e-05,10287937824.977537
9,2,100,0,26,0,0,0.009841820713932806,128704055.5798885,9670461079.298866,63512973647.76502,1.0,1.0,1.0,0.0,5.55e-05,8375482418.541959
9,2,110,0,25,0,0,0.00979932647907648,275454719.88044447,13483344576.868465,77196469094.33151,1.0,1.0,1.0,0.0,5.7e-05,10609134127.722912
9,2,120,0,26,0,0,0.009582754221491227,213119225.777229,9535880671.824863,59012275585.07666,1.0,1.0,1.0,0.0,5.85e-05,7957587149.916449
9,3,10,23,26,15,648,0.009681593558068117,1934661582.3195484,120284603508.98845,744528919910.5244,1.0,1.0,1.0,0.0,5.8e-05,99864075799.47357
9,3,20,23,26,15,547,0.009336979501078748,904982205.302701,55717474411.19198,368028104010.61005,1.0,1.0,1.0,0.0,5.5333333333333334e-05,48579792826.01105
9,3,30,16,26,15,528,0.010216932833234304,520051604.113532,32094620531.02951,221069474462.77792,1.0,1.0,1.0,0.0,5.8e-05,28889907674.36292
9,3,40,23,26,11,421,0.009893047776133514,466302664.4810906,27178445736.108734,168732256470.4281,1.0,1.0,1.0,0.0013656666666666667,5.5333333333333334e-05,22635326658.39521
9,3,50,14,26,7,267,0.009892048911736413,420051807.831544,24701493794.36336,151609125084.3414,1.0,1.0,1.0,0.0,5.766666666666667e-05,20395247531.788647
9,3,60,0,26,0,0,0.010380813660649446,274343469.92935866,17247988039.261105,108670231429.42963,1.0,1.0,1.0,0.0,5.766666666666667e-05,14508661178.74549
9,3,70,0,26,11,432,0.009828144293234767,213818047.42010832,16726073872.854698,101313917700.70314,1.0,1.0,1.0,0.0,5.633333333333334e-05,13626279176.835089
9,3,80,0,26,0,0,0.010106259571575545,288049954.33437866,17300854559.524075,92070567815.19255,1.0,1.0,1.0,0.0,5.933333333333333e-05,12868862660.45788
9,3,90,0,26,0,0,0.010998145925925927,178186758.98608997,11059932514.010294,70368162912.86322,1.0,1.0,1.0,0.0,5.666666666666667e-05,9373533524.3784
9,3,100,0,26,0,0,0.009332953144769382,205920484.61172804,12929232083.97616,70388259705.75708,1.0,1.0,1.0,0.0,5.566666666666667e-05,9768816725.59891
9,3,110,0,26,0,0,0.01038982582236842,170932279.728426,9159217839.516651,61139076418.99734,1.0,1.0,1.0,0.0,5.7333333333333336e-05,8065403804.612716
9,3,120,0,26,0,0,0.008518208878968253,142863412.851544,10443689026.737906,64790013779.333595,1.0,1.0,1.0,0.0,5.8666666666666665e-05,8667743571.27677
9,4,10,31,26,20,944,0.01157921942408926,1803878218.923014,123914211793.43437,776631051313.6318,1.0,1.0,1.0,0.0,5.7e-05,103708662242.29593
9,4,20,32,26,21,1006,0.010254953942031108,984291765.8100944,70152735128.36862,444160445262.4237,1.0,1.0,1.0,0.0,5.7e-05,59135595786.98291
9,4,30,22,26,16,648,0.010930668540007148,507881733.058957,37933995607.75283,241477300996.47003,1.0,1.0,1.0,0.00485575,5.6000000000000006e-05,32090046433.31772
9,4,40,31,26,19,601,0.010701344591051565,327832034.50236225,24873528222.63725,161977042250.71198,1.0,1.0,1.0,0.0,5.6750000000000004e-05,21401892292.75006
9,4,50,20,26,18,752,0.011041560721544715,359032349.642184,23889070925.976215,148180508962.16885,1.0,1.0,1.0,0.0,5.6500000000000005e-05,19847187725.161415
9,4,60,20,26,12,483,0.011411000487410875,283368779.65145975,18884019863.98302,105859351736.96292,1.0,1.0,1.0,0.0,5.6250000000000005e-05,14561097291.248676
9,4,70,21,26,0,0,0.012015688773667724,289951279.7065623,18186276388.36227,103647468019.72153,1.0,1.0,1.0,0.04781525,5.550000000000001e-05,14204967974.233358
9,4,80,0,26,0,0,0.009985005759479719,222231769.52385876,16983782438.783876,93521409063.3559,1.0,1.0,1.0,0.0,5.6250000000000005e-05,12904459631.758823
9,4,90,0,26,0,0,0.009908861062366454,181948323.37499574,13946435961.535055,85729902372.4013,1.0,1.0,1.0,0.0,5.65e-05,11489641254.909395
9,4,100,0,26,0,0,0.009634272490530303,192536512.2617375,14943897926.543995,78383038239.45976,1.0,1.0,1.0,0.0,5.75e-05,10961858966.837744
9,4,110,0,26,0,0,0.009678620388032105,135544127.863444,10741311682.592705,68246340665.46044,1.0,1.0,1.0,0.0,5.6000000000000006e-05,9067777291.568756
9,4,120,0,26,0,0,0.011148681173765194,197023653.28515851,10083003460.686535,56688102570.74909,1.0,1.0,1.0,0.11276525,5.825e-05,7823327505.026687
9,5,10,34,26,23,1023,0.012692455799206411,1614855969.6826668,117280883908.90182,713274882280.1552,1.0,1.0,1.0,0.12434179999999999,6.000000000000001e-05,95914064187.03883
9,5,20,25,26,21,770,0.012172812496723171,702016336.5811749,50955985183.43221,331982639552.4777,1.0,1.0,1.0,0.0,5.64e-05,43880872426.540794
9,5,30,31,26,20,810,0.01210243627567922,602457516.6896528,38540104666.80044,229275010815.4672,1.0,1.0,1.0,0.0845762,5.6000000000000006e-05,31057242275.225647
9,5,40,39,26,23,887,0.012364027053750518,346856466.1461036,26190840668.174545,163689764207.73605,1.0,1.0,1.0,0.0,5.62e-05,21849944079.71055
9,5,50,12,26,14,521,0.013010400160917498,270950903.700843,21307655298.271675,131032722000.08365,1.0,1.0,1.0,0.0,5.6800000000000005e-05,17554468891.253044
9,5,60,44,26,9,293,0.011274263720954292,297070525.72699344,20053167280.18656,120117544738.10995,1.0,1.0,1.0,0.0,5.62e-05,16230337296.856964
9,5,70,0,26,0,0,0.01116195606553578,210461838.3741428,14832948447.854553,91350547405.91083,1.0,1.0,1.0,0.0,5.64e-05,12248967716.023655
9,5,80,0,26,0,0,0.013355016955128205,215284972.8549506,14585789454.073816,79301048570.58,1.0,1.0,1.0,0.0,5.64e-05,10997962227.870987
9,5,90,0,26,0,0,0.01072695680374396,230131189.09700823,12929571196.188963,79984178746.99074,1.0,1.0,1.0,0.0,5.9399999999999994e-05,10745423945.304516
9,5,100,0,26,0,0,0.012177039871031746,265687544.821001,13752851779.467167,71929251780.46652,1.0,1.0,1.0,0.0110146,5.52e-05,10129476814.267187
9,5,110,0,26,0,0,0.013551547354087836,177818706.0960728,10635934684.459833,61007450479.926,1.0,1.0,1.0,0.088395,4.96e-05,8352405077.771505
9,5,120,0,26,0,0,0.013628626359326624,183564086.4975854,10820720672.658829,58242738399.68191,1.0,1.0,1.0,0.0,5.7400000000000006e-05,8116912834.048019
9,6,10,45,26,28,1153,0.013641499534053714,1506170804.6881304,110412693544.60759,668631795646.787,1.0,1.0,1.0,0.20292516666666663,5.7499999999999995e-05,90000037835.0091
9,6,20,43,26,26,1033,0.012684540698715106,765135754.1430712,53273568430.10746,339637957628.3145,1.0,1.0,1.0,0.050082999999999996,8.2e-05,45154104475.53739
9,6,30,32,26,27,1024,0.013931528909822641,445722151.0842783,32809141330.90483,203472511596.53427,1.0,1.0,1.0,0.14463616666666668,5.7333333333333336e-05,27221084929.97121
9,6,40,27,26,19,645,0.01232937089281863,306459588.43450505,23122965553.97827,142468758919.7605,1.0,1.0,1.0,0.0,7.916666666666668e-05,19085990713.67552
9,6,50,22,26,11,391,0.01289016066541889,290332466.4015385,19894589217.50563,123048249486.54155,1.0,1.0,1.0,0.0,6.233333333333332e-05,16486975517.636091
9,6,60,0,26,18,824,0.012387858942366428,281310997.92675984,17366401490.64267,111820334010.34723,1.0,1.0,1.0,0.0825545,5.7499999999999995e-05,14852231396.356758
9,6,70,23,26,6,193,0.014337256823725839,218805978.90341496,15293195124.263586,86843514902.98302,1.0,1.0,1.0,0.22135833333333335,5.650000000000001e-05,11896154698.431326
9,6,80,0,26,0,0,0.012429548035375118,193592024.42560735,12912828602.678726,79533717602.87434,1.0,1.0,1.0,0.0,5.683333333333333e-05,10671451896.920862
9,6,90,0,26,0,0,0.013727962321683449,172969434.80082765,10820360130.248812,67847549355.28577,1.0,1.0,1.0,0.0010305,5.6166666666666665e-05,9069905564.934244
9,6,100,0,28,0,0,0.013078175210200375,126810088.98149967,10671436808.627502,64247471414.05656,1.0,1.0,1.0,0.014182666666666668,8.166666666666667e-05,8647801564.35687
9,6,110,0,26,0,0,0.01408931063556179,152040721.54390335,10263417075.488234,59895439012.55302,1.0,1.0,1.0,0.0,6.283333333333333e-05,8148655820.433412
9,6,120,0,25,0,0,0.012663531516358977,180188734.4687238,11783313836.66417,64187455544.04798,1.0,1.0,1.0,0.25912399999999997,5.716666666666666e-05,8901540433.75126
9,7,10,46,26,31,1284,0.015042939490502182,1346423934.5904033,101483070314.06448,625615425899.9261,1.0,1.0,1.0,0.3509795714285714,6.771428571428571e-05,83800653404.50931
9,7,20,47,26,32,1201,0.01498626985651487,681074658.4414294,47666839844.01373,301959553509.64886,1.0,1.0,1.0,0.8003224285714285,6.0428571428571424e-05,40206075576.234985
9,7,30,34,26,29,1013,0.014953279009686874,433011599.4924597,31417857167.06275,192748360886.9936,1.0,1.0,1.0,0.5367824285714285,6.142857142857142e-05,25861515638.448208
9,7,40,61,26,30,1097,0.01548501825891661,301649256.2820765,22272185465.390972,140697029750.46243,1.0,1.0,1.0,0.4483385714285714,7.128571428571428e-05,18735294544.59373
9,7,50,20,26,26,1173,0.016025259068179042,249436156.43037155,18330841110.362843,111462295075.41542,1.0,1.0,1.0,0.32520571428571426,6.357142857142857e-05,14987003036.716715
9,7,60,23,26,25,972,0.015115880014409952,221456570.9627286,15095544021.898804,93102239998.87971,1.0,1.0,1.0,0.3447512857142857,7.128571428571428e-05,12484352401.458906
9,7,70,0,26,0,0,0.014042251117904058,197912639.0351953,15839707128.538366,91538140230.1728,1.0,1.0,1.0,0.19726200000000002,6.285714285714286e-05,12460294294.201096
9,7,80,0,26,0,0,0.016985103257634575,180789278.0067294,12240003937.33667,66694036459.06626,1.0,1.0,1.0,0.49992200000000003,6.314285714285714e-05,9243956924.828735
9,7,90,0,26,0,0,0.01451379048456504,165699997.03540674,11955844776.345118,71118631398.77475,1.0,1.0,1.0,0.0,7.385714285714286e-05,9619022092.070965
9,7,100,0,26,0,0,0.0182234448724062,101516784.094612,9439242744.97138,54399037993.2108,1.0,1.0,1.0,1.4026750000000001,8.214285714285714e-05,7398814090.149728
9,7,110,0,26,0,0,0.018115515911340502,156793977.50124615,8533667275.934252,47984426880.45296,1.0,1.0,1.0,0.9839037142857144,0.00023571428571428569,6614931922.25122
9,7,120,0,26,0,0,0.016695794424958978,150949947.36524957,8554832821.974503,49001747883.36085,1.0,1.0,1.0,0.49645842857142863,7.442857142857143e-05,6716806312.75157
9,8,10,44,26,35,1451,0.016570272257716748,1284370902.0729432,98127618159.70923,607114928325.3376,1.0,1.0,1.0,3.027316375,5.8250000000000006e-05,81236076081.90897
9,8,20,55,26,35,1452,0.0165265700664791,596891868.6933535,47170763659.17582,301512419134.9699,1.0,1.0,1.0,0.869391625,8.0125e-05,40003218948.67877
9,8,30,54,26,33,1036,0.0156016283185455,356731459.583385,28922112326.511898,176680529539.02975,1.0,1.0,1.0,0.6819904999999999,5.6750000000000004e-05,23702187436.980923
9,8,40,62,26,29,1075,0.016355558193048472,327892198.592561,24251573787.84532,155750343468.55988,1.0,1.0,1.0,0.38048024999999996,0.00027762500000000004,20654873640.80258
9,8,50,26,26,21,837,0.01580341498572914,248040845.74126887,19647291499.189125,124773551449.92142,1.0,1.0,1.0,0.7725206250000001,6.575e-05,16580442032.526735
9,8,60,35,26,22,822,0.015292997742931412,228424218.61977726,16553788022.685219,95349472232.79822,1.0,1.0,1.0,0.31959775000000007,6.2625e-05,13005601778.47617
9,8,70,0,26,0,0,0.016470504712386376,241210342.466744,14868573278.27747,81980481375.43504,1.0,1.0,1.0,0.42682224999999996,5.7625000000000005e-05,11340610030.090136
9,8,80,0,26,0,0,0.01694704815534028,168294538.52464962,12548857519.21503,69979654046.49654,1.0,1.0,1.0,0.941192625,6.2125e-05,9625543080.41252
9,8,90,0,26,0,0,0.018247563855244217,157606191.51968637,10614637983.86227,58949083385.85898,1.0,1.0,1.0,0.6968195,6.1875e-05,8128160265.425541
9,8,100,0,26,0,0,0.01881909424606214,89544277.54212202,8119736956.568063,48749978699.87929,1.0,1.0,1.0,0.6711031249999999,5.95e-05,6561626251.695028
9,8,110,0,26,0,0,0.01861477999711069,129540990.31521189,8935810167.773855,49863310748.38753,1.0,1.0,1.0,1.2682105000000001,6.975e-05,6864171795.160567
9,8,120,0,26,0,0,0.017564300913525135,138789218.73209625,8604449060.864794,46862999708.838394,1.0,1.0,1.0,0.7428405,7.6125e-05,6504342231.974724
9,9,10,50,26,36,1476,0.018924995420061166,1132971708.493684,91945079165.37128,554165240154.5667,1.0,1.0,1.0,7.839603666666666,5.4555555555555554e-05,74598620009.76596
9,9,20,47,26,38,1344,0.017259419311049604,550481372.8474416,42537220210.12973,266677726568.71082,1.0,1.0,1.0,1.593238777777778,5.977777777777777e-05,35560553652.039055
9,9,30,25,26,31,1215,0.017352768123993608,399276213.23915935,29755891383.984287,185810818345.49786,1.0,1.0,1.0,0.8799772222222221,0.00024200000000000003,24811753455.829117
9,9,40,63,26,34,1210,0.017428184180447778,233138518.5007566,20729192157.33505,126001773219.59212,1.0,1.0,1.0,1.0011527777777778,7.477777777777778e-05,16909212711.071476
9,9,50,45,26,34,1851,0.02023683434145447,234790232.9583212,17203465434.200405,99677914749.13393,1.0,1.0,1.0,2.2915648888888893,5.955555555555556e-05,13572837713.970312
9,9,60,25,26,20,840,0.016347858862585714,215210178.71891323,16108248471.78755,98724508909.31348,1.0,1.0,1.0,0.38435344444444447,0.00025577777777777773,13244747707.738276
9,9,70,0,26,0,0,0.017710240704960464,187586669.57086077,13050344044.395805,74619398646.33163,1.0,1.0,1.0,1.5561706666666666,6.088888888888889e-05,10203319334.52013
9,9,80,0,26,0,0,0.017388385825809788,115756264.70715313,10117617502.28291,65186923417.46322,1.0,1.0,1.0,0.5095230000000001,5.955555555555556e-05,8623245224.306705
9,9,90,0,26,0,0,0.016974498573657043,176692682.50623196,12309712378.36854,65006195040.08484,1.0,1.0,1.0,0.9769927777777778,6.433333333333333e-05,9086246852.23521
9,9,100,0,26,0,0,0.01931430784498863,154904857.03686336,9599716376.339537,51806989799.71258,1.0,1.0,1.0,0.7591318888888889,7.1e-05,7209075650.900397
9,9,110,0,26,0,0,0.021795324464010144,137202050.66025054,8227066854.86581,42858919594.039734,1.0,1.0,1.0,1.807774333333333,0.0002478888888888889,6027346757.0648155
9,9,120,0,26,0,0,0.019036348607910633,147346991.84162465,9547627683.306404,50641360079.36265,1.0,1.0,1.0,0.7884853333333334,6.744444444444445e-05,7076804434.495907
9,10,10,59,26,38,1519,0.02056661565059795,982949921.6523621,80577986365.89572,503808953878.0111,1.0,1.0,1.0,12.507070200000001,5.989999999999999e-05,67184557551.35625
9,10,20,43,26,36,1477,0.020101731807519493,478139094.4413309,40698466552.28901,263464273095.20465,1.0,1.0,1.0,4.5572269,6.759999999999999e-05,34820817965.49083
9,10,30,40,26,37,1210,0.017342389853248437,287612383.90592706,26799603283.269,171264220579.96426,1.0,1.0,1.0,1.3428019,6.01e-05,22687671376.61007
9,10,40,19,26,25,975,0.020116379207001222,252265827.83032814,19424751485.613846,112384197614.53598,1.0,1.0,1.0,2.648908,5.790000000000001e-05,15299956125.667044
9,10,50,19,26,20,716,0.018415247972854758,218818449.27972716,17282466403.6267,103320841491.31421,1.0,1.0,1.0,1.9814709000000001,6.700000000000002e-05,13941750334.831959
9,10,60,0,26,0,0,0.01967840396750408,207724382.228491,14298777168.96526,83677340288.94089,1.0,1.0,1.0,1.6564786000000002,5.65e-05,11372896522.123983
9,10,70,32,26,22,993,0.018652699127527143,185757521.4658832,12761564747.567822,77515942906.8887,1.0,1.0,1.0,1.2541181000000001,0.0001484,10433937498.835209
9,10,80,0,26,0,0,0.02070163368451438,150401904.391787,10526495574.874683,60984345485.98308,1.0,1.0,1.0,2.1098123999999996,5.599999999999999e-05,8309014986.57506
9,10,90,0,26,0,0,0.02062748849064553,125848432.78783529,8052178444.108629,52623259403.56813,1.0,1.0,1.0,1.7478854,5.94e-05,6960855523.613863
9,10,100,0,26,0,0,0.022332815869271837,124272976.9861943,7806475164.400129,47874752391.36751,1.0,1.0,1.0,1.8986253000000002,5.74e-05,6435761346.742777
9,10,110,0,26,0,0,0.02270046056687008,130100805.98082013,6801160912.583934,41329749852.18996,1.0,1.0,1.0,2.3597033000000005,5.6500000000000005e-05,5584277720.775389
9,10,120,0,24,0,0,0.02258963442279075,121608311.9461344,6780575579.9210615,39566581551.26298,1.0,1.0,1.0,2.0209053999999997,6.049999999999999e-05,5397899079.782652
9,11,10,61,26,40,1597,0.021247831403027054,953129080.4175696,79003979568.42978,493868037104.642,1.0,1.0,1.0,14.082241818181819,0.0002586363636363636,65854789918.8877
9,11,20,41,26,38,1310,0.021606298200178783,402032073.69326895,33551696960.728493,212531875826.36447,1.0,1.0,1.0,8.640440454545455,0.00010163636363636363,28244949388.213108
9,11,30,50,26,38,1394,0.022346289336043216,256672593.55067566,23059173749.96494,143549468647.6715,1.0,1.0,1.0,6.0775086363636355,6.854545454545454e-05,19146452403.112034
9,11,40,24,26,27,1135,0.020902292677235278,208655492.34888536,17369532171.082695,105498508264.38135,1.0,1.0,1.0,3.3230159090909095,0.0003641818181818182,14169816090.008362
9,11,50,16,26,20,983,0.02309705619887513,220957718.3779001,14410078377.59367,85141960882.94391,1.0,1.0,1.0,4.506657909090908,0.0002026363636363637,11550882146.298155
9,11,60,29,26,0,0,0.021308064025651777,168725815.45915198,13151974025.412539,74817974558.64886,1.0,1.0,1.0,1.8850164545454542,6.4e-05,10230300322.662956
9,11,70,32,26,26,1626,0.02298283192806381,126907881.10134682,11165610795.094856,64762402901.492744,1.0,1.0,1.0,3.7855293636363636,6.990909090909091e-05,8798197948.661112
9,11,80,0,26,0,0,0.022029973150251805,135510048.61594117,9238543149.975765,56013526027.13288,1.0,1.0,1.0,2.186611181818182,5.6e-05,7543918256.33693
9,11,90,0,26,0,0,0.02068961495376327,126521752.81759562,9075571490.373638,56173310705.05339,1.0,1.0,1.0,1.628174272727273,7.518181818181818e-05,7521010587.550912
9,11,100,0,26,0,0,0.02194780522068992,79850576.72148964,6887008936.174104,44432449435.1938,1.0,1.0,1.0,1.8939348181818183,6.454545454545455e-05,5876542125.315047
9,11,110,0,26,0,0,0.023761084716041995,111667125.72806963,6562179244.339863,42103080873.36734,1.0,1.0,1.0,1.9551974545454547,0.00022318181818181823,5600910914.8060465
9,11,120,0,26,0,0,0.023846022640498708,146712552.93838483,7543764152.031915,39375851634.25695,1.0,1.0,1.0,2.9549226363636367,7.08181818181818e-05,5549036767.182476
9,12,10,66,26,40,1782,0.02356040112472733,963974367.3936896,78536359609.76312,483173921277.57324,1.0,1.0,1.0,23.754281583333334,6.525e-05,64699446003.74186
9,12,20,42,26,38,1330,0.022806101023537126,473469356.7078731,34759758218.01992,222509634051.18396,1.0,1.0,1.0,10.408250583333333,0.0001705,29534343552.66168
9,12,30,47,26,38,1315,0.022283179873144935,262183762.06176376,21699675728.70552,130653138534.45764,1.0,1.0,1.0,7.471810083333334,5.641666666666666e-05,17588777599.50108
9,12,40,38,26,20,695,0.020782451044427795,249932508.07898268,18245984646.855835,113673263816.95964,1.0,1.0,1.0,3.2391697500000003,5.9416666666666656e-05,15191476051.793734
9,12,50,0,26,21,1001,0.024562647275860373,181863310.83464012,14573913418.97165,83658613648.93414,1.0,1.0,1.0,6.182431083333334,8.25e-05,11407948338.687183
9,12,60,25,26,29,1163,0.022786161928594995,171515546.71078256,12971547464.352547,71855962801.58528,1.0,1.0,1.0,3.4949798333333337,6.241666666666666e-05,9899966639.697905
9,12,70,35,26,16,564,0.026254489241058904,95562648.26798649,8212991200.012744,53346024659.90997,1.0,1.0,1.0,5.025944583333334,6.416666666666666e-05,7044094537.169297
9,12,80,0,26,0,0,0.023940591352200852,123648805.5981765,8596733913.030949,52753543976.01176,1.0,1.0,1.0,3.53262275,0.00019366666666666672,7081255327.934979
9,12,90,0,26,0,0,0.023822974068926205,112035432.98838116,8032123400.493249,45575929122.7664,1.0,1.0,1.0,3.1483414166666663,6.541666666666667e-05,6242442380.929008
9,12,100,0,26,0,0,0.02628096204109752,114359124.7178789,7332928557.719276,40979975671.86239,1.0,1.0,1.0,3.7327911666666664,0.00017533333333333333,5644634648.980853
9,12,110,0,26,0,0,0.024870600090983363,118917383.49501999,6175496898.86895,37059328889.319885,1.0,1.0,1.0,2.7510704166666664,5.9833333333333315e-05,5024274424.3224325
9,12,120,0,26,0,0,0.0285554477701382,90191860.37777258,5380934921.84632,32733105411.731384,1.0,1.0,1.0,3.8568960833333326,7.258333333333334e-05,4412631810.221878
9,13,10,54,26,42,1674,0.02416880684968412,872621554.2702787,69546142020.4927,432411030304.7473,1.0,1.0,1.0,24.54292023076923,5.838461538461538e-05,57761166416.02766
9,13,20,45,26,42,1545,0.023023245606654284,455476309.811211,34494289157.53328,217267241130.93945,1.0,1.0,1.0,12.066077999999997,7.015384615384615e-05,28944415308.584007
9,13,30,55,26,32,1276,0.026151009250185965,252975432.3066696,19972089681.13304,120849671846.64777,1.0,1.0,1.0,11.956256615384614,5.8769230769230764e-05,16256467871.093891
9,13,40,64,26,25,1042,0.022976426056709347,167267525.43037048,15685136802.123,99038402811.28378,1.0,1.0,1.0,5.541552230769231,0.00011838461538461537,13157954884.525055
9,13,50,25,26,17,816,0.02807046990610577,220336510.7808139,12440118726.187263,70803315883.88959,1.0,1.0,1.0,8.822395461538461,6.215384615384614e-05,9722590852.236412
9,13,60,20,26,28,1406,0.024092876004521917,148424135.6173977,11350074691.34195,67967105569.939224,1.0,1.0,1.0,4.642050461538461,0.000422,9170622369.231861
9,13,70,0,26,0,0,0.023360651350060355,129504948.50431453,10110527186.383215,61560909245.85551,1.0,1.0,1.0,3.6114007692307686,5.96923076923077e-05,8268849809.285934
9,13,80,0,26,0,0,0.027887795343244377,118067506.0048956,6853845959.209133,44072297851.380806,1.0,1.0,1.0,5.482043307692308,5.576923076923077e-05,5860646206.610307
9,13,90,0,26,0,0,0.024631163771387094,77880625.0732047,7215535410.380687,45328899415.19908,1.0,1.0,1.0,3.4327498461538464,5.9461538461538465e-05,6030513445.3862095
9,13,100,0,26,0,0,0.026178956632601058,105381710.88464569,6614328035.369326,41822052602.1071,1.0,1.0,1.0,3.4761418461538462,0.0001226153846153846,5578838048.955889
9,13,110,0,26,0,0,0.023070106101895346,91042245.59128168,6431507379.3242655,40012572183.586006,1.0,1.0,1.0,2.2409473846153847,0.00013946153846153844,5351288255.500677
9,13,120,0,26,0,0,0.02595351505257563,129138911.6563473,7327007839.3573675,39937035121.75139,1.0,1.0,1.0,2.8125460769230766,6.284615384615385e-05,5549502305.111838
9,14,10,51,26,44,1788,0.024529529732389737,870078757.4315884,71254209933.18478,439979605099.53534,1.0,1.0,1.0,27.417062142857137,0.00019857142857142857,58857857507.898384
9,14,20,57,26,38,1291,0.02564060211423409,347822155.9816246,29600132247.195152,177047473463.66727,1.0,1.0,1.0,17.238448214285714,0.000129,23868249229.867012
9,14,30,58,26,43,1668,0.025812139131542015,289249259.06461775,20940095855.682575,125190613642.09431,1.0,1.0,1.0,12.566029857142857,0.00022792857142857147,16909554961.656271
9,14,40,29,26,36,1377,0.026690700682711482,201695399.12863272,14828421702.73417,93857697992.28928,1.0,1.0,1.0,9.412170214285714,6.299999999999999e-05,12492640877.693201
9,14,50,34,26,24,1083,0.02678095525083963,164497153.64889833,12632364429.47412,74121482319.83562,1.0,1.0,1.0,7.323727857142857,7.47142857142857e-05,10053769092.940266
9,14,60,0,26,0,0,0.02377643645622256,149010028.4191365,10979133799.662764,66961379035.64699,1.0,1.0,1.0,4.146808714285714,6.014285714285714e-05,8996271664.559113
9,14,70,32,26,22,772,0.024266159468398933,153302232.2681555,10516969951.499205,58367649326.231316,1.0,1.0,1.0,4.073204071428571,0.0003202142857142857,8047470466.994527
9,14,80,0,26,0,0,0.024062728041176266,139191305.1773522,8630161489.107624,51833647960.89066,1.0,1.0,1.0,3.423635357142857,6.607142857142856e-05,7006830991.812822
9,14,90,35,26,0,0,0.02668472862018279,96382622.85836744,7385230719.581909,43044809441.39235,1.0,1.0,1.0,4.2118885,0.00011671428571428572,5848994904.944853
9,14,100,0,26,0,0,0.02496154531712926,79629211.6537133,5909766046.918207,39167805892.88672,1.0,1.0,1.0,3.0557214285714283,8.107142857142857e-05,5154474232.689962
9,14,110,0,26,0,0,0.0265806240582423,96645342.81879672,6913069961.237218,40837674599.39525,1.0,1.0,1.0,3.1684981428571426,7.842857142857141e-05,5534033177.535247
9,14,120,0,26,0,0,0.02793202587108173,90363074.29945694,5280606158.845545,29784628644.35745,1.0,1.0,1.0,4.058643285714285,0.00018250000000000002,4097838229.761523
9,15,10,63,26,44,1672,0.026755847383079394,698426886.863309,58755052195.431755,379377171910.9226,1.0,1.0,1.0,34.9858062,0.0001100666666666667,50177626299.54349
9,15,20,58,26,43,1472,0.02597682181541693,365985919.0434412,28338665254.5426,183121400894.7755,1.0,1.0,1.0,16.560021666666668,7.093333333333334e-05,24236063211.508076
9,15,30,60,26,42,1541,0.024268038383401302,292034810.9896475,21416056514.411373,130982540556.83012,1.0,1.0,1.0,9.656450066666666,6.12e-05,17585889683.735043
9,15,40,44,26,28,1163,0.028349087803010622,190524579.76706168,13626233572.00809,80774201263.07224,1.0,1.0,1.0,11.383765866666668,7.066666666666665e-05,10936033996.595287
9,15,50,25,26,21,887,0.02890258517495099,175582977.80767077,11721063613.350655,68502034487.55643,1.0,1.0,1.0,9.150120666666668,7.106666666666667e-05,9317324215.545319
9,15,60,0,26,0,0,0.02854172287790536,135609774.8914962,9692756528.550179,56540830387.919586,1.0,1.0,1.0,7.304180599999999,6.766666666666665e-05,7687561154.517775
9,15,70,27,26,22,1174,0.030154908334304235,112834999.14419174,7441136596.872075,48398290221.71998,1.0,1.0,1.0,7.449221333333333,0.0002146,6407040807.914775
9,15,80,23,26,19,944,0.029222110679593422,106405391.16374713,6757489615.109756,43282244607.09839,1.0,1.0,1.0,5.9169596,6.333333333333332e-05,5754206131.103213
9,15,90,0,26,0,0,0.026448860964392824,97079248.44445893,7683841357.2826805,46021878717.57449,1.0,1.0,1.0,4.617574333333335,7.433333333333334e-05,6206911596.269217
9,15,100,0,26,0,0,0.025891652035842247,89752139.25087021,6738530912.399531,38331472014.47907,1.0,1.0,1.0,3.695763999999999,0.0001232,5243679864.5111065
9,15,110,0,26,0,0,0.030324343921385326,75218116.0198324,6227752207.479383,34014554683.714767,1.0,1.0,1.0,4.574076200000001,0.00011680000000000002,4699658570.412207
9,15,120,0,26,0,0,0.026841050785657697,52359317.68819426,5704651282.899527,33165561291.320644,1.0,1.0,1.0,3.443692,0.00014113333333333334,4494137892.285223
9,16,10,64,26,47,1834,0.02786208770585069,755743305.8029177,58786827823.84581,370713617167.5277,1.0,1.0,1.0,39.3551676875,0.0001390625,49357747425.35617
9,16,20,62,26,48,1798,0.02690690008458133,360952691.2913442,28203918186.265903,181421943529.17734,1.0,1.0,1.0,18.258629125,0.0001501875,24035644794.562107
9,16,30,47,26,31,1119,0.031332917539639515,211138418.03748813,16357440511.391502,94024651699.83958,1.0,1.0,1.0,17.7743481875,6.69375e-05,12821750087.458519
9,16,40,33,26,42,1659,0.028230200999422233,188478927.7514932,13173619197.793386,84322526163.15605,1.0,1.0,1.0,10.501555312499997,0.000203375,11198911659.142765
9,16,50,22,26,21,956,0.03067143245716198,172445116.70498803,11046292852.570793,63218589787.20055,1.0,1.0,1.0,10.486402375,5.706249999999999e-05,8651829084.835928
9,16,60,43,26,43,2265,0.029668512624192643,136630229.17825285,9194090780.869677,55254124943.463135,1.0,1.0,1.0,7.8348056249999996,9.45e-05,7459871776.254956
9,16,70,0,26,0,0,0.027490192070166664,115083657.83623594,7822250012.422926,49066435404.90212,1.0,1.0,1.0,5.742971937500001,0.0001968125,6551652077.76454
9,16,80,37,26,21,1025,0.030992054835963394,94353207.91697487,7590851417.924263,40774247754.08095,1.0,1.0,1.0,6.4018038125,6.2125e-05,5661642276.006805
9,16,90,0,26,0,0,0.0331374361216619,85333436.45516701,6017767288.017059,34439499644.52394,1.0,1.0,1.0,6.7059049375000015,5.662499999999998e-05,4707236797.738788
9,16,100,0,26,0,0,0.027247741464586486,72601112.0301533,5607096504.954565,33434403099.298546,1.0,1.0,1.0,3.7103904375,0.0002314375,4515680372.386201
9,16,110,0,26,0,0,0.03463535079151896,98163159.79682827,5321924227.604215,32228733869.231083,1.0,1.0,1.0,5.81630825,6.487499999999999e-05,4355972418.291327
9,16,120,0,26,0,0,0.029787080029078265,69597141.86476225,5106514223.503283,30370335214.64572,1.0,1.0,1.0,4.1978716875,6.987499999999998e-05,4107054346.4194136
9,17,10,63,26,46,1924,0.029808453230618936,716974396.0026872,56839761685.61575,361835619374.29846,1.0,1.0,1.0,44.97860876470588,6.176470588235292e-05,48053396157.34661
9,17,20,47,26,37,1374,0.031214174967914343,307267873.0498964,24419856832.797226,150167921621.83676,1.0,1.0,1.0,25.063888823529414,0.00016729411764705883,20115850931.102608
9,17,30,72,26,39,1437,0.03161928331834776,225183793.41281512,16412532345.32903,100791213807.67126,1.0,1.0,1.0,17.459989647058823,5.964705882352941e-05,13519256429.143692
9,17,40,51,26,28,1247,0.03466064677017047,178744833.00093472,12508552023.370773,66079571131.75983,1.0,1.0,1.0,15.268036882352938,0.00015258823529411768,9234788834.297579
9,17,50,24,26,24,1007,0.02791928106908639,141800761.5616715,10648075549.180714,67817609006.30693,1.0,1.0,1.0,8.49481094117647,0.00010835294117647058,9010636506.031855
9,17,60,0,26,0,0,0.0297014169244373,118090770.94989549,8745888422.30792,55285523095.49483,1.0,1.0,1.0,7.84014517647059,0.00027482352941176464,7360393498.962188
9,17,70,0,26,18,730,0.031956556292113504,81457671.11094037,6905553518.291933,43211200711.78039,1.0,1.0,1.0,7.847782294117648,7.711764705882353e-05,5759251109.868289
9,17,80,0,26,0,0,0.029488672276806776,100325284.82232842,6806449527.209481,41139058722.11216,1.0,1.0,1.0,5.846660470588236,6.576470588235292e-05,5545423450.887819
9,17,90,0,26,0,0,0.03379173185168642,62175712.46709694,5070004136.19942,32371587281.473747,1.0,1.0,1.0,6.622545588235295,6.217647058823529e-05,4294682524.637013
9,17,100,0,26,0,0,0.03446252407224448,119080866.68475328,5391379456.69132,33272573754.47199,1.0,1.0,1.0,6.181950352941176,6.705882352941175e-05,4488889845.882116
9,17,110,0,26,0,0,0.028227996155420692,109645632.36781354,5950558205.823564,34592797579.326965,1.0,1.0,1.0,3.988398529411766,0.00015135294117647063,4726143323.604115
9,17,120,0,26,0,0,0.029234133483678287,71547099.89570272,5198721987.613066,31057498839.896576,1.0,1.0,1.0,3.9460651176470587,7.905882352941178e-05,4195577233.4708424
9,18,10,62,26,48,1922,0.030579831890950784,728585984.1688682,52064645848.628456,340622703221.73254,1.0,1.0,1.0,47.81298216666667,0.00013672222222222224,44985209474.22074
9,18,20,56,26,44,1688,0.03316693494223637,333744113.87657833,22909043213.0364,143898085789.5913,1.0,1.0,1.0,28.06070044444444,0.00010644444444444444,19205237979.618546
9,18,30,46,26,33,1311,0.0316597990304093,187183103.28773516,16376435413.019545,100652360846.87634,1.0,1.0,1.0,17.552588333333333,8.761111111111113e-05,13471551263.116447
9,18,40,58,26,35,1644,0.031172017414474704,186715689.094943,13901360439.554268,80429291672.35596,1.0,1.0,1.0,12.850386444444446,9.75e-05,10953902181.255829
9,18,50,51,26,24,1053,0.03067176564473865,165749119.4713458,10699372232.047653,61248141909.780205,1.0,1.0,1.0,10.298023222222222,0.00010694444444444445,8380712975.735535
9,18,60,0,26,25,1134,0.032373170471499076,124565056.35098822,7746583896.275929,49926979650.63203,1.0,1.0,1.0,9.020611055555555,6.905555555555555e-05,6629210243.975155
9,18,70,50,26,0,0,0.031631121276122026,78802481.54770151,7515611656.792008,44686544409.02443,1.0,1.0,1.0,7.84885788888889,5.872222222222221e-05,6026938474.593895
9,18,80,0,26,0,0,0.030000890736749403,119780058.59469543,6597554511.366431,38548278581.0088,1.0,1.0,1.0,6.013643055555556,0.00020244444444444444,5258184774.530917
9,18,90,0,26,0,0,0.03521688095307674,83054476.29402705,6246024867.488172,33857994497.232353,1.0,1.0,1.0,7.237643666666667,0.00020705555555555554,4693142524.503929
9,18,100,0,26,0,0,0.032570761787145464,90324752.87971517,4581372052.054028,29733329997.56424,1.0,1.0,1.0,5.379606555555556,0.0002078333333333334,3952834713.0498285
9,18,110,0,26,0,0,0.031345915086003893,58812694.12765523,4616732589.333696,30444961034.331863,1.0,1.0,1.0,5.162451,6.172222222222222e-05,4009011483.9904795
9,18,120,0,26,0,0,0.030608643468635916,72854155.29647118,5019113809.321056,27818420671.013203,1.0,1.0,1.0,4.279929888888889,6.488888888888889e-05,3836662718.2690835
9,19,10,59,26,46,1761,0.03253827704645916,633111501.4658949,46842464621.50718,307483860327.88165,1.0,1.0,1.0,54.10010405263159,6.026315789473683e-05,40560056774.48503
9,19,20,50,26,45,1767,0.034064501179417304,269432270.3425013,21557064000.902966,136606455721.35904,1.0,1.0,1.0,28.887814789473683,9.115789473684208e-05,18160660836.338257
9,19,30,37,26,41,1750,0.034492781545386125,220865230.94218615,15995572795.029203,90720745671.86919,1.0,1.0,1.0,19.608784894736846,7.757894736842104e-05,12425794702.534176
9,19,40,58,26,43,2058,0.03442758038221753,139671212.152464,10824268525.890629,67927250294.33772,1.0,1.0,1.0,14.851062842105264,7.157894736842105e-05,9055348518.258743
9,19,50,25,26,30,1506,0.03588038732438872,150557660.21027386,9584175236.269613,57658474289.01743,1.0,1.0,1.0,12.31892347368421,0.00018157894736842107,7788072784.330707
9,19,60,50,26,19,1005,0.03665883116708422,144026652.90605003,7257506950.770917,45372047447.58737,1.0,1.0,1.0,10.626077684210527,0.00010647368421052633,6089524745.254564
9,19,70,34,26,29,1747,0.03670224254511676,109346960.84671326,6778067919.767042,37960950684.658844,1.0,1.0,1.0,10.435808210526314,9.647368421052633e-05,5228251479.137603
9,19,80,0,26,0,0,0.03439665524997064,98351923.87853698,6609136157.674347,36681088868.166435,1.0,1.0,1.0,7.383435315789473,6.33157894736842e-05,5058782432.317447
9,19,90,0,26,0,0,0.03587982903920143,110933524.21820222,5366336686.469907,33900885350.13095,1.0,1.0,1.0,6.716729421052631,9.236842105263157e-05,4541009309.377485
9,19,100,0,26,0,0,0.03687469507214277,83270400.10763472,4605845058.8397,26822596317.273407,1.0,1.0,1.0,6.59749094736842,0.00013242105263157897,3661717894.2008452
9,19,110,0,26,0,0,0.032962727960760614,54829294.71725557,4667834904.083473,26925937875.673134,1.0,1.0,1.0,5.001246842105264,5.8947368421052614e-05,3664541252.180473
9,19,120,0,26,0,0,0.03500395250382536,52520919.9789908,4214390527.916462,23040559929.06767,1.0,1.0,1.0,5.7682302105263155,7.568421052631578e-05,3183698716.671638
9,20,10,62,26,47,1929,0.03407757663848662,618734812.3203394,47281271731.111374,307212075678.6737,1.0,1.0,1.0,57.4149048,0.00013565,40610576034.82921
9,20,20,57,26,46,1669,0.03527936677534237,280849480.95493,21959272704.156425,139985286951.6385,1.0,1.0,1.0,29.179807899999997,6.0249999999999994e-05,18586977746.19015
9,20,30,39,26,48,1908,0.0332311640098994,242022280.92558175,16401669094.2804,98639534087.59769,1.0,1.0,1.0,18.635748400000004,7.03e-05,13313702743.129734
9,20,40,59,26,35,1451,0.03400157954216035,160278538.3734358,11857217938.712528,70700101763.9801,1.0,1.0,1.0,14.785710749999998,7.215e-05,9553648676.423056
9,20,50,30,26,32,1361,0.03241514969015084,117301207.56341326,9662573987.006754,60434845723.313736,1.0,1.0,1.0,11.179733849999996,7.505e-05,8058110165.953934
9,20,60,29,26,43,1810,0.035462282748069736,115507084.83927217,6549976032.412395,45665936282.4853,1.0,1.0,1.0,10.722615999999999,0.00013095000000000004,5957443747.010689
9,20,70,28,26,25,1405,0.037897365156659965,99046182.2245476,6557267682.196981,36640047926.23576,1.0,1.0,1.0,10.08198595,0.00010660000000000002,5044790612.2671585
9,20,80,0,26,0,0,0.03747567461135143,102670053.1456362,6059329500.450247,37982280330.714096,1.0,1.0,1.0,8.5006777,9.399999999999998e-05,5081962932.810085
9,20,90,0,26,0,0,0.036598996197435375,81318281.02804382,5453019018.195336,30248530805.937977,1.0,1.0,1.0,7.1678730999999996,8.109999999999999e-05,4172379649.1302934
9,20,100,0,26,0,0,0.03124944686930836,71384124.32559465,4721881258.222303,30809479951.834618,1.0,1.0,1.0,5.284008399999999,0.00010165,4075293110.134166
9,20,110,0,26,0,0,0.035946403819031095,64773841.152348086,4263315181.0315886,25131491970.49279,1.0,1.0,1.0,6.37199085,5.554999999999998e-05,3411153893.662441
9,20,120,0,26,0,0,0.03334280936113366,82750138.78536803,4616212681.821955,28583985468.710407,1.0,1.0,1.0,5.1399255,5.6899999999999994e-05,3839566157.283265
10,1,10,8,26,4,166,0.007841507916666667,1659412751.616452,105700975598.3482,633698348615.4402,1.0,1.0,1.0,0.0,5.5e-05,85671618906.34494
10,1,20,6,26,3,188,0.008147396417445482,1355041998.204263,73139902447.4551,451682850447.55646,1.0,1.0,1.0,0.0,5.8e-05,60744794931.9894
10,1,30,10,26,4,248,0.009037609226190476,798775491.284122,44662240504.87713,281081156182.28,1.0,1.0,1.0,0.0,5.5e-05,37599706562.10208
10,1,40,8,26,3,100,0.007836682291666666,341023810.911615,21134750601.588165,142414025624.31348,1.0,1.0,1.0,0.0,5.9e-05,18707069349.38686
10,1,50,6,26,2,69,0.00764232962962963,275834635.831977,17312672375.708206,107568773489.85382,1.0,1.0,1.0,0.0,5.5e-05,14412496068.209173
10,1,60,2,26,2,69,0.007791492872807018,165967321.371892,14402502750.648178,95872718642.48508,1.0,1.0,1.0,0.0,6.6e-05,12583949538.338184
10,1,70,0,26,0,0,0.008146148358585858,155635639.135985,11532634699.72323,89323579324.2233,1.0,1.0,1.0,0.0,6.7e-05,11347829818.761879
10,1,80,3,26,2,68,0.0076641235632183904,403371910.643441,19955847234.258442,106337141525.6088,1.0,1.0,1.0,0.0,5.5e-05,14907243935.862741
10,1,90,0,26,0,0,0.00784644471153846,289066120.851524,13130917648.052729,67727463732.87478,1.0,1.0,1.0,0.0,5.6e-05,9601276186.49385
10,1,100,0,26,0,0,0.006759985000000001,270755422.06832796,12236997087.471409,75094472042.74574,1.0,1.0,1.0,0.0,5.6e-05,10146375416.216446
10,1,110,0,26,0,0,0.007261396739130435,234929004.867419,11230101206.878433,73471069046.06252,1.0,1.0,1.0,0.0,5.5e-05,9757577448.388897
10,1,120,0,26,0,0,0.008917236842105263,308526151.105123,12976344581.475573,62433669468.90139,1.0,1.0,1.0,0.0,5.5e-05,9054604167.958603
10,2,10,14,26,9,455,0.009442153697916667,2378979543.477024,140874249210.8307,858909315984.2715,1.0,1.0,1.0,0.0,5.55e-05,115731067120.02698
10,2,20,12,26,8,279,0.008614844546512516,919494922.1144475,50322068096.1447,328606655964.6299,1.0,1.0,1.0,0.0,5.55e-05,43568725660.1718
10,2,30,11,26,7,289,0.009050762254778673,604808865.6383525,36939376833.45743,246194681961.12836,1.0,1.0,1.0,0.0,6.15e-05,32430709767.7509
10,2,40,4,26,6,245,0.007485266876352814,598320058.3692305,35271705903.00779,203982457257.75403,1.0,1.0,1.0,0.0,6e-05,27871410946.23517
10,2,50,6,26,5,262,0.00855900698832996,462322114.4785945,29802620256.43068,183383645103.10315,1.0,1.0,1.0,0.0,5.8e-05,24622514040.731224
10,2,60,8,26,5,201,0.008525723817567568,261686129.06662953,19895477659.92677,124761522150.27853,1.0,1.0,1.0,0.0,5.8e-05,16638428036.3596
10,2,70,13,26,0,0,0.008629284327651515,311608242.65672195,17897522629.381603,105133295253.16895,1.0,1.0,1.0,0.0,5.9999999999999995e-05,14310959820.052666
10,2,80,0,26,0,0,0.009530165178571429,316325937.5808695,19510455269.42263,104457169569.54843,1.0,1.0,1.0,0.0,5.6500000000000005e-05,14569236166.145737
10,2,90,0,26,0,0,0.00936743032051282,214300999.8728615,13367191566.626038,79600270235.71783,1.0,1.0,1.0,0.0,6.2e-05,10783476035.807728
10,2,100,0,28,0,0,0.009420622303194993,253212680.06387898,12431529852.76947,69725985429.26129,1.0,1.0,1.0,0.0,5.5e-05,9636153388.524504
10,2,110,0,26,0,0,0.0100152765625,112271987.65936151,10051222500.617008,63209227599.512115,1.0,1.0,1.0,0.0,5.55e-05,8409757650.435927
10,2,120,0,26,0,0,0.008647368812656642,143632688.144106,10248273163.754484,69114999556.35922,1.0,1.0,1.0,0.0,5.55e-05,9061697469.087456
10,3,10,25,26,14,570,0.009458585590277778,2385540226.5349956,124595216430.06708,741663000359.5433,1.0,1.0,1.0,0.0,5.833333333333333e-05,100755221479.542
10,3,20,20,26,13,436,0.009084389852472813,796003442.7434479,52970341230.0683,342054759440.64087,1.0,1.0,1.0,0.0,5.6e-05,45356746598.99792
10,3,30,22,26,12,491,0.009676913827910392,676393647.5173277,38149750137.971146,246957410257.16177,1.0,1.0,1.0,0.0,5.633333333333334e-05,32799166605.572296
10,3,40,10,26,8,336,0.008750197016460903,545788318.5262676,34264101377.75533,206374956823.4581,1.0,1.0,1.0,0.0,5.7e-05,27872367779.86502
10,3,50,11,26,12,450,0.0089610237292988,325167629.54608566,19997510764.07521,117450909215.2793,1.0,1.0,1.0,0.0,5.666666666666667e-05,15972210414.024988
10,3,60,0,26,0,0,0.009420386365532198,377688517.1602583,25126397977.606415,140292499489.9912,1.0,1.0,1.0,0.0,5.7333333333333336e-05,19318911505.532337
10,3,70,9,26,4,148,0.008680726635224798,247528813.83746433,18279171603.876102,110782127985.99677,1.0,1.0,1.0,0.0,5.7333333333333336e-05,14907317288.060877
10,3,80,0,26,0,0,0.009731409327233981,229743054.64725634,14938981419.382368,89162372742.94598,1.0,1.0,1.0,0.0,5.833333333333333e-05,12064853695.423903
10,3,90,13,26,7,282,0.009784427172364671,202355745.365569,15019873829.21287,84559328327.48994,1.0,1.0,1.0,0.0,5.966666666666667e-05,11601556619.347212
10,3,100,0,26,0,0,0.009577614300353433,244466908.6394507,13215458965.587046,76982819094.19804,1.0,1.0,1.0,0.11710566666666666,5.9e-05,10512500537.081022
10,3,110,0,16,0,0,0.010431071527777778,156310486.03263965,10323825291.832468,61967040452.84039,1.0,1.0,1.0,0.0,6.3e-05,8370886442.873111
10,3,120,0,26,0,0,0.009680706341374268,184884120.89034966,11099458248.082067,72225241893.28241,1.0,1.0,1.0,0.0,5.9999999999999995e-05,9571834722.56764
10,4,10,30,26,19,936,0.01069058598316803,2204725198.462339,141406447436.62332,869702560398.6895,1.0,1.0,1.0,0.14045675000000002,5.6000000000000006e-05,116794853164.51303
10,4,20,28,26,18,670,0.009709243234112952,800327694.3263643,54556239529.08978,353686227320.68085,1.0,1.0,1.0,0.0,5.6500000000000005e-05,46840100022.91425
10,4,30,15,26,17,569,0.009916646748093637,539663912.188329,35641178863.695625,229428879852.7544,1.0,1.0,1.0,0.0,5.6750000000000004e-05,30448888495.54615
10,4,40,14,26,13,574,0.01099145805971908,472271297.82726973,30785534344.59244,183895071312.08963,1.0,1.0,1.0,0.0,5.75e-05,24877203907.606293
10,4,50,16,26,8,284,0.010887489202098291,413637789.21008897,24399800199.340614,152886526797.5492,1.0,1.0,1.0,0.025505,5.6250000000000005e-05,20458159170.96019
10,4,60,15,26,9,400,0.010347232564484127,300068765.80315125,17941743677.762806,109260881181.58441,1.0,1.0,1.0,0.0,5.9499999999999996e-05,14724484988.772953
10,4,70,12,26,0,0,0.012161310446599616,307319596.6693725,17346793154.658928,100711442880.31229,1.0,1.0,1.0,0.0,5.925e-05,13755626635.631319
10,4,80,0,26,0,0,0.010663651573204959,316145051.094557,15868699221.890553,91467039792.17848,1.0,1.0,1.0,0.0,5.875e-05,12541745358.361897
10,4,90,0,26,0,0,0.01156899189071421,255604834.30993247,13876317421.337708,76465608547.29564,1.0,1.0,1.0,0.0,5.7e-05,10600747722.013813
10,4,100,0,26,0,0,0.01153892315340909,245333235.61575374,13742894224.760324,73640289410.13742,1.0,1.0,1.0,0.0,5.75e-05,10284341049.89659
10,4,110,0,26,0,0,0.00999416966765873,198868585.33197123,12859895450.700855,72437789029.69678,1.0,1.0,1.0,0.0,5.6250000000000005e-05,9954966001.841988
10,4,120,0,26,0,0,0.010599988495979533,206386687.15039825,11368913823.883472,64146123149.81422,1.0,1.0,1.0,0.0,5.55e-05,8832865759.763157
10,5,10,34,26,22,954,0.011433444721388672,1776891274.5750344,123144376381.04086,750301065288.6807,1.0,1.0,1.0,0.0,5.58e-05,100902805696.27853
10,5,20,25,26,21,742,0.011981295266769167,667040071.893606,47661941607.7375,314511357695.51184,1.0,1.0,1.0,0.0151198,5.72e-05,41450452140.35895
10,5,30,29,26,16,546,0.010753541566850992,493271020.30283296,33105304297.874138,211535939258.05435,1.0,1.0,1.0,0.0094716,5.7600000000000004e-05,28119944498.551277
10,5,40,20,26,19,775,0.011962336176658163,404375110.41161954,29163513737.885517,179892360500.5814,1.0,1.0,1.0,0.0,5.64e-05,24105001373.923138
10,5,50,14,26,17,765,0.013445504779022219,337761329.0441545,23300432579.89393,139817660388.45816,1.0,1.0,1.0,0.43894400000000006,5.64e-05,18878285482.267807
10,5,60,19,26,12,569,0.011991688381517377,235445709.48013502,18270814304.36733,104899548625.14165,1.0,1.0,1.0,0.0,5.64e-05,14308929719.023483
10,5,70,0,26,0,0,0.00947210582309995,222569037.31584722,15784007278.34729,99739645902.1073,1.0,1.0,1.0,0.0,5.74e-05,13286564371.001034
10,5,80,0,26,0,0,0.012571755791666667,233701527.249156,14313123990.873478,82859079591.01944,1.0,1.0,1.0,0.0,5.7400000000000006e-05,11312123825.3508
10,5,90,0,26,0,0,0.011547167602657003,308293026.0476414,16040852440.598516,84620248235.47995,1.0,1.0,1.0,0.0,5.62e-05,11886000428.900806
10,5,100,0,26,0,0,0.011487126156204905,249586683.01455384,13681894587.053164,72938898542.42235,1.0,1.0,1.0,0.0,6.28e-05,10204979448.762783
10,5,110,0,26,0,0,0.010473906497208934,159480818.1119666,12374675339.733103,66709782262.990456,1.0,1.0,1.0,0.0,5.7600000000000004e-05,9257549865.923794
10,5,120,0,26,0,0,0.013101358809912853,125574208.34812519,10487502073.99434,59472060251.34039,1.0,1.0,1.0,0.0,5.7400000000000006e-05,8132608384.776349
10,6,10,39,26,25,987,0.01292319641488491,1373984012.333666,106311236095.25087,662018574140.671,1.0,1.0,1.0,0.0307415,5.883333333333334e-05,88425893440.61841
10,6,20,32,26,23,817,0.012418524421892516,719318581.7800819,49299891072.48739,323961608345.69226,1.0,1.0,1.0,0.017982833333333333,5.666666666666667e-05,42759662055.23519
10,6,30,52,26,22,868,0.01230695689073695,559229503.3419236,37400813207.74555,237329811426.16537,1.0,1.0,1.0,0.0,5.65e-05,31604604435.50475
10,6,40,15,26,20,844,0.01360190654366581,344813450.7899708,26361327320.61124,161895976296.37894,1.0,1.0,1.0,0.028834333333333333,6.4e-05,21703232508.188858
10,6,50,13,26,16,623,0.013963571386765053,317408086.760894,20189024232.733185,121564672085.63966,1.0,1.0,1.0,0.0008380000000000001,7.266666666666667e-05,16416457714.839315
10,6,60,22,26,18,740,0.01368822466516645,269255185.465295,17639069209.559765,101206447540.07117,1.0,1.0,1.0,0.13930083333333335,5.783333333333333e-05,13836937224.145533
10,6,70,0,26,0,0,0.01301416245546484,197385701.88614213,15168522809.256447,92782711985.30116,1.0,1.0,1.0,0.14160816666666667,5.716666666666666e-05,12450145750.092546
10,6,80,0,26,0,0,0.011346890107431147,225026904.8545138,14295677398.350601,89543974236.02814,1.0,1.0,1.0,0.0,6.283333333333332e-05,11971051735.670822
10,6,90,0,26,0,0,0.010809558028158186,262843508.46997866,15387023858.041756,84907229691.27977,1.0,1.0,1.0,0.0,6.150000000000002e-05,11752118195.665047
10,6,100,0,26,0,0,0.014353244771361275,96464272.63706034,9821652715.405903,60739704832.687836,1.0,1.0,1.0,0.15209733333333333,6.766666666666667e-05,8105826015.541595
10,6,110,0,26,0,0,0.012573439829864697,165507788.6751823,10637655949.076288,66111912049.5044,1.0,1.0,1.0,0.18748333333333334,8.616666666666667e-05,8854577845.031776
10,6,120,0,26,0,0,0.013291700810185185,168468028.91935965,10424725840.831942,63235523609.67908,1.0,1.0,1.0,0.0698305,5.849999999999999e-05,8526425148.077327
10,7,10,47,26,29,1122,0.013854697625639721,1360035441.8817182,102587729128.2067,634731880609.614,1.0,1.0,1.0,0.30511185714285716,7.114285714285714e-05,84942758693.60767
10,7,20,40,26,30,1128,0.013315448484913473,685028134.1340637,50476407171.63944,323637809132.5565,1.0,1.0,1.0,0.33641885714285713,0.00028242857142857144,42938582039.029564
10,7,30,50,26,26,958,0.015021654795650865,430930333.37876415,32313788963.785286,200172816526.67035,1.0,1.0,1.0,0.2337312857142857,7.185714285714286e-05,26781690676.783875
10,7,40,17,26,19,719,0.013701503250269812,304900497.3097893,24750031761.05939,157503575098.02512,1.0,1.0,1.0,0.12512514285714285,6.157142857142857e-05,20913794208.592937
10,7,50,27,26,13,423,0.015046365541935234,283910654.38571256,19022785195.05056,113187450083.25328,1.0,1.0,1.0,0.3966947142857143,5.585714285714287e-05,15322039502.699415
10,7,60,13,26,19,782,0.014665381245923785,252099463.8530249,17679140486.87704,99589858927.56175,1.0,1.0,1.0,0.07341814285714286,6.142857142857142e-05,13671283613.51274
10,7,70,17,26,14,834,0.015186896463469293,232433948.50864273,15006219516.647013,82712424997.94594,1.0,1.0,1.0,0.054901,7.842857142857143e-05,11435190165.843637
10,7,80,0,26,0,0,0.014945377790558085,165568853.36096,11201377774.652225,72929305601.7222,1.0,1.0,1.0,0.0,5.971428571428571e-05,9649104311.45508
10,7,90,0,26,0,0,0.01751183927959342,169926282.21169803,11416387552.89294,61844878647.86412,1.0,1.0,1.0,0.46834242857142866,5.671428571428571e-05,8586713769.899073
10,7,100,0,26,0,0,0.015199588979802444,155281417.7244687,9636049778.354126,58645010550.4317,1.0,1.0,1.0,0.033525285714285716,0.000283,7900408001.975747
10,7,110,0,26,0,0,0.015763035472138417,117100280.24453087,9756136572.635883,56209038467.253624,1.0,1.0,1.0,0.107175,0.0002682857142857143,7654101355.961706
10,7,120,0,26,0,0,0.014829278496294352,139711651.51820955,8348487285.076787,50396500912.251305,1.0,1.0,1.0,0.0,5.542857142857143e-05,6807145703.302997
10,8,10,50,26,32,1317,0.01576432233968636,1393175790.9648864,102995718270.05194,629511397598.1315,1.0,1.0,1.0,1.349632625,5.6875e-05,84525506460.69528
10,8,20,59,26,32,1350,0.015782071526529995,649710106.0392091,48283838953.52473,314466789832.01605,1.0,1.0,1.0,0.737668,6.05e-05,41558243843.96176
10,8,30,31,26,24,825,0.016418582351394123,372790934.62156564,28763051488.048428,173663075209.6814,1.0,1.0,1.0,0.66291575,7.287500000000001e-05,23379871468.962067
10,8,40,40,26,26,994,0.015893752175648278,336335715.3285028,24504836788.6519,147150196887.11853,1.0,1.0,1.0,0.41495375,7.3625e-05,19851422044.38757
10,8,50,24,26,20,703,0.01555098043871077,263703123.33154535,17949592352.392338,110307081992.39865,1.0,1.0,1.0,0.486982625,7.8625e-05,14805218852.95605
10,8,60,25,26,14,586,0.017649028794217234,237869218.9733734,15686972349.927479,87414596472.82222,1.0,1.0,1.0,0.8391966250000001,0.00018399999999999997,12045362565.939743
10,8,70,0,26,0,0,0.014373269884843665,204122575.1105075,15375668273.464457,87972200430.16718,1.0,1.0,1.0,0.0453625,5.675e-05,12015239499.091661
10,8,80,0,26,15,492,0.01491507986111111,188400036.7561035,12962358204.661043,74854571896.15881,1.0,1.0,1.0,0.42799987500000003,5.7249999999999996e-05,10209808853.436718
10,8,90,0,26,0,0,0.01785337702309229,142128839.629542,10389125464.365377,58606344570.685844,1.0,1.0,1.0,1.0648165,5.7249999999999996e-05,8037949732.103383
10,8,100,0,26,0,0,0.018297160413545673,111017896.67824075,8839181813.168163,48747066192.05029,1.0,1.0,1.0,0.9666604999999999,8.900000000000001e-05,6720255504.356409
10,8,110,0,26,0,0,0.01548987455561423,158027390.10302576,9841393339.516771,56249314579.81022,1.0,1.0,1.0,0.497333125,0.00026875000000000005,7703829295.816806
10,8,120,0,26,0,0,0.016055811739539565,131582058.02463123,7941760603.997353,46954366562.65418,1.0,1.0,1.0,0.237035125,6.3875e-05,6375896215.662605
10,9,10,46,26,34,1412,0.01750441442871827,1197453388.9969964,93798941515.14317,574786786021.9739,1.0,1.0,1.0,4.332783111111111,5.966666666666666e-05,77076684257.89268
10,9,20,47,26,32,1274,0.01751430106613065,575141303.0045018,44333956487.86391,282018482372.956,1.0,1.0,1.0,1.9129530000000001,5.966666666666666e-05,37471238437.745575
10,9,30,43,26,32,1190,0.016853462509304678,410227479.56414205,29467516459.214565,180401457405.7069,1.0,1.0,1.0,1.4353092222222221,6.055555555555556e-05,24220808260.936413
10,9,40,27,26,21,839,0.018643858412831095,283201759.8497413,19848621137.543694,124877814608.74794,1.0,1.0,1.0,2.151537,7.733333333333333e-05,16655746910.026415
10,9,50,30,26,15,764,0.018513482702477588,209576618.22763845,15578348643.341408,96207833921.3847,1.0,1.0,1.0,1.4026756666666667,5.9444444444444445e-05,12883156746.53434
10,9,60,11,26,20,1077,0.01773546262976392,189934204.73462766,14311961651.02266,85947808422.45653,1.0,1.0,1.0,0.8663722222222222,0.00023566666666666663,11590127111.038013
10,9,70,28,26,0,0,0.015809596041185207,181197054.6850851,13473087295.437508,81991282208.11183,1.0,1.0,1.0,0.49099333333333334,5.2333333333333336e-05,11020583615.066748
10,9,80,0,26,16,533,0.018003453869840078,170721223.5420651,11480365337.924856,63551816873.811554,1.0,1.0,1.0,1.1267197777777775,5.6555555555555555e-05,8770759605.600435
10,9,90,0,26,0,0,0.019713421616555576,153360061.81627113,9967407098.924263,57352777609.44003,1.0,1.0,1.0,1.6873165555555554,0.00014144444444444445,7836111215.744175
10,9,100,0,26,0,0,0.018541350559156317,144507084.4688934,9159295913.165724,51686777529.61646,1.0,1.0,1.0,1.027246111111111,7.144444444444445e-05,7101691889.305552
10,9,110,0,26,0,0,0.017267773765540166,105272746.68764523,8243968062.414585,49523906753.10615,1.0,1.0,1.0,0.7248717777777778,5.677777777777777e-05,6674875206.357692
10,9,120,0,26,0,0,0.018228692067308826,139314640.72706187,8613393778.473526,48565250417.363365,1.0,1.0,1.0,0.5752364444444444,7.988888888888889e-05,6676724042.466124
10,10,10,51,26,34,1596,0.020327329980732087,1244091770.4448943,93915718332.61574,562291062462.3545,1.0,1.0,1.0,10.8569353,5.899999999999999e-05,75883114104.38493
10,10,20,47,26,34,1362,0.019035082125045334,502155765.0609781,41071130077.35922,270019809871.63428,1.0,1.0,1.0,2.5299668,6.08e-05,35567716026.29884
10,10,30,57,26,32,1156,0.01720861052884632,372420684.81430775,28235759174.377605,175488763157.519,1.0,1.0,1.0,0.8170414000000001,0.0003006,23456722625.482872
10,10,40,37,26,26,990,0.019010994803357044,228306167.10400194,19431635549.029217,114681965974.91216,1.0,1.0,1.0,3.0442132,5.619999999999999e-05,15514338010.179504
10,10,50,32,26,23,870,0.016947449032565908,277030696.64030564,17899024068.212418,110871959877.08383,1.0,1.0,1.0,0.6035782000000001,0.0002462,14860922285.40264
10,10,60,25,26,21,909,0.01922807282129072,220842737.78121072,13949591827.848633,81609792327.10013,1.0,1.0,1.0,1.6932031000000003,6.24e-05,11105487506.445545
10,10,70,0,26,0,0,0.023429365143443414,196345603.8651184,11148402911.53886,62501946362.678566,1.0,1.0,1.0,4.5028431,6.34e-05,8617317120.918715
10,10,80,0,26,0,0,0.01718991701954296,192023169.0665179,12698961164.58551,71142836797.60414,1.0,1.0,1.0,0.8143504,7.369999999999999e-05,9788492126.522057
10,10,90,0,26,0,0,0.02056381935826469,148035908.2829762,8704532512.110592,52566076719.31768,1.0,1.0,1.0,1.7432099,0.0001251,7101139301.655629
10,10,100,0,26,0,0,0.019353087083892585,131361008.37800011,9075690535.937147,52848064649.16331,1.0,1.0,1.0,1.2873281,7.03e-05,7191897271.432547
10,10,110,0,26,0,0,0.017827500851940133,139111620.9611002,8603961400.818634,51695917602.984604,1.0,1.0,1.0,0.5251302,6.23e-05,6987762171.876631
10,10,120,0,26,0,0,0.022297257516693376,135068603.7437967,7584443389.769323,39129260309.661606,1.0,1.0,1.0,2.0500718,5.65e-05,5524362721.725131
10,11,10,58,26,37,1547,0.021072082054577584,1031688844.6940968,80517935615.04478,500143678912.1884,1.0,1.0,1.0,14.26748981818182,0.00014636363636363637,66840137143.162834
10,11,20,48,26,36,1293,0.02009447830309484,446161413.0418926,37289510379.15332,238918508691.85934,1.0,1.0,1.0,5.124175090909091,7.481818181818181e-05,31662065911.111656
10,11,30,42,26,32,1226,0.01980004287012975,377129024.6881435,27586754448.52521,171699347483.23993,1.0,1.0,1.0,4.031936818181818,0.0005003636363636362,22951275936.971256
10,11,40,50,26,32,1323,0.02191757980212529,302171904.0075093,19736293415.54692,117937249686.36037,1.0,1.0,1.0,5.024752545454546,6.354545454545455e-05,15952503961.943972
10,11,50,14,26,29,1260,0.020162117552658086,234598651.22531062,15976665189.059607,98965211947.92729,1.0,1.0,1.0,2.5308025454545455,0.0001540909090909091,13256073276.579256
10,11,60,23,26,17,681,0.021066689678923226,185511392.49789363,13313876148.894848,78277170945.7367,1.0,1.0,1.0,2.7969285454545454,5.6090909090909085e-05,10620350286.07413
10,11,70,0,26,0,0,0.020057397029117217,167347523.8469281,11501913223.597246,68736168257.27112,1.0,1.0,1.0,1.7361427272727274,0.00016336363636363637,9291142728.673296
10,11,80,0,26,0,0,0.020812530023923446,147191660.42605364,10507391978.62412,61367581444.98376,1.0,1.0,1.0,2.2801943636363635,5.790909090909091e-05,8341270691.716354
10,11,90,0,26,0,0,0.019258989716021472,163079755.56575644,9844822858.64537,56328428778.13337,1.0,1.0,1.0,1.657399909090909,7.154545454545452e-05,7715963270.311313
10,11,100,0,26,0,0,0.006360451712874988,381587522.7166017,21608744083.229874,124047116170.66446,1.0,1.0,1.0,0.011936090909090908,7.445454545454545e-05,16993571698.562397
10,11,110,0,26,0,0,0.019343460267505167,149001106.1786319,7579790421.4052925,46454830284.40733,1.0,1.0,1.0,0.9860503636363636,0.00010136363636363636,6265741881.806382
10,11,120,0,26,0,0,0.019180191770448093,90599856.99754754,6751114720.400443,43105369216.07608,1.0,1.0,1.0,1.376401909090909,5.909090909090909e-05,5724179758.667197
10,12,10,56,26,37,1573,0.023002275568954105,970516915.0278996,77919921115.80481,469017148262.1988,1.0,1.0,1.0,20.155109666666668,6.291666666666667e-05,63165060802.233154
10,12,20,47,26,35,1389,0.022602680062078436,412614439.0878959,33787088644.735973,224064940218.46484,1.0,1.0,1.0,9.700327666666666,0.00010108333333333334,29452741815.443363
10,12,30,47,26,34,1261,0.020673249520667677,317219872.36925966,24633982419.95328,159132612549.5426,1.0,1.0,1.0,4.133660833333334,5.683333333333333e-05,21062111630.82841
10,12,40,27,26,21,743,0.02129770309339814,246374544.6567535,18757174141.648884,111273314149.08861,1.0,1.0,1.0,4.694878500000001,0.00024808333333333334,15051228403.309317
10,12,50,65,26,36,1478,0.022731428843541516,194805468.28570315,15171958496.921656,89112603605.87248,1.0,1.0,1.0,4.86120175,0.0004123333333333333,12082015865.866632
10,12,60,27,26,18,710,0.022496485012587386,149419590.70004818,11206084816.261911,66893831534.31259,1.0,1.0,1.0,4.1835379999999995,5.6083333333333325e-05,9035193811.184221
10,12,70,0,26,0,0,0.023963660873617166,136458000.94504857,9503923801.834417,57627563052.58182,1.0,1.0,1.0,4.129241166666666,0.00012925000000000002,7759061647.530308
10,12,80,32,26,29,1469,0.019204361667947895,138241674.8426924,10246876907.825722,62045761647.07565,1.0,1.0,1.0,1.4078505833333335,6.4e-05,8350720711.608563
10,12,90,0,26,0,0,0.021486315585477003,110583769.93046458,9337389669.839169,53327635384.18517,1.0,1.0,1.0,2.20683275,0.00017275000000000002,7277650100.847552
10,12,100,0,26,0,0,0.021187817207306045,134966464.75735745,7470774570.955361,47282051001.973,1.0,1.0,1.0,1.7359429999999998,0.00013366666666666667,6316836531.253392
10,12,110,0,26,0,0,0.02182135388776571,119185846.95956959,7659597618.332397,46259607205.76719,1.0,1.0,1.0,1.8858537499999997,0.0001915833333333334,6241310328.004903
10,12,120,0,26,0,0,0.022234761737235847,89279713.93093559,6432341771.387788,38056873772.902054,1.0,1.0,1.0,1.5457706666666668,6.808333333333333e-05,5154651523.672311
10,13,10,63,26,40,1688,0.02319892698390117,864393124.3386176,72704146743.26566,453485443272.66547,1.0,1.0,1.0,21.086157307692307,6.107692307692307e-05,60494448771.28597
10,13,20,48,26,36,1235,0.023824848503511,364035180.4470756,30306438923.230232,191378905469.13812,1.0,1.0,1.0,12.896365076923075,5.9846153846153843e-05,25454002901.418186
10,13,30,53,26,36,1252,0.022948446864399348,299224738.8167806,21925710181.70978,131312204703.07127,1.0,1.0,1.0,8.155497076923076,0.000192,17725819787.751366
10,13,40,25,26,27,1161,0.024684836194258063,234884485.9182129,16049856114.759815,93947821639.56291,1.0,1.0,1.0,6.95749176923077,6.038461538461537e-05,12769172496.133533
10,13,50,25,26,24,1082,0.024330329097148187,197680125.09983283,13591406343.214865,79050279987.16986,1.0,1.0,1.0,5.881851538461538,0.00020561538461538463,10761685328.636997
10,13,60,29,26,0,0,0.023514044353999567,133863740.22564323,11209640468.025146,65013305186.91878,1.0,1.0,1.0,4.6213746923076915,5.715384615384614e-05,8836963209.5827
10,13,70,38,26,19,837,0.02171737522424945,180076210.46249217,10798146414.319202,63594447515.41551,1.0,1.0,1.0,3.1937879230769233,6.430769230769231e-05,8645127366.995571
10,13,80,0,26,0,0,0.0223865784207575,141463337.08906502,9397428767.641573,56148427016.65416,1.0,1.0,1.0,2.853771076923077,7.453846153846154e-05,7593352777.884539
10,13,90,0,26,0,0,0.024827130059915156,134087054.59064028,6954958347.212645,45783371620.237274,1.0,1.0,1.0,3.3961777692307695,0.00012630769230769233,6063189754.075599
10,13,100,0,26,0,0,0.0252053528868108,84271653.92955007,6187868932.227003,40808638684.804855,1.0,1.0,1.0,3.212187076923077,6.646153846153847e-05,5377427797.863882
10,13,110,0,26,0,0,0.024271079525709338,111755248.50317076,7069027420.028299,38782042274.81682,1.0,1.0,1.0,3.0793370769230775,8.7e-05,5370238371.198038
10,13,120,0,26,0,0,0.02361364533455327,70550207.59381884,5706843525.378213,35820364888.00749,1.0,1.0,1.0,1.9437424615384613,9.538461538461538e-05,4772790329.833562
10,14,10,61,26,41,1773,0.0248430023656406,925121740.9421068,68981218858.2226,446069894823.276,1.0,1.0,1.0,27.46383378571428,0.000115,59050818353.53663
10,14,20,54,26,39,1285,0.02374428738266669,359913775.57880765,30057214399.306698,190934451233.8419,1.0,1.0,1.0,12.541745785714284,9.957142857142855e-05,25356827591.220764
10,14,30,56,26,36,1298,0.02422828611802248,263843359.3247059,20655516798.497555,128124329846.47974,1.0,1.0,1.0,9.175256857142857,7.385714285714286e-05,17128226655.420855
10,14,40,26,26,31,1258,0.024387234761550074,252591613.88632923,16287216830.741507,100267289284.10738,1.0,1.0,1.0,6.677762642857142,0.00013478571428571427,13460986394.564514
10,14,50,22,26,22,924,0.02348339376187752,200937066.372605,14203985600.029984,84144974361.98,1.0,1.0,1.0,5.457722000000001,0.00011992857142857142,11395950478.196102
10,14,60,0,26,0,0,0.026079075004095557,146766213.4593528,9705304708.433588,58626835393.78928,1.0,1.0,1.0,6.243760071428572,6.62142857142857e-05,7906480802.63874
10,14,70,0,26,0,0,0.026494151802847535,104044473.1742094,8637748584.115744,55548478824.46586,1.0,1.0,1.0,5.420387857142858,0.00010900000000000002,7355228706.183546
10,14,80,0,26,0,0,0.02365956272466016,136194373.49221343,9564543615.793993,53208027536.69582,1.0,1.0,1.0,3.0825096428571426,0.0001877857142857143,7329047524.017332
10,14,90,0,26,0,0,0.02532208348862582,135231610.1316882,7417202809.640811,43373788879.58419,1.0,1.0,1.0,3.593016642857143,7.021428571428573e-05,5915481560.52849
10,14,100,0,26,0,0,0.027429612237048085,104638571.53138606,6083936189.717904,39222914160.14666,1.0,1.0,1.0,4.003569857142857,8.449999999999998e-05,5212325635.814505
10,14,110,0,26,0,0,0.02552720654153853,66135765.00464743,6211829180.916681,36590341979.82427,1.0,1.0,1.0,3.422606428571428,6.507142857142856e-05,4947695053.95153
10,14,120,0,26,0,0,0.024857256357134924,91020941.24466857,6288467921.516169,36962708219.502174,1.0,1.0,1.0,2.8992225,0.00022950000000000005,5017679051.657076
10,15,10,59,26,42,1797,0.025808934194965844,820508144.9698063,65669848822.13972,410757294462.6853,1.0,1.0,1.0,31.69836266666667,0.000238,54784054774.87135
10,15,20,54,26,38,1428,0.025739376844151948,357418465.6879195,29863500381.905655,189603485226.66397,1.0,1.0,1.0,16.14852326666667,7.026666666666666e-05,25183241454.590115
10,15,30,75,26,37,1349,0.025870464225775897,263804941.03596136,18577654914.671246,113755229413.12332,1.0,1.0,1.0,11.754270866666667,0.0003543999999999999,15275717331.426867
10,15,40,57,26,30,1202,0.024703403555214765,221178112.86213353,16721182588.452808,100710444226.30612,1.0,1.0,1.0,7.797687799999999,0.00017913333333333337,13570105584.793842
10,15,50,26,26,25,1043,0.026517155206233593,150239442.7586686,12471877093.720324,69482373362.34485,1.0,1.0,1.0,7.203560666666667,0.00026940000000000004,9547780332.933146
10,15,60,16,26,21,1169,0.028893143832581406,142935318.39652088,9942738390.288961,57001344421.87484,1.0,1.0,1.0,7.677336466666666,0.000141,7788736809.109686
10,15,70,0,26,0,0,0.025728878822377125,131093128.66023912,9070511410.172626,55128978680.81208,1.0,1.0,1.0,5.2877459333333325,0.00010013333333333332,7418765316.440165
10,15,80,0,26,0,0,0.026721694385117945,124223710.71282005,7454064427.9733925,46240034361.090004,1.0,1.0,1.0,4.642502733333333,5.879999999999999e-05,6201772898.239638
10,15,90,0,26,0,0,0.02854855343821574,104370191.56977229,6816203245.817708,38018752033.60555,1.0,1.0,1.0,4.570124733333333,6.353333333333332e-05,5238174965.971128
10,15,100,0,26,0,0,0.02404309380868167,102344726.57063155,6512465616.0637665,39051999238.38886,1.0,1.0,1.0,3.009488933333333,5.919999999999999e-05,5279334341.710025
10,15,110,0,26,0,0,0.028169417566638606,76566525.62072393,5224377960.054178,33493502880.48493,1.0,1.0,1.0,4.184921066666667,0.0001496666666666667,4447822428.998032
10,15,120,0,26,0,0,0.026880638360690233,74902725.15109979,5531771422.788774,34125870527.239433,1.0,1.0,1.0,3.4015384666666666,7.166666666666667e-05,4571373229.260543
10,16,10,61,26,43,1767,0.02775492282808486,788039796.8192859,59712075438.274956,381051703781.6062,1.0,1.0,1.0,38.10769193749999,0.00011662499999999998,50599213158.72554
10,16,20,68,26,42,1564,0.026523056150723895,391877790.88227403,28806003908.219727,186511042144.92926,1.0,1.0,1.0,17.7125855625,0.0002595000000000001,24686619372.589226
10,16,30,52,26,35,1363,0.026544476928866793,244014494.75587228,19046772415.668797,115458988012.75272,1.0,1.0,1.0,12.032797,8.162499999999999e-05,15526063377.996767
10,16,40,40,26,39,1508,0.026747723891495948,198577714.56744063,14223440596.959742,90042776971.62486,1.0,1.0,1.0,9.3964458125,0.0001681875,11987970175.3462
10,16,50,34,26,30,1420,0.026552228026363357,196026791.04987013,12484426203.111307,72682975570.58571,1.0,1.0,1.0,7.5729515,9.574999999999998e-05,9902401517.85164
10,16,60,23,26,24,898,0.027654613363223314,164876441.52871612,9593723340.65916,58168107544.67745,1.0,1.0,1.0,6.956999437499999,7.056249999999999e-05,7850968900.754279
10,16,70,0,26,0,0,0.02655269613188501,119892429.00453424,8864324528.884718,50910432727.215675,1.0,1.0,1.0,5.0872558125,6.3e-05,6947832855.926214
10,16,80,0,26,0,0,0.028762741955982864,104142002.75809844,6693578903.51074,43497374757.2615,1.0,1.0,1.0,5.4904224374999995,5.937499999999999e-05,5761352633.749893
10,16,90,0,26,0,0,0.026975944457544726,93227202.10015357,5968524549.261293,38321349367.36616,1.0,1.0,1.0,4.178101375,0.000153125,5091098869.092485
10,16,100,0,26,0,0,0.026186555736608226,92434957.62188397,6239124700.622427,35310571218.81795,1.0,1.0,1.0,3.3016837500000005,6.718749999999999e-05,4843586517.14407
10,16,110,0,26,0,0,0.02455226126710746,66276243.97718169,5895075861.0371895,37457440259.36012,1.0,1.0,1.0,2.6478058125,6.46875e-05,4971152556.541635
10,16,120,0,24,0,0,0.028273594679214017,68288108.9654388,5482610399.6259575,32275440267.88654,1.0,1.0,1.0,3.670337124999999,0.0001763125,4371867766.206445
10,17,10,53,26,42,1763,0.029341341542604066,803646856.7726234,57444057927.110695,364492761471.28046,1.0,1.0,1.0,46.34004329411765,0.00017358823529411762,48500640332.0281
10,17,20,75,26,45,1601,0.026596228473807073,300941503.0610565,26376286763.274975,171784804783.15833,1.0,1.0,1.0,17.747826235294117,0.000199,22664396805.79706
10,17,30,63,26,38,1557,0.029007254430593436,257951418.6290668,18892853463.686344,118773501493.12923,1.0,1.0,1.0,14.524500647058822,9.658823529411764e-05,15836486771.634768
10,17,40,29,26,33,1420,0.028487988113628345,153918211.13158378,12458117818.557661,74510053802.96872,1.0,1.0,1.0,10.719301411764707,0.00011547058823529411,10050371644.707018
10,17,50,18,26,28,1455,0.029105144824483266,172934278.36852497,11174345138.876783,64022992356.20182,1.0,1.0,1.0,8.975425705882355,6.576470588235294e-05,8758222218.658892
10,17,60,34,26,24,1168,0.028504979213924503,127067143.45482823,9845575193.856932,55572044280.46808,1.0,1.0,1.0,6.989009294117646,6.288235294117646e-05,7615266436.183565
10,17,70,0,26,0,0,0.02724092862871615,118621395.12616922,8120928595.292969,48966754050.575714,1.0,1.0,1.0,5.676810235294119,0.00022823529411764704,6603896075.293219
10,17,80,0,26,0,0,0.027971392809510845,98638148.87166966,7347513664.445378,43937530258.32512,1.0,1.0,1.0,5.401378764705883,0.0001,5932302438.705398
10,17,90,0,26,0,0,0.028142596836869222,94259454.15558566,6488617582.713317,39355349746.34726,1.0,1.0,1.0,4.756170235294117,9.558823529411765e-05,5299240087.634356
10,17,100,0,26,0,0,0.02667679892890504,92591210.24774547,5736834323.776336,35656674061.86436,1.0,1.0,1.0,3.745586470588236,0.00010858823529411766,4777848101.0086355
10,17,110,0,26,0,0,0.03011837557993137,78990562.36572318,4459944585.515293,31267273174.59585,1.0,1.0,1.0,4.790424941176471,6.429411764705882e-05,4074009606.6195464
10,17,120,0,26,0,0,0.028333171777728674,86246208.00347777,5257459769.718622,31616832163.368828,1.0,1.0,1.0,3.6913445882352938,0.00010505882352941176,4273547499.0098085
10,18,10,56,26,44,1694,0.029589334677243548,730127715.4937959,52927825075.005745,341996123582.0557,1.0,1.0,1.0,45.555227666666674,0.0001996666666666667,45296266577.16404
10,18,20,60,26,42,1580,0.03046124967695235,322565663.54182106,24353675198.621662,155242851908.10095,1.0,1.0,1.0,23.793290444444445,0.00011183333333333333,20620816091.702072
10,18,30,38,26,38,1573,0.030765062733834652,205727155.0470532,16377121084.56661,100520597311.22879,1.0,1.0,1.0,16.63542961111111,0.00011100000000000001,13471492884.036314
10,18,40,30,26,23,942,0.03257945995091468,162308488.89835683,11627343019.948559,71235992045.81596,1.0,1.0,1.0,14.227082833333334,7.116666666666667e-05,9562683688.623396
10,18,50,28,26,25,1118,0.028203661477204392,155854163.6909698,10925084462.358564,65312149588.80219,1.0,1.0,1.0,8.042486611111112,0.00017127777777777776,8825329730.352182
10,18,60,20,26,23,1158,0.03077329677514213,117933367.94935739,8429639031.968508,47741709392.35559,1.0,1.0,1.0,8.967100833333332,0.00011027777777777779,6542652063.634805
10,18,70,32,26,0,0,0.03310997285460856,125417411.38071698,7028439526.164349,46256841507.399704,1.0,1.0,1.0,8.159292444444445,0.00016766666666666666,6119164207.853664
10,18,80,30,26,0,0,0.02940114850513285,110119978.99036366,7834025307.026936,43074246703.38375,1.0,1.0,1.0,5.848073222222223,5.977777777777777e-05,5951313690.890045
10,18,90,0,26,0,0,0.0321601853762589,73037743.71431406,6294441969.735643,33270573099.490585,1.0,1.0,1.0,6.258632944444444,6.383333333333334e-05,4637072096.583811
10,18,100,0,26,0,0,0.02970577783516798,86444794.61876923,5934901735.036479,34836778054.63407,1.0,1.0,1.0,4.985540277777778,0.0001668888888888889,4731169486.265301
10,18,110,0,26,0,0,0.030903409145773213,88064988.86782171,5518322005.425958,32269857199.4387,1.0,1.0,1.0,4.897016444444445,9.688888888888887e-05,4392295591.178949
10,18,120,0,26,0,0,0.02915090262313882,55917403.72122844,4795762214.73267,30122477079.484127,1.0,1.0,1.0,4.207159944444445,0.00018211111111111108,4010542314.408236
10,19,10,68,26,45,1810,0.031206421588827905,672216875.7335255,49761797956.00408,319185650960.5562,1.0,1.0,1.0,48.94664068421052,0.00010736842105263157,42341476288.79888
10,19,20,56,26,46,1879,0.029910182380155456,380622080.34622145,26778065680.056774,171533813637.1329,1.0,1.0,1.0,22.600611894736844,0.00018173684210526318,22775429857.783596
10,19,30,43,26,28,1180,0.03287371846907392,236862422.31727841,15989982701.313004,96526053360.88405,1.0,1.0,1.0,18.604750736842107,0.00038394736842105266,13016405490.971024
10,19,40,69,26,35,1592,0.031060580729330923,179428947.01673546,13144619358.167068,75362954090.79747,1.0,1.0,1.0,13.108368210526317,6.984210526315789e-05,10290819486.258593
10,19,50,23,26,25,1475,0.032862450809899336,150933028.2112417,9164184275.36728,55988206858.74369,1.0,1.0,1.0,11.243990210526317,7.526315789473682e-05,7537310611.346214
10,19,60,24,26,21,862,0.031778778347275355,118705163.73232122,8600179233.42946,49735296241.48701,1.0,1.0,1.0,8.94844389473684,9.963157894736843e-05,6776659045.968479
10,19,70,33,26,20,949,0.03284740941700529,123235903.13478532,7445504101.567725,41487080676.25659,1.0,1.0,1.0,8.607957105263159,6.710526315789473e-05,5724073982.11905
10,19,80,0,26,0,0,0.033678615029606014,127443816.1318491,6860574484.204037,39981627888.92972,1.0,1.0,1.0,7.342649368421053,0.00013957894736842105,5459488324.452082
10,19,90,0,26,0,0,0.029153135921477332,115053570.82162996,6343871907.970919,37607827356.26005,1.0,1.0,1.0,4.6839876842105275,0.00016831578947368422,5110094595.6534605
10,19,100,0,26,0,0,0.030877892963584907,85145233.0714631,5104410023.059324,32134425463.31926,1.0,1.0,1.0,4.982674368421053,0.000146,4293926191.667687
10,19,110,0,26,0,0,0.03030873552683915,77210217.52945015,4694020544.8382435,30914477970.327892,1.0,1.0,1.0,4.445173842105264,6.205263157894737e-05,4084299038.156539
10,19,120,0,26,0,0,0.02972224156848877,84548938.34582943,4924308575.820998,30418153755.035168,1.0,1.0,1.0,4.366533578947369,0.00019305263157894738,4085861327.7328734
10,20,10,68,26,44,1775,0.03385904774898004,583896421.4184853,44795967972.79482,290230017090.3508,1.0,1.0,1.0,57.13219010000002,0.0001448,38390922551.91793
10,20,20,43,26,41,1435,0.03185734000725688,312863170.2571789,22397175144.789585,141628409157.47406,1.0,1.0,1.0,25.82177465,0.0002229,18861280051.850765
10,20,30,38,26,34,1383,0.0331594677544274,192258364.56487307,14756278540.474222,92178905572.60628,1.0,1.0,1.0,18.7844482,6.0799999999999994e-05,12303727038.777493
10,20,40,60,26,38,1581,0.03366562397201903,167867364.452584,11732664322.699825,69638274844.83292,1.0,1.0,1.0,14.754684400000006,9.999999999999998e-05,9427867439.694492
10,20,50,33,26,40,1619,0.030577656840159766,175162472.40847135,10152067888.74242,61966982511.10756,1.0,1.0,1.0,10.295589850000002,6.485e-05,8349725514.273855
10,20,60,66,26,32,1718,0.0325626317248501,106132256.70952536,7788059505.59258,49031470529.44114,1.0,1.0,1.0,8.6736878,8.989999999999999e-05,6535051495.462053
10,20,70,26,26,21,925,0.03355536676418922,88638237.36737728,6692176590.587255,43575438941.14288,1.0,1.0,1.0,8.63010375,7.03e-05,5758025940.279154
10,20,80,0,26,0,0,0.03139909370400093,116165694.0017421,5447776951.558094,37720587537.41286,1.0,1.0,1.0,6.617176149999999,6.51e-05,4942930100.399987
10,20,90,0,26,0,0,0.03377278512351654,43144328.91564004,5289816974.62324,30407591037.12365,1.0,1.0,1.0,6.808011549999999,0.00025735000000000005,4128923498.6024055
10,20,100,0,26,0,0,0.033552890670048144,63969875.76743724,5285708230.586895,31653930429.0599,1.0,1.0,1.0,5.5224706,0.00011475000000000001,4267313577.3134584
10,20,110,0,26,0,0,0.032383609753302255,41565572.035355955,3782333014.2010713,25069627138.38874,1.0,1.0,1.0,4.8861979999999985,0.00017585000000000002,3292525195.092431
10,20,120,0,26,0,0,0.03310565175901934,94597044.62793665,4853799503.443916,27631007651.42019,1.0,1.0,1.0,5.12300395,6.084999999999999e-05,3800078574.0411806
