num_pods,num_clients,session_duration_s,cpu_m,mem_Mi,net_rx_KBps,net_tx_KBps,avg_latency_s,z1_bit,z2_bit,z3_bit,n_sw_z1,n_sw_z2,n_sw_z3,total_stall,start_time,q_res_z1,q_res_z2,q_res_z3,q_sw_z1,q_sw_z2,q_sw_z3,q_stall,QoE
1,1,30,57,59,43,2085,0,278594919.707052,26349944130.47125,165776878573.12137,1.0,1.0,1.0,0.0,5.5e-05,5.0,4.920714285714285,4.920714285714285,0.023809523809523808,0.023809523809523808,0.023809523809523808,0.0,4.952168261904762
1,1,40,76,59,51,1606,0,285253730.18692,23594628557.948906,151962503054.88174,1.0,1.0,1.0,0.0,5.5e-05,5.0,4.941578947368422,4.941578947368421,0.017543859649122806,0.017543859649122806,0.017543859649122806,0.0,4.964693324561404
1,1,50,72,59,44,2216,0,403295539.804783,45411163469.746284,280279159880.29724,1.0,1.0,1.0,0.0,5.8e-05,5.0,4.951029411764706,4.951029411764706,0.014705882352941176,0.014705882352941176,0.014705882352941176,0.0,4.97035354117647
1,1,60,58,59,51,1758,0,366321413.641396,36774889350.51467,228443761820.23245,1.0,1.0,1.0,0.0,6e-05,5.0,4.959879518072289,4.959879518072289,0.012048192771084338,0.012048192771084338,0.012048192771084338,0.0,4.975657662650602
1,1,70,74,59,41,2093,0,624229559.268429,60443655396.084724,404838858882.41016,1.0,1.0,1.0,0.0,5.7e-05,5.0,4.9645744680851065,4.9645744680851065,0.010638297872340425,0.010638297872340425,0.010638297872340425,0.0,4.9784889425531915
1,1,80,72,59,43,1492,0,587385292.551357,52335102649.557495,332242909678.6505,1.0,1.0,1.0,0.0,6.1e-05,5.0,4.969166666666666,4.969166666666667,0.009259259259259259,0.009259259259259259,0.009259259259259259,0.0,4.981228440740741
1,1,90,69,59,44,1652,0,445302824.065162,64743019884.62603,402770886878.7206,1.0,1.0,1.0,0.0,5.5e-05,5.0,4.972926829268292,4.972926829268293,0.008130081300813009,0.008130081300813009,0.008130081300813009,0.0,4.983511467479675
1,2,30,112,59,74,3039,0,134606766.57210252,19708260771.53054,100541991226.20804,1.0,1.0,1.0,1.880325,5.9e-05,5.0,4.888876529477196,4.888876529477197,0.03337041156840934,0.03337041156840934,0.03337041156840934,0.0626775,4.663525597274749
1,2,40,116,59,77,3780,0,96426370.437711,23055746506.737247,140666350363.3206,1.0,1.0,1.0,2.164101,6.1000000000000005e-05,5.0,4.915682692307692,4.915682692307692,0.02532051282051282,0.02532051282051282,0.02532051282051282,0.054102525,4.716481137371795
1,2,50,99,59,60,1925,0,114209817.160211,22426333018.336983,137764186101.92786,1.0,1.0,1.0,0.0984975,5.6e-05,5.0,4.937751572327045,4.937751572327043,0.0186932215234102,0.0186932215234102,0.0186932215234102,0.00196995,4.953920665174702
1,2,60,97,59,64,2930,0,240696733.5982345,34691367252.96724,218198475571.59644,1.0,1.0,1.0,3.5182979999999997,5.9e-05,5.0,4.942586206896552,4.942586206896551,0.017241379310344827,0.017241379310344827,0.017241379310344827,0.058638300000000004,4.713136092758619
1,2,70,93,59,65,1853,0,186161371.64661652,30261698489.499153,187337374734.23615,1.0,1.0,1.0,0.38811,5.7e-05,5.0,4.953741076596566,4.9537410765965655,0.013891568589619912,0.013891568589619912,0.013891568589619912,0.005544428571428571,4.948144611532207
1,2,80,103,59,55,1622,0,122372298.500334,33962432318.96307,223593133610.07642,1.0,1.0,1.0,0.239217,5.6500000000000005e-05,5.0,4.959139566395664,4.959139566395663,0.012270400481782595,0.012270400481782595,0.012270400481782595,0.0029902125,4.962370605686916
1,2,90,96,59,68,2153,0,206206432.388466,42486114155.040985,254683790665.36752,1.0,1.0,1.0,0.8710745,5.55e-05,5.0,4.963406593406593,4.963406593406594,0.01098901098901099,0.01098901098901099,0.01098901098901099,0.009678605555555556,4.936176313144078
1,3,30,83,59,75,3435,0,34909572.512302004,8059707241.156906,57880189976.99377,1.0,1.0,1.0,10.804811,5.633333333333334e-05,5.0,4.841428571428572,4.841428571428572,0.047619047619047616,0.047619047619047616,0.047619047619047616,0.3601603666666667,3.3558777138095253
1,3,40,114,60,77,2946,0,38211518.22288667,11331332193.977468,69259783694.57599,1.0,1.0,1.0,15.121939333333335,5.8e-05,5.0,4.8750854700854696,4.87508547008547,0.03751187084520418,0.03751187084520418,0.03751187084520418,0.3780484833333333,3.2991558918471036
1,3,50,113,59,58,2341,0,41197543.61141267,13787580785.179876,83429652927.11867,1.0,1.0,1.0,18.562919,5.633333333333334e-05,5.0,4.901012987012987,4.901012987012987,0.029725829725829725,0.029725829725829725,0.029725829725829725,0.37125838,3.3439247990447325
1,3,60,104,60,67,2950,0,49100148.78259334,18283772357.59914,113504916786.67719,1.0,1.0,1.0,22.043802333333332,5.9999999999999995e-05,5.0,4.916038461538461,4.916038461538462,0.025213675213675218,0.025213675213675218,0.025213675213675218,0.3673967055555556,3.369534029358974
1,3,70,103,60,59,2568,0,69989552.17629899,20588192676.409134,132834354147.15497,1.0,1.0,1.0,25.839788,5.8e-05,5.0,4.9280778985507245,4.9280778985507245,0.021598228663446056,0.021598228663446056,0.021598228663446056,0.36913982857142863,3.369274478044628
1,3,80,92,59,70,2058,0,100465116.45411266,20621697495.082596,125173823541.22862,1.0,1.0,1.0,26.08833233333333,5.666666666666667e-05,5.0,4.940175324675326,4.940175324675324,0.017965367965367966,0.017965367965367966,0.017965367965367966,0.32610415416666666,3.561595699853895
1,3,90,98,59,61,1793,0,58007155.842451,19192554052.94814,124621634105.40688,1.0,1.0,1.0,34.04356066666667,5.566666666666667e-05,5.0,4.942586206896552,4.942586206896551,0.017241379310344827,0.017241379310344827,0.017241379310344827,0.3782617851851852,3.3387694397956564
1,4,30,96,59,74,4525,0,23328111.1915375,4786174328.732202,33519663632.745537,1.0,1.0,1.0,17.76074175,5.775e-05,5.0,4.766107142857143,4.766107142857143,0.07023809523809524,0.07023809523809524,0.07023809523809524,0.5920247249999999,2.313639405119048
1,4,40,108,60,78,3623,0,14043562.71063,7662844393.780539,41567989553.01837,1.0,1.0,1.0,23.04764,5.925e-05,5.0,4.829118421052632,4.829118421052632,0.05131578947368421,0.05131578947368421,0.05131578947368421,0.5761909999999999,2.419543661842105
1,4,50,100,59,65,2994,0,17499064.20143075,9062358596.207897,49854346110.3553,1.0,1.0,1.0,28.76121575,5.7e-05,5.0,4.859484090909091,4.859484090909091,0.04219696969696969,0.04219696969696969,0.04219696969696969,0.575224315,2.4419386030757573
1,4,60,107,59,57,2672,0,28750464.578937747,10348010387.80518,62862907415.01526,1.0,1.0,1.0,34.85631525,5.9499999999999996e-05,5.0,4.882020730706075,4.882020730706076,0.03542920999817552,0.03542920999817552,0.03542920999817552,0.5809385875,2.4308852329636466
1,4,70,96,60,58,2329,0,31543965.312543254,13271299131.107718,78830078747.78394,1.0,1.0,1.0,38.27618875,5.5e-05,5.0,4.901935160427807,4.901935160427808,0.029448900772430182,0.029448900772430182,0.029448900772430182,0.5468026964285715,2.589643552713055
1,4,80,99,60,67,2366,0,28610056.5966275,12888364885.310368,80022711446.3504,1.0,1.0,1.0,43.373422250000004,5.725e-05,5.0,4.914528846153845,4.914528846153846,0.02566701316701317,0.02566701316701317,0.02566701316701317,0.542167778125,2.6171240197416408
1,4,90,95,59,65,1934,0,33645846.20133575,13087839760.200922,80976772817.66382,1.0,1.0,1.0,48.443929,5.6500000000000005e-05,5.0,4.924220280225335,4.924220280225335,0.022756672605004254,0.022756672605004254,0.022756672605004254,0.5382658777777778,2.6397231870181517
1,5,30,28,59,20,438,0,4221294.147449801,2775944472.788165,21229515978.39209,1.0,1.0,1.0,20.1413496,5.6999999999999996e-05,5.0,4.730262237762238,4.730262237762238,0.081002331002331,0.081002331002331,0.081002331002331,0.67137832,1.9509044643263405
1,5,40,100,60,58,3063,0,6097549.0817634,4848768448.288291,27118409676.24739,1.0,1.0,1.0,27.134766000000003,5.8200000000000005e-05,5.0,4.785998529411765,4.785998529411765,0.06426470588235293,0.06426470588235293,0.06426470588235293,0.6783691500000001,1.9542972479411767
1,5,50,104,60,56,2400,0,13155891.1610578,4265893729.858899,34059738437.69375,1.0,1.0,1.0,34.0934862,5.72e-05,5.0,4.824542105263158,4.824542105263158,0.05269005847953216,0.05269005847953216,0.05269005847953216,0.681869724,1.9623867998994151
1,5,60,102,60,66,2723,0,13742857.4716326,6302008165.582489,39723967225.00281,1.0,1.0,1.0,40.38056300000001,5.6800000000000005e-05,5.0,4.852475296442687,4.852475296442687,0.04430171277997365,0.04430171277997365,0.04430171277997365,0.6730093833333334,2.0172562878194986
1,5,70,103,60,62,2516,0,14581270.7630162,7574264151.676923,45706260114.39982,1.0,1.0,1.0,46.51759439999999,5.8200000000000005e-05,5.0,4.8717035164835165,4.8717035164835165,0.03852747252747253,0.03852747252747253,0.03852747252747253,0.664537062857143,2.0652239521318685
1,5,80,100,60,65,2182,0,14198627.729292,7063370779.8539915,53934329844.76073,1.0,1.0,1.0,52.457744000000005,5.6999999999999996e-05,5.0,4.891819758064516,4.891819758064517,0.032486559139784946,0.032486559139784946,0.032486559139784946,0.6557218,2.1152105282795697
1,5,90,101,60,65,2272,0,19368468.4428246,9269736793.206562,60154397266.32805,1.0,1.0,1.0,57.7396158,5.6800000000000005e-05,5.0,4.903542121848739,4.903542121848739,0.028966329775153305,0.028966329775153305,0.028966329775153305,0.6415512866666667,2.1831815341128022
1,6,30,86,59,49,1537,0,6305897.301792,2204575836.135859,15227969434.174711,1.0,1.0,1.0,22.438698666666667,5.716666666666666e-05,5.0,4.665878787878788,4.665878787878788,0.10033670033670034,0.10033670033670034,0.10033670033670034,0.7479566222222221,1.5829676438047142
1,6,40,76,59,64,2909,0,5253309.567260833,2323435536.865085,18630037849.90992,1.0,1.0,1.0,30.41398033333333,0.0003306666666666666,5.0,4.74282967032967,4.74282967032967,0.07722832722832722,0.07722832722832722,0.07722832722832722,0.7603495083333334,1.5746958213705744
1,6,50,83,60,60,2183,0,8200461.454773166,3077150639.891041,21381268767.167904,1.0,1.0,1.0,37.394072666666666,7.85e-05,5.0,4.789562500000001,4.789562500000001,0.06319444444444444,0.06319444444444444,0.06319444444444444,0.7478814533333332,1.6574465062222228
1,6,60,103,60,50,2094,0,14482207.866779499,4136350577.8388934,26637365401.42633,1.0,1.0,1.0,43.809126166666665,6.666666666666666e-05,5.0,4.821491228070176,4.821491228070176,0.05360623781676413,0.05360623781676413,0.05360623781676413,0.7301521027777778,1.7529004219931774
1,6,70,108,60,59,2594,0,10017081.787496334,4587055148.839744,32579687979.65057,1.0,1.0,1.0,51.41557883333332,5.65e-05,5.0,4.84250974025974,4.84250974025974,0.0472943722943723,0.0472943722943723,0.0472943722943723,0.7345082690476189,1.7468300428787884
1,6,80,106,60,61,2424,0,11817663.4399245,5440217621.943077,37853505155.75294,1.0,1.0,1.0,57.89440166666666,6.816666666666667e-05,5.0,4.864025,4.864025,0.04083333333333333,0.04083333333333333,0.04083333333333333,0.7236800208333333,1.8062569604166665
1,6,90,97,60,60,2664,0,17365121.332992498,6639053842.318351,44956926595.29186,1.0,1.0,1.0,65.96021900000001,5.3333333333333326e-05,5.0,4.877344322344322,4.877344322344323,0.03683353683353683,0.03683353683353683,0.03683353683353683,0.7328913222222222,1.7747077409808714
1,7,30,51,59,57,1725,0,3337682.3404467143,1689692473.1832154,12105892232.432064,1.0,1.0,1.0,23.739851285714288,6.87142857142857e-05,5.0,4.623392857142856,4.623392857142856,0.11309523809523811,0.11309523809523811,0.11309523809523811,0.7913283761904762,1.3709151300000004
1,7,40,96,59,64,3042,0,6129231.774387143,2052130325.242349,12805578175.151506,1.0,1.0,1.0,32.91884728571428,5.657142857142857e-05,5.0,4.679974025974026,4.679974025974026,0.09610389610389611,0.09610389610389611,0.09610389610389611,0.822971182142857,1.2688689713311692
1,7,50,86,60,65,3907,0,7402360.679067142,2233784496.763743,17934197903.65603,1.0,1.0,1.0,40.28670657142857,0.000242,5.0,4.742974882260597,4.742974882260597,0.07718472004186291,0.07718472004186291,0.07718472004186291,0.8057341314285714,1.3800103794934597
1,7,60,104,60,63,2885,0,6438074.823289143,3080683913.6973557,17721041607.347454,1.0,1.0,1.0,47.32905914285714,5.757142857142858e-05,5.0,4.785928571428571,4.785928571428571,0.06428571428571428,0.06428571428571428,0.06428571428571428,0.7888176523809524,1.479329394761905
1,7,70,109,60,54,2753,0,8682828.089839714,3237034971.5035205,21123490677.44911,1.0,1.0,1.0,54.93907385714285,7.000000000000001e-05,5.0,4.813118089341001,4.813118089341001,0.05612069389159173,0.05612069389159173,0.05612069389159173,0.784843912244898,1.5126849102576472
1,7,80,105,60,59,2766,0,11142383.224167857,4249134104.904865,27050016793.306225,1.0,1.0,1.0,62.494383000000006,6.571428571428571e-05,5.0,4.84132560296846,4.84132560296846,0.04764996907854051,0.04764996907854051,0.04764996907854051,0.7811797875000001,1.5453920541334265
1,7,90,95,60,59,2310,0,8036334.279392856,4225597696.1775055,26019861590.99882,1.0,1.0,1.0,70.24136614285713,5.085714285714286e-05,5.0,4.854031015568283,4.854031015568283,0.04383452985937458,0.04383452985937458,0.04383452985937458,0.7804596238095237,1.5561797067158718
1,8,30,33,59,44,1595,0,2312254.32397075,870544410.8276203,8335869619.362769,1.0,1.0,1.0,25.674701624999997,5.65e-05,5.0,4.561450892857144,4.561450892857144,0.13169642857142858,0.13169642857142858,0.13169642857142858,0.8558233875,1.056455323035714
1,8,40,111,59,59,2717,0,7020098.483323749,1857622069.5425901,9282488771.327042,1.0,1.0,1.0,34.10590625,6.0625e-05,5.0,4.670784090909091,4.670784090909092,0.09886363636363636,0.09886363636363636,0.09886363636363636,0.8526476562499999,1.1357259815340914
1,8,50,92,60,43,1499,0,6470609.469866501,1739338309.7056968,11452297651.131195,1.0,1.0,1.0,41.35255525000001,6.0625e-05,5.0,4.712554632867133,4.712554632867133,0.08631993006993008,0.08631993006993008,0.08631993006993008,0.827051105,1.27086602079021
1,8,60,96,60,59,3736,0,9463251.132946126,2062536048.4764028,13871141589.927603,1.0,1.0,1.0,50.283072625,6.25e-05,5.0,4.74575206043956,4.74575206043956,0.07635073260073261,0.07635073260073261,0.07635073260073261,0.8380512104166667,1.2434859307394694
1,8,70,99,59,58,2471,0,11065340.902384251,2282708578.6243377,15387570380.361523,1.0,1.0,1.0,57.791312125000005,0.00028337500000000004,5.0,4.788202205882353,4.788202205882353,0.06360294117647058,0.06360294117647058,0.06360294117647058,0.8255901732142857,1.3216014632668072
1,8,80,108,60,62,2590,0,6135578.342742874,2581674934.813642,19018411650.372227,1.0,1.0,1.0,64.956283125,6.55e-05,5.0,4.817147832817338,4.817147832817338,0.05491056071551427,0.05491056071551427,0.05491056071551427,0.8119535390625001,1.3985519211609372
1,8,90,102,60,57,2538,0,9972901.336707124,2958539993.471351,20063761489.04063,1.0,1.0,1.0,73.10450937499999,6.199999999999999e-05,5.0,4.836368890977444,4.836368890977444,0.04913847117794486,0.04913847117794486,0.04913847117794486,0.812272326388889,1.4087345926430663
1,9,30,105,59,54,1104,0,1184477.2104558889,490065758.3385955,5256004731.057652,1.0,1.0,1.0,25.752137444444443,7.355555555555556e-05,5.0,4.544107142857143,4.544107142857143,0.1369047619047619,0.1369047619047619,0.1369047619047619,0.8584045814814814,1.0348713916931216
1,9,40,102,60,60,2662,0,4382417.076138,1035762296.6387836,8916181952.967745,1.0,1.0,1.0,34.70120788888889,6.311111111111112e-05,5.0,4.63,4.63,0.11111111111111113,0.11111111111111113,0.11111111111111113,0.8675301972222222,1.0472376630555564
1,9,50,110,60,58,2837,0,3874562.6865720004,1372361649.0642679,9386429798.785532,1.0,1.0,1.0,44.008597111111115,5.6e-05,5.0,4.687181818181818,4.687181818181818,0.09393939393939395,0.09393939393939395,0.09393939393939395,0.8801719422222223,1.0272349999595958
1,9,60,98,60,58,1900,0,3479112.5970675554,1546380041.8163753,10309998268.175493,1.0,1.0,1.0,51.09379711111111,6.799999999999999e-05,5.0,4.74147435897436,4.74147435897436,0.07763532763532763,0.07763532763532763,0.07763532763532763,0.8515632851851852,1.1827924537606846
1,9,70,101,59,59,3138,0,5182657.684918334,1470328856.4256759,11780922575.918575,1.0,1.0,1.0,59.77308466666667,6.233333333333334e-05,5.0,4.761600732600733,4.761600732600733,0.07159137159137158,0.07159137159137158,0.07159137159137158,0.8539012095238095,1.1848456139031345
1,9,80,103,60,57,3004,0,5367321.841313001,2227684491.38589,13219117188.68529,1.0,1.0,1.0,67.66699088888889,6.411111111111111e-05,5.0,4.788610294117646,4.788610294117646,0.06348039215686274,0.06348039215686274,0.06348039215686274,0.8458373861111111,1.2357262580228763
1,9,90,101,60,59,2656,0,7081496.358746444,2417938123.315691,14582797940.814083,1.0,1.0,1.0,75.96853733333334,5.722222222222223e-05,5.0,4.81703646370829,4.81703646370829,0.05494400489240531,0.05494400489240531,0.05494400489240531,0.8440948592592592,1.2603129838497116
1,10,30,116,60,55,1288,0,3646649.5809351997,381987858.19834435,3627424937.536486,1.0,1.0,1.0,27.2826682,7.16e-05,5.0,4.506446428571429,4.506446428571429,0.1482142857142857,0.1482142857142857,0.1482142857142857,0.9094222733333334,0.7928959875238091
1,10,40,96,60,57,2189,0,4088592.3021794995,725384512.8320292,7255542068.58597,1.0,1.0,1.0,36.35954840000001,6.039999999999999e-05,5.0,4.597625000000001,4.597625000000001,0.12083333333333335,0.12083333333333335,0.12083333333333335,0.90898871,0.849542993666667
1,10,50,82,60,62,2383,0,2932046.3561278004,932945020.0951948,6315420878.813823,1.0,1.0,1.0,45.7318349,5.819999999999999e-05,5.0,4.670027272727273,4.670027272727273,0.09909090909090909,0.09909090909090909,0.09909090909090909,0.914636698,0.8687292113272731
1,10,60,104,60,54,2271,0,2871058.0929576,1179929326.938104,8789505389.629126,1.0,1.0,1.0,51.710408699999995,5.8200000000000005e-05,5.0,4.714931818181819,4.714931818181819,0.08560606060606062,0.08560606060606062,0.08560606060606062,0.8618401450000001,1.1227106013484855
1,10,70,98,60,68,4287,0,13383608.8864714,1360520698.2188153,9714242749.700417,1.0,1.0,1.0,61.176520800000006,6.36e-05,5.0,4.731038461538462,4.731038461538462,0.08076923076923077,0.08076923076923077,0.08076923076923077,0.8739502971428571,1.0802825499780229
1,10,80,98,60,60,2488,0,3984501.5483658,1748717551.6775622,10779340916.666748,1.0,1.2,1.2,68.80290019999998,0.00024819999999999996,5.0,4.7627017857142855,4.7508446428571425,0.06767857142857141,0.0819642857142857,0.06767857142857141,0.8600362524999999,1.1564373899642864
1,10,90,101,60,63,2723,0,4914345.218200101,1542206426.6950011,11061152133.950527,1.2,1.2,1.2,77.63699899999999,6.0599999999999996e-05,5.0,4.771960294117647,4.771960294117647,0.07514705882352941,0.07514705882352941,0.07514705882352941,0.8626333222222222,1.1468571638562097
1,11,30,107,60,64,2495,0,1798681.7147104547,374694582.153654,5119964391.549404,1.0,1.0,1.0,27.716101818181816,5.800000000000001e-05,5.0,4.473831168831169,4.473831168831169,0.158008658008658,0.158008658008658,0.158008658008658,0.9238700606060607,0.7112500320346318
1,11,40,92,60,48,1842,0,2626428.9381054547,664414265.3353955,5127104222.987124,1.1818181818181819,1.3636363636363635,1.3636363636363635,35.765485818181816,5.5545454545454543e-05,5.0,4.475633116883118,4.475633116883118,0.15746753246753245,0.18344155844155843,0.15746753246753245,0.8941371454545455,0.8324016238961037
1,11,50,99,60,59,1526,0,2318938.2154295454,751216008.1958023,6735717213.134787,1.0,1.0,1.0,44.76872,6.290909090909089e-05,5.0,4.663636363636365,4.663636363636365,0.10101010101010101,0.10101010101010101,0.10101010101010101,0.8953744000000001,0.9477003789898997
1,11,60,99,60,60,3104,0,3634378.1818077266,960053932.5777713,7136342107.427542,1.0,1.0,1.0,53.47753236363637,5.9090909090909076e-05,5.0,4.686264462809917,4.686264462809917,0.09421487603305785,0.09421487603305785,0.09421487603305785,0.891292206060606,0.9788538858402203
1,11,70,105,60,54,2627,0,3312663.349814182,850153112.7477196,7074884367.160327,1.0,1.0,1.0,61.98880790909091,0.0004306363636363637,5.0,4.724440559440558,4.724440559440558,0.08275058275058277,0.08275058275058277,0.08275058275058277,0.8855543987012987,1.0248459343023653
1,11,80,100,60,59,3078,0,3647424.086070637,933719640.7317086,8339471606.902557,1.0,1.0,1.0,70.26190781818181,0.00021472727272727276,5.0,4.747172827172828,4.747172827172828,0.07592407592407592,0.07592407592407592,0.07592407592407592,0.8782738477272727,1.070726899727773
1,11,90,107,60,56,2264,0,3310041.2377786366,1507655810.304244,8446137564.806599,1.0,1.0,1.0,79.00074636363635,7.009090909090908e-05,5.0,4.779081168831168,4.779081168831168,0.06634199134199134,0.06634199134199134,0.06634199134199134,0.8777860707070707,1.0926008643578644
1,12,30,115,59,59,2179,0,1093136.2697291668,455894156.9211009,3390332361.290892,1.0,1.0,1.0,29.910079416666672,0.00015399999999999998,5.0,4.445,4.445,0.16666666666666666,0.16666666666666666,0.16666666666666666,0.9970026472222222,0.37905975027777766
1,12,40,96,60,67,1897,0,1160219.1119734168,516001987.56040597,4497768201.259284,1.0,1.0,1.0,36.900870999999995,5.875e-05,5.0,4.554017857142858,4.554017857142858,0.13392857142857142,0.13392857142857142,0.13392857142857142,0.9225217749999999,0.7651805282142855
1,12,50,93,59,61,2470,0,3144264.068360333,831472292.6728772,5204336629.609895,1.0,1.0,1.0,45.63751158333333,0.00014075,5.0,4.622291666666667,4.622291666666667,0.11342592592592594,0.11342592592592594,0.11342592592592594,0.9127502316666667,0.8478303529074082
1,12,60,99,60,59,2653,0,2873682.7862990834,683784079.4262999,6315946249.606906,1.0,1.0,1.0,56.430898333333325,7.216666666666667e-05,5.0,4.667000000000001,4.667000000000001,0.09999999999999999,0.09999999999999999,0.09999999999999999,0.9405149722222221,0.7555753027777784
1,12,70,93,60,63,3351,0,3830488.883706584,800397094.6022797,6954307991.341672,1.0,1.0,1.0,63.66948408333332,0.00022733333333333337,5.0,4.709886363636364,4.709886363636364,0.08712121212121214,0.08712121212121214,0.08712121212121214,0.9095640583333333,0.9137417128030307
1,12,80,101,60,65,3940,0,4638261.9579575,934521526.2108803,6761257755.143447,1.0,1.0,1.0,72.563489,6.225e-05,5.0,4.729361263736263,4.729361263736263,0.08127289377289378,0.08127289377289378,0.08127289377289378,0.9070436125,0.9369802765979861
1,12,90,99,60,63,3022,0,3318198.3923081663,1093409909.8887532,7559995601.857642,1.0,1.0,1.0,80.42267158333333,0.00020050000000000002,5.0,4.757365384615384,4.757365384615384,0.07286324786324787,0.07286324786324787,0.07286324786324787,0.8935852398148146,1.0110676863176644
1,13,30,97,59,62,2232,0,1041882.1960902308,440451936.3042947,2624343301.4945927,1.0,1.0,1.0,29.89364046153846,6.500000000000001e-05,5.0,4.402307692307693,4.4023076923076925,0.1794871794871795,0.1794871794871795,0.1794871794871795,0.996454682051282,0.35617049538461554
1,13,40,121,60,42,1301,0,1241727.1437633845,479568408.75069654,3328747211.0226526,1.0,1.1538461538461537,1.1538461538461537,37.649169615384615,5.707692307692308e-05,5.0,4.493736263736265,4.475494505494506,0.1465201465201465,0.16849816849816848,0.1465201465201465,0.9412292403846153,0.6456519857600731
1,13,50,84,60,67,1989,0,1874708.418133154,648578762.1130545,5195250476.18771,1.0,1.0,1.0,46.64077384615385,6.13846153846154e-05,5.0,4.605096153846155,4.605096153846155,0.11858974358974361,0.11858974358974361,0.11858974358974361,0.932815476923077,0.7515685979487181
1,13,60,97,60,61,2770,0,2817807.3061849233,656520469.9092679,4611075061.199562,1.0,1.0,1.0,58.782903999999995,0.00018530769230769235,5.0,4.658461538461539,4.658461538461539,0.10256410256410257,0.10256410256410257,0.10256410256410257,0.9797150666666667,0.5814027492307701
1,13,70,92,60,66,3925,0,3683545.327129615,811373894.1299292,5567217145.115934,1.1538461538461537,1.1538461538461537,1.1538461538461537,64.99229792307692,5.699999999999999e-05,5.0,4.653027972027973,4.653027972027973,0.1111888111888112,0.1111888111888112,0.1111888111888112,0.9284613989010988,0.7920904651448555
1,13,80,101,59,60,2877,0,2781942.2389339996,846431111.116935,5377485234.181462,1.0,1.0,1.0,73.31472938461538,6.115384615384614e-05,5.0,4.7202608929532,4.7202608929532,0.0840057378518917,0.0840057378518917,0.0840057378518917,0.9164341173076924,0.8911428640725307
1,13,90,101,60,63,3666,0,6044846.546668231,1009893145.1132373,6359408581.504155,1.0,1.0,1.0,81.99541761538461,5.8923076923076915e-05,5.0,4.738920118343196,4.738920118343196,0.07840236686390532,0.07840236686390532,0.07840236686390532,0.9110601957264959,0.9254614577843532
1,14,30,110,59,66,1842,0,3598877.446904714,803380303.0131922,5551087745.8459215,1.0,1.0,1.0,27.61473921428572,6.685714285714286e-05,5.0,4.3657142857142865,4.365714285714286,0.19047619047619052,0.19047619047619052,0.19047619047619052,0.9204913071428571,0.660837988809524
1,14,40,108,60,68,2385,0,1051119.2784046426,482424421.2471496,3232242055.3428683,1.0,1.0,1.0,38.36102564285715,0.00023828571428571432,5.0,4.484642857142858,4.484642857142858,0.15476190476190474,0.15476190476190474,0.15476190476190474,0.9590256410714286,0.5657960672023805
1,14,50,99,60,58,1995,0,1300823.4308279287,584597820.4286785,4410843365.3840475,1.0,1.0,1.0,47.70239235714286,7.121428571428571e-05,5.0,4.575255102040818,4.575255102040818,0.12755102040816327,0.12755102040816327,0.12755102040816327,0.9540478471428572,0.6423135460612244
1,14,60,86,60,65,2941,0,2774527.6416811426,686889853.0739362,4634596058.894475,1.0,1.0,1.0,56.12114221428572,5.92142857142857e-05,5.0,4.6379285714285725,4.6379285714285725,0.10873015873015876,0.10873015873015876,0.10873015873015876,0.9353523702380951,0.7603785992460325
1,14,70,85,60,54,1826,0,3523686.369467143,794583453.4093114,4907978503.783354,1.0,1.1428571428571428,1.2142857142857142,65.2719895,0.00016421428571428574,5.0,4.657233766233767,4.623753246753248,0.09935064935064937,0.11363636363636365,0.09935064935064937,0.932456992857143,0.7792651729220783
1,14,80,110,60,62,3438,0,3708338.310785857,802804029.5599453,5525828553.966073,1.0,1.0,1.0,73.99080749999999,6.207142857142857e-05,5.0,4.698714285714286,4.698714285714286,0.09047619047619049,0.09047619047619049,0.09047619047619049,0.92488509375,0.8418652849702377
1,14,90,99,60,66,3242,0,3581424.0310528576,766887392.3501531,5896843500.96544,1.0,1.0,1.0,82.95840378571428,6.421428571428572e-05,5.0,4.7285989010989,4.7285989010989,0.08150183150183152,0.08150183150183152,0.08150183150183152,0.9217600420634923,0.8732335365262525
1,15,30,25,60,77,2090,0,938819.3321113331,325305165.65453494,2464396109.254484,1.0,1.0,1.0,28.787882733333337,7.34e-05,5.0,4.356200000000001,4.356200000000001,0.19333333333333336,0.19333333333333336,0.19333333333333336,0.9595960911111111,0.4869478548888889
1,15,40,96,60,59,2085,0,1011192.3271150666,334525805.4727065,2664394283.014975,1.0,1.0,1.0,39.56460926666667,0.00019186666666666673,5.0,4.466142857142857,4.466142857142857,0.1603174603174603,0.1603174603174603,0.1603174603174603,0.9891152316666667,0.4255048739920634
1,15,50,93,60,59,1551,0,809125.9642924666,328202699.0569112,3457400579.631427,1.2666666666666666,1.2666666666666666,1.2666666666666666,47.21695173333334,0.00014913333333333334,5.0,4.5005000000000015,4.500500000000001,0.16666666666666663,0.16666666666666663,0.16666666666666663,0.9443390346666668,0.6221842109333331
1,15,60,71,60,56,1730,0,1813181.3501258001,491222251.1882752,4933961064.784909,1.0,1.0,1.0,57.302169199999994,0.00017453333333333334,5.0,4.623833333333335,4.623833333333335,0.11296296296296299,0.11296296296296299,0.11296296296296299,0.9550361533333332,0.6667810843703712
1,15,70,99,60,58,1955,0,1341313.5524110002,525578265.83319473,3194154734.860374,1.0,1.0,1.0,66.15008086666667,9.766666666666665e-05,5.0,4.6616181818181825,4.661618181818183,0.10161616161616165,0.10161616161616165,0.10161616161616165,0.9450011552380954,0.7329443587388174
1,15,80,98,60,66,3032,0,2754552.788078867,605330237.7452333,4350497877.447012,1.0,1.0,1.0,74.76316886666665,5.966666666666667e-05,5.0,4.685163636363637,4.685163636363637,0.09454545454545457,0.09454545454545457,0.09454545454545457,0.9345396108333333,0.7922267431136363
1,15,90,106,60,61,2427,0,2294843.554634934,666477487.72967,4994301761.100389,1.0,1.0,1.0,83.58945526666666,5.799999999999998e-05,5.0,4.723664335664334,4.723664335664334,0.08298368298368299,0.08298368298368299,0.08298368298368299,0.9287717251851852,0.8401477994193223
2,1,30,33,36,24,1129,0,468497615.770673,28830977292.47926,189746593243.76895,1.0,1.0,1.0,0.0,5.5e-05,5.0,4.926,4.925999999999999,0.022222222222222223,0.022222222222222223,0.022222222222222223,0.0,4.955341277777777
2,1,40,34,38,25,1272,0,616452938.760499,42668152080.16869,246286170173.74524,1.0,1.0,1.0,0.0,5.8e-05,5.0,4.942586206896552,4.942586206896551,0.017241379310344827,0.017241379310344827,0.017241379310344827,0.0,4.965285082758619
2,1,50,37,39,24,1196,0,764291514.665782,48192508713.34054,312663740473.633,1.0,1.0,1.0,0.0,5.9e-05,5.0,4.954383561643835,4.954383561643835,0.0136986301369863,0.0136986301369863,0.0136986301369863,0.0,4.972362738356165
2,1,60,39,40,25,829,0,616990159.724844,38950961944.645645,258590428806.51047,1.0,1.0,1.0,0.0,5.6e-05,5.0,4.961724137931035,4.961724137931035,0.011494252873563218,0.011494252873563218,0.011494252873563218,0.0,4.976782188505747
2,1,70,36,42,24,825,0,621766213.658711,43352748671.7273,299789105455.2783,1.0,1.0,1.0,0.0,6e-05,5.0,4.967029702970297,4.967029702970297,0.009900990099009901,0.009900990099009901,0.009900990099009901,0.0,4.979949920792079
2,1,80,40,43,24,1270,0,1194249339.751425,78576993713.6755,475904239318.54956,1.0,1.0,1.0,0.0,6e-05,5.0,4.970267857142857,4.970267857142858,0.008928571428571428,0.008928571428571428,0.008928571428571428,0.0,4.981893785714286
2,1,90,39,44,24,1242,0,1462583079.656843,96370261290.67267,561220849258.0504,1.0,1.0,1.0,0.0,5.8e-05,5.0,4.974186046511628,4.974186046511628,0.007751937984496124,0.007751937984496124,0.007751937984496124,0.0,4.984254475968992
2,2,30,63,45,45,1883,0,423482323.59066,23838601949.435173,134706938709.06207,1.0,1.0,1.0,0.0,5.85e-05,5.0,4.9167499999999995,4.91675,0.025,0.025,0.025,0.0,4.949773449999999
2,2,40,60,45,43,1749,0,261708105.110856,29637423063.14976,172987641796.01355,1.0,1.0,1.0,0.0,5.75e-05,5.0,4.935961538461539,4.935961538461538,0.019230769230769232,0.019230769230769232,0.019230769230769232,0.0,4.961310442307694
2,2,50,70,46,43,1653,0,331293526.44862103,37917662763.095146,222778863869.373,1.0,1.0,1.0,0.0,5.75e-05,5.0,4.948344155844156,4.948344155844156,0.015512265512265512,0.015512265512265512,0.015512265512265512,0.0,4.968743731240981
2,2,60,64,46,45,1382,0,417443015.1529095,36533922446.35455,228031562857.49426,1.0,1.0,1.0,0.0,5.6500000000000005e-05,5.0,4.957577896786757,4.957577896786757,0.012739370334307044,0.012739370334307044,0.012739370334307044,0.0,4.97429104870172
2,2,70,61,46,45,1798,0,588541012.1168749,52557209379.402435,349372808729.18494,1.0,1.0,1.0,0.0,5.9e-05,5.0,4.9629954315347575,4.9629954315347575,0.011112483022595383,0.011112483022595383,0.011112483022595383,0.0,4.977532446437832
2,2,80,59,47,46,2262,0,817412480.9431324,69578765878.09653,463979410831.3567,1.0,1.0,1.0,0.0,5.7e-05,5.0,4.967511422044547,4.967511422044547,0.00975632971635256,0.00975632971635256,0.00975632971635256,0.0,4.980251996897011
2,2,90,63,47,45,2230,0,966220693.666081,83869306670.668,494931553252.1577,1.0,1.0,1.0,0.1026415,5.8e-05,5.0,4.970530973451327,4.970530973451328,0.008849557522123894,0.008849557522123894,0.008849557522123894,0.0011404611111111111,4.977156351735497
2,3,30,89,47,54,2566,0,142041217.43532768,19556524441.267727,107783265051.18665,1.0,1.0,1.0,1.5882446666666665,5.566666666666667e-05,5.0,4.893699596774193,4.893699596774193,0.03192204301075269,0.03192204301075269,0.03192204301075269,0.05294148888888889,4.708300067132616
2,3,40,69,47,51,1846,0,129903148.20647268,19724460326.670696,117583811921.37614,1.0,1.0,1.0,1.904628,5.5666666666666674e-05,5.0,4.91735989010989,4.91735989010989,0.024816849816849815,0.024816849816849815,0.024816849816849815,0.047615700000000004,4.74540424054945
2,3,50,77,47,53,1933,0,167505004.839504,25047775242.242096,151914317064.62253,1.0,1.0,1.0,1.2316243333333332,5.833333333333333e-05,5.0,4.935479738562091,4.9354797385620905,0.01937545388525781,0.01937545388525781,0.01937545388525781,0.024632486666666665,4.855097941683369
2,3,60,80,47,48,1936,0,359360841.374716,33743398841.353367,223769024987.33878,1.0,1.0,1.0,2.0703883333333333,5.833333333333333e-05,5.0,4.9465198511166255,4.9465198511166255,0.016060104769782188,0.016060104769782188,0.016060104769782188,0.034506472222222216,4.819267186676317
2,3,70,75,47,56,2396,0,284397112.35931903,42041669723.77211,263968893188.7809,1.0,1.0,1.0,1.4862026666666666,5.766666666666667e-05,5.0,4.954555454573149,4.954555454573149,0.013647010638693976,0.013647010638693976,0.013647010638693976,0.021231466666666667,4.881176352399918
2,3,80,77,47,55,2012,0,373816315.1981263,42474373248.735695,274430102352.4012,1.0,1.0,1.0,1.284584,5.7333333333333336e-05,5.0,4.960330496022698,4.960330496022698,0.011912763957147602,0.011912763957147602,0.011912763957147602,0.0160573,4.9068934615163275
2,3,90,77,47,56,2762,0,430357555.93387836,58816717436.93161,351385527569.8637,1.0,1.0,1.0,3.3556916666666665,5.566666666666667e-05,5.0,4.962722846441948,4.962722846441948,0.011194340407823555,0.011194340407823555,0.011194340407823555,0.03728546296296296,4.817055656117353
2,4,30,61,47,53,3284,0,78602929.97405675,12275745490.663067,64532585977.03545,1.0,1.0,1.0,9.5205925,5.6250000000000005e-05,5.0,4.851159090909091,4.851159090909091,0.0446969696969697,0.0446969696969697,0.0446969696969697,0.31735308333333334,3.5457906242424233
2,4,40,81,47,42,1471,0,91975311.16082825,12812559414.336784,85758247268.64073,1.0,1.0,1.0,8.431954000000001,5.825e-05,5.0,4.9002414772727265,4.900241477272727,0.029957514332514333,0.029957514332514333,0.029957514332514333,0.21079885,4.033429398849304
2,4,50,88,47,57,2077,0,168750808.54775876,21939638955.524258,129681377704.52444,1.0,1.0,1.0,9.3210985,5.6750000000000004e-05,5.0,4.922076223195409,4.922076223195409,0.023400533574952177,0.023400533574952177,0.023400533574952177,0.18642197,4.15136383738367
2,4,60,81,47,56,1882,0,148250360.19929624,21524065768.588013,123001488737.33836,1.0,1.0,1.0,13.24064825,5.575000000000001e-05,5.0,4.931116220124413,4.931116220124413,0.020685819782458436,0.020685819782458436,0.020685819782458436,0.22067747083333333,4.009496196671533
2,4,70,85,47,54,2053,0,199521153.46550974,28819265696.271553,174065616116.6355,1.0,1.0,1.0,13.71685875,5.7e-05,5.0,4.942362734466483,4.942362734466482,0.01730848814820336,0.01730848814820336,0.01730848814820336,0.195955125,4.122548194691741
2,4,80,74,47,55,2378,0,237722068.41404676,34285256291.040176,211757298646.75543,1.0,1.0,1.0,17.4636475,5.6500000000000005e-05,5.0,4.9481985354751465,4.948198535475146,0.015555995352809021,0.015555995352809021,0.015555995352809021,0.21829559375,4.029989562164735
2,4,90,81,47,52,2040,0,244766111.77165228,36173745176.51219,222444949303.87653,1.0,1.0,1.0,20.1006845,5.6000000000000006e-05,5.0,4.95359772116268,4.953597721162678,0.013934618269465772,0.013934618269465772,0.013934618269465772,0.2233409388888889,4.011537860857116
2,5,30,100,47,65,2947,0,41751122.200533405,8746012758.57381,59166324127.90254,1.0,1.0,1.0,11.1114772,5.66e-05,5.0,4.841783738001129,4.841783738001129,0.047512390990651854,0.047512390990651854,0.047512390990651854,0.37038257333333335,3.312134285076354
2,5,40,75,47,49,2458,0,133102682.26590559,12075394405.61004,71386919281.33368,1.0,1.0,1.0,16.093780799999998,5.58e-05,5.0,4.870661282051282,4.870661282051282,0.03884045584045584,0.03884045584045584,0.03884045584045584,0.40234452000000004,3.192036552774929
2,5,50,72,47,54,2102,0,98544183.261682,13519048593.122858,80442337397.54404,1.0,1.0,1.0,20.951127800000002,5.7600000000000004e-05,5.0,4.893083079323346,4.893083079323346,0.03210718338638249,0.03210718338638249,0.03210718338638249,0.419022556,3.1337730696106214
2,5,60,78,48,60,2372,0,124831997.14827302,19130527234.743904,113279097035.07693,1.0,1.0,1.0,22.654305200000003,5.66e-05,5.0,4.915765934065933,4.915765934065934,0.025295515295515297,0.025295515295515297,0.025295515295515297,0.3775717533333333,3.3256323455909316
2,5,70,86,48,56,1871,0,62721077.07946999,18270946394.75805,118253436623.54915,1.0,1.0,1.0,23.691654399999997,5.64e-05,5.0,4.930575014465613,4.930575014465613,0.020848344004320247,0.020848344004320247,0.020848344004320247,0.3384522057142857,3.5027371557639357
2,5,80,74,47,56,1618,0,141111110.506823,20645887450.276127,116696436435.29407,1.0,1.0,1.0,28.428713199999997,5.72e-05,5.0,4.937549902567399,4.937549902567397,0.018753783012793467,0.018753783012793467,0.018753783012793467,0.355358915,3.434221893257426
2,5,90,72,47,57,2081,0,170491193.1848076,23979643472.525402,145362438732.38855,1.0,1.0,1.0,35.3955674,5.8399999999999997e-05,5.0,4.940819636194741,4.94081963619474,0.01777188102260056,0.01777188102260056,0.01777188102260056,0.3932840822222222,3.2731013362802654
2,6,30,64,47,50,2976,0,84983285.277992,6676358097.422442,42287592682.89871,1.0,1.0,1.0,14.786426333333333,5.7e-05,5.0,4.798750668449198,4.798750668449198,0.06043523469994058,0.06043523469994058,0.06043523469994058,0.4928808777777778,2.759557091390375
2,6,40,79,48,47,2402,0,90742339.94296718,10378915925.74845,55372723490.40029,1.0,1.0,1.0,20.321883333333332,5.8e-05,5.0,4.848423089591567,4.848423089591567,0.04551859171424388,0.04551859171424388,0.04551859171424388,0.5080470833333334,2.724156476829893
2,6,50,86,48,59,2283,0,87077941.37521882,12023226026.60525,71231257700.13623,1.0,1.0,1.0,23.341892666666666,6.983333333333333e-05,5.0,4.8850950950672045,4.8850950950672045,0.03450597745729592,0.03450597745729592,0.03450597745729592,0.46683785333333333,2.9233194983961988
2,6,60,84,48,60,2554,0,75611373.80028449,13577364414.856544,85999461273.98096,1.0,1.0,1.0,28.858581833333332,5.5333333333333334e-05,5.0,4.897703526865291,4.897703526865292,0.03071966160201454,0.03071966160201454,0.03071966160201454,0.48097636388888887,2.870155098402017
2,6,70,81,47,59,2285,0,122686383.0482235,15421630791.119362,98122433545.01717,1.0,1.0,1.0,32.734229500000005,6.383333333333334e-05,5.0,4.915281603024702,4.915281603024702,0.025440960052641695,0.025440960052641695,0.025440960052641695,0.46763185,2.938052082521436
2,6,80,81,48,56,2333,0,135233745.5639245,18149276795.29297,115402205324.77248,1.0,1.0,1.0,39.33221533333333,6.716666666666667e-05,5.0,4.921602165068109,4.921602165068109,0.02354289337294008,0.02354289337294008,0.02354289337294008,0.49165269166666675,2.8385423653141593
2,6,90,85,48,57,2201,0,100683927.92332451,20665852063.011196,125852609239.90819,1.0,1.0,1.0,42.7443625,8.266666666666667e-05,5.0,4.9329517132580305,4.932951713258029,0.02013462064323426,0.02013462064323426,0.02013462064323426,0.4749373611111111,2.9171647738897306
2,7,30,70,48,61,2664,0,23173858.546738144,5323466320.019746,33539602717.10786,1.0,1.0,1.0,17.77034814285714,6.3e-05,5.0,4.772808673469387,4.772808673469387,0.06822562358276643,0.06822562358276643,0.06822562358276643,0.5923449380952382,2.3162628446485267
2,7,40,77,48,58,2992,0,73845035.03794844,6532798781.299131,39141457795.14263,1.0,1.0,1.0,24.873706142857145,6.328571428571429e-05,5.0,4.811112940630799,4.811112940630799,0.056722840651412074,0.056722840651412074,0.056722840651412074,0.6218426535714286,2.212415502609255
2,7,50,80,48,57,2500,0,62249631.89572529,9457367133.195812,53034191209.49298,1.0,1.0,1.0,28.481400285714283,6.114285714285714e-05,5.0,4.8570131214541155,4.8570131214541155,0.04293900256633175,0.04293900256633175,0.04293900256633175,0.5696280057142857,2.46450159501276
2,7,60,90,47,59,2392,0,105370640.68303129,11510969532.937622,68231778310.5312,1.0,1.0,1.0,35.544270000000004,0.0003045714285714286,5.0,4.880576906837005,4.880576906837005,0.03586279073963803,0.03586279073963803,0.03586279073963803,0.5924044999999999,2.379661274168606
2,7,70,85,48,54,2260,0,75076910.49674387,12370353241.086824,73223565674.7402,1.0,1.0,1.0,41.36170285714286,0.0002597142857142857,5.0,4.892334661812444,4.892334661812444,0.03233193338965625,0.03233193338965625,0.03233193338965625,0.5908814693877551,2.3934613753581586
2,7,80,83,48,49,2285,0,91588848.80128144,13819594329.695648,76702147053.7173,1.0,1.0,1.0,48.81517614285715,5.6142857142857145e-05,5.0,4.899519398888587,4.899519398888588,0.030174354688111804,0.030174354688111804,0.030174354688111804,0.6101897017857143,2.3156243330141786
2,7,90,84,48,51,2227,0,107554444.399516,16005982211.014723,96278110780.75941,1.0,1.0,1.0,53.88010442857142,6.085714285714287e-05,5.0,4.914012246006331,4.914012246006332,0.0258221483464469,0.0258221483464469,0.0258221483464469,0.5986678269841269,2.3738481837094207
2,8,30,81,48,49,2434,0,50040294.461428374,4536863220.853325,28961677962.478054,1.0,1.0,1.0,18.794446375,0.000278125,5.0,4.745552806568432,4.745552806568432,0.0764105685980686,0.0764105685980686,0.0764105685980686,0.6264815458333335,2.1521886887891277
2,8,40,75,48,47,3332,0,44624621.94170837,5956483081.008382,35361457939.05639,1.0,1.0,1.0,26.196830125,0.00026025,5.0,4.788219337406015,4.788219337406015,0.06359779657477026,0.06359779657477026,0.06359779657477026,0.654920753125,2.0555896912095344
2,8,50,87,48,56,2633,0,33282612.82313388,7393826043.69298,45732858024.46506,1.0,1.0,1.0,31.382304625,5.937499999999999e-05,5.0,4.838218890977444,4.838218890977444,0.0485829156223893,0.0485829156223893,0.0485829156223893,0.6276460925,2.2037492414208444
2,8,60,82,47,54,2204,0,43993740.808985375,8670806097.32582,53726481776.75018,1.0,1.0,1.0,38.073554875,5.6125e-05,5.0,4.864484257768093,4.864484257768093,0.04069541808765946,0.04069541808765946,0.04069541808765946,0.6345592479166667,2.189803755701102
2,8,70,84,48,57,2473,0,63833143.74330251,10935740923.913895,60864120742.73452,1.0,1.0,1.0,44.504360125000005,6.362499999999999e-05,5.0,4.879987325533662,4.879987325533662,0.03603984218208356,0.03603984218208356,0.03603984218208356,0.6357765732142858,2.1938435031565864
2,8,80,84,48,50,2076,0,75422569.97050425,10984680443.915787,65618026374.171646,1.0,1.0,1.0,51.069342375,5.675000000000001e-05,5.0,4.894027054672675,4.894027054672676,0.031823707305502845,0.031823707305502845,0.031823707305502845,0.6383667796875,2.1911632314400498
2,8,90,85,48,52,1890,0,85521530.24304749,12971594683.047276,78746633358.65569,1.0,1.0,1.0,54.856517375,6.874999999999999e-05,5.0,4.912515830206378,4.912515830206379,0.02627152246054685,0.02627152246054685,0.02627152246054685,0.6095168597222222,2.3262651047958114
2,9,30,77,47,51,2089,0,13921816.567371443,3462622914.6239934,24252751890.150898,1.0,1.0,1.0,20.841177000000002,6.411111111111111e-05,5.0,4.7235780885780905,4.7235780885780905,0.08300958300958301,0.08300958300958301,0.08300958300958301,0.6947059,1.8465527957860663
2,9,40,71,48,43,2036,0,93405520.06716622,4893411689.963346,28500195634.15992,1.0,1.0,1.0,28.273925777777777,6.111111111111112e-05,5.0,4.767087025719379,4.767087025719379,0.06994383612030669,0.06994383612030669,0.06994383612030669,0.7068481444444444,1.8204724727066182
2,9,50,91,48,59,2755,0,33921866.83888989,6933149842.9933,41562079045.48361,1.0,1.0,1.0,33.13983066666667,9.655555555555554e-05,5.0,4.82628646370829,4.82628646370829,0.052166227114627525,0.052166227114627525,0.052166227114627525,0.6627966133333335,2.045279085775637
2,9,60,87,48,63,2853,0,42923420.83463922,8420162767.512959,51272121247.17537,1.0,1.0,1.0,39.86268466666667,6.022222222222222e-05,5.0,4.854578136271729,4.854578136271729,0.04367022934782914,0.04367022934782914,0.04367022934782914,0.6643780777777777,2.055618521533689
2,9,70,91,48,56,2096,0,46137065.35528367,8648106152.217817,56742886780.138885,1.0,1.0,1.0,45.385548444444446,6.4e-05,5.0,4.876785632885632,4.876785632885632,0.037001311445755886,0.037001311445755886,0.037001311445755886,0.6483649777777778,2.1377897739754896
2,9,80,83,48,58,2386,0,73638450.03138311,9026571355.893972,61160471240.206924,1.0,1.0,1.0,53.824737999999996,5.666666666666666e-05,5.0,4.881716505518952,4.881716505518954,0.03552056891322742,0.03552056891322742,0.03552056891322742,0.672809225,2.0356710485757916
2,9,90,86,48,52,2157,0,68144403.71301533,9573544567.158112,62796650004.20482,1.0,1.0,1.0,62.03975055555557,6.066666666666666e-05,5.0,4.89099474825323,4.890994748253231,0.03273430983386489,0.03273430983386489,0.03273430983386489,0.689330561728395,1.9701818325433385
2,10,30,87,48,42,2053,0,30294732.370610703,3482012736.6219435,19596053116.06042,1.0,1.0,1.0,22.573174300000005,5.81e-05,5.0,4.675693706293705,4.675693706293706,0.09738927738927741,0.09738927738927741,0.09738927738927741,0.7524391433333333,1.5695806881655012
2,10,40,81,48,58,2238,0,27623520.567818202,4201203266.722224,24503837279.2456,1.0,1.0,1.0,28.924373300000003,5.9600000000000005e-05,5.0,4.763142245254746,4.763142245254746,0.07112845487845487,0.07112845487845487,0.07112845487845487,0.7231093325000001,1.7481878089479685
2,10,50,93,48,54,2380,0,26827244.3844968,6378286757.966269,33161676125.93886,1.0,1.0,1.0,35.01521279999999,6.969999999999999e-05,5.0,4.808431927244582,4.808431927244582,0.057527949776401785,0.057527949776401785,0.057527949776401785,0.7003042559999999,1.8733936175969732
2,10,60,83,48,49,2061,0,43393643.290009096,5348144311.943651,39107944493.54445,1.0,1.0,1.0,42.5083974,6.649999999999999e-05,5.0,4.831468458200838,4.831468458200838,0.050610072612360946,0.050610072612360946,0.050610072612360946,0.7084732900000001,1.8521093678478908
2,10,70,89,48,62,2650,0,51480539.7260144,8582417519.68247,48302752690.233635,1.0,1.0,1.0,49.02813880000001,7.809999999999997e-05,5.0,4.862720766747555,4.862720766747555,0.04122499497070435,0.04122499497070435,0.04122499497070435,0.7004019828571428,1.9055268787678472
2,10,80,89,48,53,2159,0,63766588.2731146,8697574355.663446,59393521073.63082,1.0,1.0,1.0,55.119029499999996,5.7899999999999984e-05,5.0,4.877644108472174,4.877644108472174,0.036743510969317425,0.036743510969317425,0.036743510969317425,0.68898786875,1.9636529159473344
2,10,90,93,48,58,2319,0,44154780.862487406,9811500719.94837,59966217842.26019,1.0,1.0,1.0,62.085512699999995,5.449999999999999e-05,5.0,4.889671691670398,4.889671691670398,0.03313162412300343,0.03313162412300343,0.03313162412300343,0.6898390300000001,1.9672277043781157
2,11,30,99,48,47,1518,0,13057217.734714998,3207004964.653382,21430968238.599747,1.0,1.0,1.0,21.702474999999996,0.00018,5.0,4.688398238125512,4.688398238125512,0.09357410266501175,0.09357410266501175,0.09357410266501175,0.7234158333333334,1.701483285439309
2,11,40,81,48,58,3138,0,18287485.38393509,3939416945.259425,24612704570.300114,1.0,1.0,1.0,31.056220999999997,6.218181818181819e-05,5.0,4.729083077350458,4.729083077350458,0.081356433228091,0.081356433228091,0.081356433228091,0.7764055249999999,1.4985573506588645
2,11,50,69,48,49,2409,0,22368281.771615002,4734466462.876593,26995520374.079456,1.0,1.0,1.0,37.905371181818175,0.00021618181818181822,5.0,4.776326879003349,4.776326879003349,0.06716910540439952,0.06716910540439952,0.06716910540439952,0.7581074236363636,1.6049374548420607
2,11,60,83,48,53,2481,0,29531064.662932,5483131268.520434,31649329148.02023,1.0,1.0,1.0,44.40387436363637,0.00020472727272727277,5.0,4.81415909090909,4.81415909090909,0.055808080808080814,0.055808080808080814,0.055808080808080814,0.7400645727272726,1.705281656464647
2,11,70,83,48,53,2528,0,41862383.29841681,7185105360.944174,39709386295.71408,1.0,1.0,1.0,52.690457272727265,5.663636363636363e-05,5.0,4.83484050346428,4.83484050346428,0.04959744640712347,0.04959744640712347,0.04959744640712347,0.7527208181818181,1.6639116500867055
2,11,80,92,48,61,2604,0,45492778.99036627,8891332381.745775,46739088406.1385,1.0,1.0,1.0,59.37375027272728,6.245454545454546e-05,5.0,4.8643461087638,4.8643461087638,0.04073690427513515,0.04073690427513515,0.04073690427513515,0.7421718784090909,1.7269592966494591
2,11,90,91,48,59,2574,0,50691655.40723791,10039103254.291552,57532898842.332886,1.0,1.0,1.0,64.22087072727273,5.8636363636363634e-05,5.0,4.882378416614901,4.882378416614901,0.035321796812341856,0.035321796812341856,0.035321796812341856,0.7135652303030303,1.860809101505462
2,12,30,85,48,45,1910,0,24483909.643902253,2658832689.6086283,18561044480.12314,1.0,1.0,1.0,23.175161499999998,7.108333333333333e-05,5.0,4.653782634032635,4.653782634032635,0.103969178969179,0.103969178969179,0.103969178969179,0.7725053833333333,1.4700868045739448
2,12,40,86,48,51,2449,0,27371272.2267435,4448859744.091906,22907663246.320522,1.0,1.0,1.0,31.781983333333333,5.966666666666668e-05,5.0,4.709399683649683,4.709399683649683,0.08726736226736227,0.08726736226736227,0.08726736226736227,0.7945495833333333,1.4087327678275432
2,12,50,90,48,67,3466,0,33835812.948621,4694395937.902366,28783449318.65997,1.0,1.0,1.0,37.61152375,0.00013283333333333333,5.0,4.780535976890755,4.780535976890755,0.06590511204481793,0.06590511204481793,0.06590511204481793,0.7522304750000001,1.6330934551890757
2,12,60,94,48,60,2691,0,38635559.04025575,5107655726.098002,33157009860.96228,1.0,1.0,1.0,45.33168391666667,5.916666666666666e-05,5.0,4.812070594685243,4.812070594685243,0.05643525685127854,0.05643525685127854,0.05643525685127854,0.7555280652777778,1.6381608241931833
2,12,70,85,48,52,2167,0,27060831.484897334,5889864022.783826,32008573856.04195,1.0,1.0,1.0,53.9370645,0.00019433333333333333,5.0,4.827366892294676,4.827366892294676,0.05184177408568308,0.05184177408568308,0.05184177408568308,0.7705294928571429,1.582255840983672
2,12,80,94,48,64,2456,0,20223165.560118,6892917452.537277,46715189282.48862,1.0,1.0,1.0,58.01242250000001,6.0333333333333334e-05,5.0,4.8650681134665765,4.8650681134665765,0.040520086046073045,0.040520086046073045,0.040520086046073045,0.7251552812500001,1.800573205285567
2,12,90,88,48,54,2257,0,53366472.088760495,7309391054.956061,44591841371.96728,1.0,1.0,1.0,67.901296,5.6166666666666665e-05,5.0,4.8674429372539,4.867442937253901,0.039806925749579426,0.039806925749579426,0.039806925749579426,0.7544588444444446,1.676011407648813
2,13,30,84,48,60,2391,0,25251014.064610235,2851493134.276639,15875601170.319157,1.0,1.0,1.0,24.42796346153846,6.223076923076922e-05,5.0,4.607027472527474,4.607027472527474,0.11800976800976802,0.11800976800976802,0.11800976800976802,0.8142654487179487,1.2624894519536023
2,13,40,72,48,58,2748,0,10325426.941215076,2809222564.0763736,20207474898.377914,1.0,1.0,1.0,31.94113846153846,6.123076923076923e-05,5.0,4.695973334357951,4.695973334357951,0.09129929899160667,0.09129929899160667,0.09129929899160667,0.7985284615384617,1.3835570243927018
2,13,50,87,48,65,2972,0,30090066.27071407,3882442902.382594,25644495516.427444,1.0,1.0,1.0,38.81687607692308,5.853846153846154e-05,5.0,4.755381360155681,4.755381360155681,0.07345905100429986,0.07345905100429986,0.07345905100429986,0.7763375215384615,1.5146522990424052
2,13,60,89,48,59,2749,0,25543558.64443485,4406416413.506109,27661233842.03949,1.0,1.0,1.0,47.21919,0.00014553846153846154,5.0,4.785152834008096,4.785152834008096,0.06451866846603689,0.06451866846603689,0.06451866846603689,0.7869864999999999,1.486359416351777
2,13,70,91,48,63,2718,0,37591196.49915685,5954290173.283135,37535539590.43792,1.0,1.0,1.0,53.73334676923078,6.053846153846153e-05,5.0,4.828302716633211,4.828302716633211,0.0515607457557922,0.0515607457557922,0.0515607457557922,0.7676192395604395,1.5959070237396658
2,13,80,91,48,58,2316,0,41395090.780392535,5541034042.462749,36914425662.9642,1.0,1.0,1.0,61.814709846153846,6.438461538461539e-05,5.0,4.840784248741343,4.840784248741343,0.04781253791551273,0.04781253791551273,0.04781253791551273,0.7726838730769232,1.581605228629967
2,13,90,80,48,53,2426,0,45119753.60392862,6986296776.09573,44508508105.82589,1.0,1.0,1.0,70.59138692307693,6.76923076923077e-05,5.0,4.852599249844359,4.852599249844359,0.04426448953622867,0.04426448953622867,0.04426448953622867,0.7843487435897435,1.5385246110581043
2,14,30,70,48,29,944,0,19779324.1294165,2230855728.9025407,13372127242.028017,1.0,1.0,1.0,25.30546307142857,6.835714285714287e-05,5.0,4.609895408163267,4.609895408163267,0.1171485260770975,0.1171485260770975,0.1171485260770975,0.8435154357142858,1.138409787086168
2,14,40,81,48,48,2066,0,28219183.8664105,2620062767.978549,18317908107.179073,1.0,1.0,1.0,34.39008128571429,6.307142857142857e-05,5.0,4.673487012987013,4.673487012987015,0.09805194805194806,0.09805194805194806,0.09805194805194806,0.8597520321428572,1.1067892104870134
2,14,50,82,48,59,3406,0,27846498.502982713,4363045223.860283,21740207799.15373,1.0,1.0,1.0,40.95267957142857,0.0002077142857142857,5.0,4.723193056943056,4.723193056943056,0.08312520812520814,0.08312520812520814,0.08312520812520814,0.8190535914285713,1.3110090943862809
2,14,60,89,48,56,2657,0,30847082.583882995,3755942562.404061,23845802516.074238,1.0,1.0,1.0,48.041148857142844,5.6428571428571415e-05,5.0,4.771832123233908,4.771832123233908,0.06851888191173905,0.06851888191173905,0.06851888191173905,0.8006858142857143,1.4198391107727202
2,14,70,89,48,62,2906,0,50867712.6863435,5311279382.01257,29983302423.485905,1.0,1.0,1.0,55.21055207142857,0.0003024999999999999,5.0,4.814054754317995,4.814054754317995,0.05583941311771918,0.05583941311771918,0.05583941311771918,0.7887221724489795,1.4955709216470672
2,14,80,91,48,54,2218,0,29133903.629092008,5513003143.321396,32081542077.15617,1.0,1.0,1.0,64.0670655,0.0001485,5.0,4.8318965491386905,4.8318965491386905,0.0504815167751681,0.0504815167751681,0.0504815167751681,0.8008383187500001,1.4548441273414388
2,14,90,86,48,66,2595,0,69797554.32456042,9754748602.260433,49366236120.39769,1.0,1.0,1.0,67.58079435714286,7.05e-05,5.0,4.865720199208006,4.865720199208006,0.0403242645021004,0.0403242645021004,0.0403242645021004,0.7508977150793651,1.6902284704190313
2,15,30,78,48,44,1614,0,10325669.868653666,2204017577.5398,14977519558.010342,1.0,1.0,1.0,25.588911999999997,0.0001832,5.0,4.589380086580088,4.589380086580088,0.1233092833092833,0.1233092833092833,0.1233092833092833,0.8529637333333334,1.0849729293314094
2,15,40,96,48,55,2533,0,14277191.441734932,2735274343.5920334,15720787914.511848,1.0,1.0,1.0,33.18825066666667,6.073333333333333e-05,5.0,4.653505411255412,4.653505411255412,0.10405242905242904,0.10405242905242904,0.10405242905242904,0.8297062666666668,1.2240010943241946
2,15,50,92,48,63,2940,0,13115462.817396734,2819507011.314066,20938034572.56413,1.0,1.0,1.0,40.746795,8.34e-05,5.0,4.7238010989011,4.7238010989011,0.08294261294261293,0.08294261294261293,0.08294261294261293,0.8149359,1.3296147267277176
2,15,60,93,48,66,3353,0,17889724.9763176,4608497152.365191,25316710834.887436,1.0,1.0,1.0,48.76143633333333,6.586666666666666e-05,5.0,4.7581213016086075,4.7581213016086075,0.07263624576318074,0.07263624576318074,0.07263624576318074,0.8126906055555557,1.3599473141638463
2,15,70,87,48,54,2760,0,29471096.76862159,5096443852.528011,28558796434.353016,1.0,1.0,1.0,57.06680253333334,6.793333333333334e-05,5.0,4.799288689483891,4.799288689483891,0.06027366682165444,0.06027366682165444,0.06027366682165444,0.8152400361904762,1.3736886710711322
2,15,80,92,48,58,2379,0,25038678.825086262,4799638455.00993,29226013739.46507,1.0,1.0,1.0,65.22865013333333,0.0001182,5.0,4.8165287982657174,4.8165287982657174,0.05509645697726193,0.05509645697726193,0.05509645697726193,0.8153581266666667,1.3833139778357872
2,15,90,89,48,57,2662,0,36270652.092386134,5412454765.352125,32825025280.899204,1.0,1.0,1.0,73.23959020000002,0.00011393333333333333,5.0,4.832940236956026,4.832940236956026,0.05016809701020228,0.05016809701020228,0.05016809701020228,0.8137732244444444,1.3999991956321611
3,1,30,21,36,14,660,0,584567937.746599,30105811403.86324,181437563937.74957,1.0,1.0,1.0,0.0,5.6e-05,5.0,4.926,4.925999999999999,0.022222222222222223,0.022222222222222223,0.022222222222222223,0.0,4.955336977777777
3,1,40,22,37,15,759,0,518510064.440623,39769011445.805145,245977760757.58813,1.0,1.0,1.0,0.0,5.6e-05,5.0,4.943559322033899,4.943559322033898,0.01694915254237288,0.01694915254237288,0.01694915254237288,0.0,4.965877844067796
3,1,50,23,38,16,829,0,692849021.084654,48496524425.73491,319960743093.8176,1.0,1.0,1.0,0.0,5.7e-05,5.0,4.955,4.955,0.013513513513513514,0.013513513513513514,0.013513513513513514,0.0,4.9727413864864864
3,1,60,24,39,17,583,0,515248284.203672,39694373673.68673,290262276373.9848,1.0,1.0,1.0,0.0,5.9e-05,5.0,4.963406593406593,4.963406593406594,0.01098901098901099,0.01098901098901099,0.01098901098901099,0.0,4.977779267032967
3,1,70,26,39,17,841,0,1064404362.447412,70862741684.67018,450027091137.49493,1.0,1.0,1.0,0.0,5.6e-05,5.0,4.967352941176471,4.967352941176471,0.00980392156862745,0.00980392156862745,0.00980392156862745,0.0,4.980161160784314
3,1,80,23,40,17,613,0,912400452.1432561,63718269643.368126,420433298085.76874,1.0,1.0,1.0,0.0,5.9e-05,5.0,4.97225,4.97225,0.008333333333333333,0.008333333333333333,0.008333333333333333,0.0,4.983087966666666
3,1,90,24,41,16,647,0,1143446592.221395,73290354814.34534,458516382804.6175,1.0,1.0,1.0,0.0,5.6e-05,5.0,4.975149253731343,4.9751492537313435,0.007462686567164179,0.007462686567164179,0.007462686567164179,0.0,4.984841289552238
3,2,30,31,42,14,499,0,257658266.2663945,20594792395.724144,127805910264.0039,1.0,1.0,1.0,0.0,6.4e-05,5.0,4.9234381606765325,4.9234381606765325,0.02299154334038055,0.02299154334038055,0.02299154334038055,0.0,4.953764704862579
3,2,40,43,42,27,1049,0,457449182.921567,29781374730.49949,181906340837.56232,1.0,1.0,1.0,0.0,5.5e-05,5.0,4.93889393939394,4.938893939393939,0.01835016835016835,0.01835016835016835,0.01835016835016835,0.0,4.963081513468014
3,2,50,47,43,28,1129,0,486526418.69166946,37914504112.19324,255326608176.07236,1.0,1.0,1.0,0.0,5.75e-05,5.0,4.952083850931677,4.952083850931677,0.014389233954451346,0.014389233954451346,0.014389233954451346,0.0,4.970988671325051
3,2,60,46,43,31,1242,0,691679025.4142635,46886214810.81213,299131958943.8301,1.0,1.0,1.0,0.0,5.9e-05,5.0,4.959127259036144,4.959127259036144,0.01227409638554217,0.01227409638554217,0.01227409638554217,0.0,4.975210381325301
3,2,70,41,43,31,1026,0,680005176.0410295,51018570706.23914,309289621061.68335,1.0,1.0,1.0,0.0,5.6500000000000005e-05,5.0,4.966020408163265,4.966020408163265,0.01020408163265306,0.01020408163265306,0.01020408163265306,0.0,4.979359090816326
3,2,80,46,43,31,1327,0,766414345.855892,64045425189.205574,414111263453.68933,1.0,1.0,1.0,0.0,5.6e-05,5.0,4.969302888700085,4.969302888700085,0.009218351741716226,0.009218351741716226,0.009218351741716226,0.0,4.981331714868309
3,2,90,48,44,31,1130,0,847687598.175947,66050985063.48447,450691074491.7236,1.0,1.0,1.0,0.0,5.9e-05,5.0,4.973035995279307,4.973035995279308,0.008097298714922634,0.008097298714922634,0.008097298714922634,0.0,4.983559799868869
3,3,30,63,44,42,1704,0,283848310.4321513,21608426671.14647,130677838763.80806,1.0,1.0,1.0,0.0,5.966666666666667e-05,5.0,4.915326923076923,4.915326923076923,0.02542735042735043,0.02542735042735043,0.02542735042735043,0.0,4.94891415982906
3,3,40,52,44,39,1418,0,265294820.71471632,25198876721.129864,154356130430.4761,1.0,1.0,1.0,0.0,5.766666666666667e-05,5.0,4.932475,4.932474999999999,0.02027777777777778,0.02027777777777778,0.02027777777777778,0.0,4.9592167555555555
3,3,50,55,44,41,1621,0,440564154.4463441,37901942047.26873,223644516982.25674,1.0,1.0,1.0,0.04604066666666667,5.666666666666667e-05,5.0,4.945684231069477,4.945684231069476,0.016311041720877786,0.016311041720877786,0.016311041720877786,0.0009208133333333332,4.963191063599965
3,3,60,62,44,41,1715,0,574344138.8639663,44028255522.359474,286124500526.3746,1.0,1.0,1.0,0.0,5.7e-05,5.0,4.954983777937996,4.954983777937996,0.013518385003604902,0.013518385003604902,0.013518385003604902,0.0,4.972731648377795
3,3,70,61,44,40,1499,0,487020113.9472367,42902926840.58899,268837535297.06506,1.0,1.0,1.0,0.099453,5.7333333333333336e-05,5.0,4.959549308344489,4.959549308344489,0.012147354851504784,0.012147354851504784,0.012147354851504784,0.0014207571428571427,4.969361648604223
3,3,80,63,44,43,1608,0,555636392.1648773,58752305480.89834,370245793488.3696,1.0,1.0,1.0,0.035547666666666665,5.566666666666667e-05,5.0,4.9670275480489225,4.9670275480489225,0.009901637222545785,0.009901637222545785,0.009901637222545785,0.00044434583333333334,4.978056573442131
3,3,90,58,44,41,1383,0,711270646.708746,56126008228.97107,363940685804.13214,1.0,1.0,1.0,0.0,5.7e-05,5.0,4.969538735983689,4.969538735983691,0.00914752673162459,0.00914752673162459,0.00914752673162459,0.0,4.981468994063483
3,4,30,39,44,51,2090,0,179752349.7580565,19828468740.16773,109610700891.08383,1.0,1.0,1.0,0.643438,5.725e-05,5.0,4.904818277310924,4.904818277310924,0.028583099906629317,0.028583099906629317,0.028583099906629317,0.021447933333333332,4.850390094953314
3,4,40,63,44,44,1972,0,224559763.72335124,24449751763.13194,136483788824.34035,1.0,1.0,1.0,2.3668695,5.525e-05,5.0,4.917636748120301,4.917636748120301,0.024733709273182955,0.024733709273182955,0.024733709273182955,0.059171737499999995,4.695881268912906
3,4,50,70,45,48,2064,0,256425471.623729,28442758057.59031,183207173423.78662,1.0,1.0,1.0,1.5854455,6e-05,5.0,4.935600188536953,4.935600188536953,0.019339282721635664,0.019339282721635664,0.019339282721635664,0.03170891,4.8247344608394505
3,4,60,70,45,48,1604,0,236657686.446964,30604282667.31545,187739972468.10498,1.0,1.0,1.0,2.0961144999999997,5.6500000000000005e-05,5.0,4.947695858828672,4.947695858828671,0.0157069493006993,0.0157069493006993,0.0157069493006993,0.034935241666666665,4.818137319181235
3,4,70,67,45,49,2329,0,386340244.12238926,42080544596.943405,265339861623.23108,1.0,1.0,1.0,4.194191249999999,5.6500000000000005e-05,5.0,4.95170955882353,4.951709558823529,0.014501633986928103,0.014501633986928103,0.014501633986928103,0.05991701785714286,4.713125106874416
3,4,80,69,45,49,1949,0,422408448.24558604,45620234118.809784,293364380039.8177,1.0,1.0,1.0,2.175322,5.6500000000000005e-05,5.0,4.960090103394876,4.960090103394876,0.011984953935472577,0.011984953935472577,0.011984953935472577,0.027191525,4.85887556958299
3,4,90,66,45,51,2275,0,537872287.8269715,54189225087.23001,343107937520.46716,1.0,1.0,1.0,2.7305497499999998,5.6000000000000006e-05,5.0,4.963434042801364,4.963434042801365,0.010980767927518401,0.010980767927518401,0.010980767927518401,0.030339441666666668,4.847349045746225
3,5,30,80,45,55,2232,0,138386366.0708136,14280335238.360401,81678358489.51987,1.0,1.0,1.0,4.7064942,5.8399999999999997e-05,5.0,4.877092234432235,4.877092234432235,0.0369092389092389,0.0369092389092389,0.0369092389092389,0.15688314,4.2513698094204315
3,5,40,66,45,52,2149,0,151445010.1147776,16309745475.488733,94495842683.36168,1.0,1.0,1.0,7.2711062,5.599999999999999e-05,5.0,4.903421057135008,4.903421057135008,0.02900268554504255,0.02900268554504255,0.02900268554504255,0.181777655,4.16013891509546
3,5,50,73,45,47,1658,0,179935529.9631342,21316152272.717297,133526979215.70915,1.0,1.0,1.0,6.8345842,4.9e-05,5.0,4.92645813503267,4.92645813503267,0.022084644134333576,0.022084644134333576,0.022084644134333576,0.136691684,4.367867855175468
3,5,60,73,45,49,1548,0,191997546.33827704,24207373140.07145,137176545568.66797,1.0,1.0,1.0,9.3217002,5.7799999999999995e-05,5.0,4.936245476190476,4.936245476190476,0.019145502645502646,0.019145502645502646,0.019145502645502646,0.15536166999999998,4.29342441921164
3,5,70,73,45,47,1716,0,243764295.3926998,27473573974.182426,162710703297.41605,1.0,1.0,1.0,14.051478800000002,5.72e-05,5.0,4.942293529139556,4.9422935291395556,0.01732927052866197,0.01732927052866197,0.01732927052866197,0.20073541142857146,4.101950559070348
3,5,80,76,45,53,1982,0,300144731.94443184,34616116030.87544,220579243503.55264,1.0,1.0,1.0,9.610136200000001,5.6800000000000005e-05,5.0,4.953834983005459,4.953834983005459,0.013863368466829173,0.013863368466829173,0.013863368466829173,0.12012670250000002,4.455498065684808
3,5,90,73,45,51,2118,0,334486307.03707755,39616879156.22511,260667408933.85294,1.0,1.0,1.0,14.983464399999999,5.7600000000000004e-05,5.0,4.956466677918732,4.956466677918732,0.01307306969407426,0.01307306969407426,0.01307306969407426,0.16648293777777778,4.257742621237101
3,6,30,86,45,49,2167,0,78302780.40546167,10182267410.204708,66937485724.44689,1.0,1.0,1.0,8.281317833333334,7.116666666666666e-05,5.0,4.85820054945055,4.85820054945055,0.04258241758241758,0.04258241758241758,0.04258241758241758,0.2760439277777778,3.7275828411416363
3,6,40,75,45,50,1876,0,93076229.575175,14015221292.512838,93128302374.80988,1.0,1.0,1.0,10.578307833333334,6.866666666666666e-05,5.0,4.895518175708699,4.895518175708701,0.03137592321060063,0.03137592321060063,0.03137592321060063,0.26445769583333334,3.7998161707520093
3,6,50,61,45,47,1869,0,146279335.2191495,16795187636.920053,96405694745.99268,1.0,1.0,1.0,16.951204833333332,6.783333333333333e-05,5.0,4.905346931706064,4.905346931706064,0.028424344833013565,0.028424344833013565,0.028424344833013565,0.33902409666666666,3.485084435678806
3,6,60,80,45,54,1905,0,178531032.28120866,20894822889.40568,134880159712.77641,1.0,1.0,1.0,15.232552,6.183333333333334e-05,5.0,4.929201901034492,4.929201901034492,0.021260690380032286,0.021260690380032286,0.021260690380032286,0.2538758666666666,3.8655677699303155
3,6,70,68,45,48,1575,0,165647077.13196367,20142545805.645916,120328837242.66321,1.0,1.0,1.0,22.809580166666667,6.500000000000001e-05,5.0,4.932352139721136,4.932352139721136,0.020314672756415412,0.020314672756415412,0.020314672756415412,0.3258511452380953,3.5579515446361163
3,6,80,72,45,42,1676,0,246989905.97349414,25640268707.492466,151632621607.58395,1.0,1.0,1.0,29.684744833333337,6.3e-05,5.0,4.936411715292177,4.936411715292177,0.019095580993340095,0.019095580993340095,0.019095580993340095,0.3710593104166666,3.3660019988026466
3,6,90,75,45,48,1991,0,249396161.00389984,32838018659.54463,217407832706.25937,1.0,1.0,1.0,25.956432000000003,5.816666666666667e-05,5.0,4.949591315262178,4.949591315262178,0.01513774316451129,0.01513774316451129,0.01513774316451129,0.28840479999999996,3.7293488947474756
3,7,30,70,45,46,2098,0,89931369.33205815,8409139245.222931,49645398488.280785,1.0,1.0,1.0,12.414753285714285,6.442857142857143e-05,5.0,4.825087470571753,4.825087470571753,0.05252628511358777,0.05252628511358777,0.05252628511358777,0.4138251095238096,3.1152749422484143
3,7,40,74,45,50,2182,0,117522735.29298115,12920703781.286146,77221772773.49954,1.0,1.0,1.0,14.291948857142858,5.657142857142857e-05,5.0,4.873993870059541,4.873993870059542,0.037839678660798404,0.037839678660798404,0.037839678660798404,0.3572987214285714,3.38773072307135
3,7,50,66,45,53,2035,0,116392147.83822857,14047167550.811232,81459371072.35237,1.0,1.0,1.0,20.762190714285712,6.685714285714285e-05,5.0,4.892821676265788,4.892821676265789,0.03218568280306678,0.03218568280306678,0.03218568280306678,0.4152438142857143,3.149824932933812
3,7,60,73,45,50,1768,0,121649005.40756543,16032140945.563034,102175158588.33353,1.0,1.0,1.0,22.506825428571428,6.285714285714286e-05,5.0,4.915348693437202,4.915348693437203,0.025420812781621206,0.025420812781621206,0.025420812781621206,0.3751137571428571,3.335924353820967
3,7,70,78,45,53,2133,0,157083019.58570972,20909140523.2685,126551682494.52612,1.0,1.0,1.0,26.971949857142857,6.071428571428572e-05,5.0,4.925872267244588,4.925872267244588,0.022260580407030262,0.022260580407030262,0.022260580407030262,0.38531356938775513,3.298391679970428
3,7,80,77,45,51,2340,0,227009715.14343643,25730170549.281864,159459197198.36533,1.0,1.0,1.0,31.074166285714284,5.6999999999999996e-05,5.0,4.9339315796332155,4.9339315796332155,0.019840366476511766,0.019840366476511766,0.019840366476511766,0.38842707857142855,3.2898575695563097
3,7,90,73,45,51,2203,0,219746018.72829288,28278817256.61327,170765095584.69443,1.0,1.0,1.0,36.590806,8.157142857142856e-05,5.0,4.939917038728349,4.939917038728348,0.01804293131280813,0.01804293131280813,0.01804293131280813,0.40656451111111114,3.2153540253850617
3,8,30,54,45,49,2058,0,88025563.85607627,7975085246.805032,46818076594.98099,1.0,1.0,1.0,14.238629374999999,7.1625e-05,5.0,4.815500393907564,4.815500393907564,0.055405287114845936,0.055405287114845936,0.055405287114845936,0.4746209791666667,2.848066633140756
3,8,40,78,45,47,2181,0,71855340.3087835,10121521776.549389,59197502266.73449,1.0,1.0,1.0,18.597913749999996,0.00025875,5.0,4.851933314951376,4.851933314951376,0.04446446998457177,0.04446446998457177,0.04446446998457177,0.46494784375000003,2.9107271713758407
3,8,50,78,45,57,2400,0,107914158.6720275,11681769909.293125,76869687066.74991,1.0,1.0,1.0,23.965681125000003,7.512500000000001e-05,5.0,4.882670322845489,4.88267032284549,0.035234137283636724,0.035234137283636724,0.035234137283636724,0.47931362250000004,2.8681953453200095
3,8,60,68,45,49,1885,0,101786670.91980463,13190445909.883177,85924557280.17427,1.0,1.0,1.0,29.089065875,5.5875e-05,5.0,4.8999927962662335,4.899992796266234,0.03003219331344331,0.03003219331344331,0.03003219331344331,0.4848177645833333,2.8550089953580935
3,8,70,82,45,50,2004,0,141773078.18610635,18268772210.979553,112904453758.97807,1.0,1.0,1.0,30.841704125,6.275e-05,5.0,4.9184143496688435,4.9184143496688435,0.024500195294641442,0.024500195294641442,0.024500195294641442,0.4405957732142857,3.0561924597845835
3,8,80,80,45,50,2164,0,144117465.203964,19310507466.678337,129638574152.92368,1.0,1.0,1.0,38.271504375,8.225e-05,5.0,4.9230016925876665,4.9230016925876665,0.023122614838538558,0.023122614838538558,0.023122614838538558,0.4783938046875,2.8963308577815114
3,8,90,83,45,54,1969,0,165161165.90881574,21906780852.072037,136002623065.22035,1.0,1.0,1.0,38.90164225,5.9749999999999995e-05,5.0,4.9368445509557635,4.936844550955763,0.018965600313584637,0.018965600313584637,0.018965600313584637,0.43224046944444444,3.103196821362033
3,9,30,84,45,31,1134,0,47220544.40817411,5106682578.349639,38525509438.403465,1.0,1.0,1.0,15.535340222222223,5.477777777777777e-05,5.0,4.792335022605533,4.792335022605533,0.06236185507341338,0.06236185507341338,0.06236185507341338,0.5178446740740741,2.648371008745284
3,9,40,86,45,55,2621,0,103787938.317715,9748547472.204386,54543078748.07676,1.0,1.0,1.0,20.58967144444445,0.00015977777777777778,5.0,4.84493934200213,4.84493934200213,0.046564762161522597,0.046564762161522597,0.046564762161522597,0.5147417861111111,2.6928403157168948
3,9,50,81,45,52,2137,0,108306886.30172545,12003648109.348186,67025431074.35217,1.0,1.0,1.0,27.11358988888889,6.322222222222222e-05,5.0,4.869234126099343,4.869234126099343,0.039269031201398345,0.039269031201398345,0.039269031201398345,0.5422717977777778,2.5894606206284045
3,9,60,80,45,58,2278,0,68674944.66677567,13675473168.172281,85735859228.84848,1.0,1.0,1.0,28.730621222222226,6.144444444444444e-05,5.0,4.898208092903301,4.898208092903301,0.030568140269278787,0.030568140269278787,0.030568140269278787,0.4788436870370371,2.8796022222313415
3,9,70,77,45,49,1935,0,119944616.82743245,13297829443.450832,89106153902.49864,1.0,1.0,1.0,37.106553222222225,6.31111111111111e-05,5.0,4.904185023471204,4.904185023471204,0.028773266224863696,0.028773266224863696,0.028773266224863696,0.5300936174603175,2.6628083079593545
3,9,80,81,45,50,1941,0,129196962.51956391,17874316035.141014,108487529734.65144,1.0,1.0,1.0,40.18440255555556,5.955555555555556e-05,5.0,4.919906123911081,4.919906123911081,0.024052215041717454,0.024052215041717454,0.024052215041717454,0.5023050319444444,2.7917518958816063
3,9,90,75,45,55,2268,0,162361123.39526933,19771429757.9072,125261347560.41487,1.0,1.0,1.0,47.34768155555556,5.777777777777778e-05,5.0,4.925775230890792,4.925775230890792,0.022289720453215624,0.022289720453215624,0.022289720453215624,0.5260853506172839,2.6930273967152565
3,10,30,83,45,38,1827,0,58118515.25301,5984318591.716953,36145905264.764725,1.0,1.0,1.0,18.009994,0.00021360000000000004,5.0,4.765806682288299,4.765806682288299,0.07032832363714717,0.07032832363714717,0.07032832363714717,0.6003331333333334,2.27706272771601
3,10,40,75,45,52,2633,0,66694101.867825106,8120158318.884944,44434162230.7466,1.0,1.0,1.0,22.9783855,5.97e-05,5.0,4.825412414559125,4.825412414559125,0.052428704336599075,0.052428704336599075,0.052428704336599075,0.5744596375,2.4247618687811383
3,10,50,85,45,59,2386,0,96498436.5974004,10497492734.488316,59772171113.44517,1.0,1.0,1.0,27.978921300000003,6.139999999999999e-05,5.0,4.860949028794794,4.860949028794794,0.04175704840997195,0.04175704840997195,0.04175704840997195,0.5595784260000001,2.510076408428466
3,10,60,80,45,55,2393,0,108697364.0452342,11902530178.19372,68466511462.66811,1.0,1.0,1.0,35.784874,5.659999999999999e-05,5.0,4.8763422639373974,4.8763422639373974,0.03713445527405483,0.03713445527405483,0.03713445527405483,0.5964145666666666,2.3609422072404973
3,10,70,72,45,52,1943,0,123273028.3969495,13552997103.974361,79883497884.02924,1.0,1.0,1.0,38.955943000000005,0.0002227,5.0,4.8978318048630936,4.8978318048630936,0.03068113968075269,0.03068113968075269,0.03068113968075269,0.5565134714285714,2.544702864635318
3,10,80,77,45,48,2008,0,124481058.4858727,15287881290.2273,87299191954.8721,1.0,1.0,1.0,47.463180699999995,5.7600000000000004e-05,5.0,4.905365471988687,4.905365471988687,0.02841877718057435,0.02841877718057435,0.02841877718057435,0.5932897587499999,2.391797221791032
3,10,90,77,45,51,2148,0,155341669.5278489,17313501751.7956,107760361350.25847,1.0,1.0,1.0,51.546817499999996,8.89e-05,5.0,4.9171377173899575,4.917137717389959,0.024883568351363815,0.024883568351363815,0.024883568351363815,0.5727424166666666,2.487083085198957
3,11,30,65,45,54,3056,0,34339107.13359291,5093851914.652754,29581004007.543762,1.0,1.0,1.0,19.624211545454543,0.00023281818181818185,5.0,4.737683283962028,4.737683283962028,0.07877378859999179,0.07877378859999179,0.07877378859999179,0.6541403848484849,2.028726423558314
3,11,40,80,45,48,2590,0,49465493.63432145,5964449617.1535635,36801441756.28845,1.0,1.0,1.0,26.83716290909091,6.49090909090909e-05,5.0,4.7879036049090224,4.7879036049090224,0.06369261113843155,0.06369261113843155,0.06369261113843155,0.6709290727272726,1.9874043485160937
3,11,50,79,45,52,2443,0,92789969.86672954,9341992728.828411,50804381191.11553,1.0,1.0,1.0,31.179509272727273,6.645454545454545e-05,5.0,4.842039951747857,4.842039951747857,0.047435449925568494,0.047435449925568494,0.047435449925568494,0.6235901854545455,2.223452983598788
3,11,60,83,45,50,1997,0,94339243.88409156,10603101040.196907,59220925491.7144,1.0,1.0,1.0,35.741650363636374,5.918181818181817e-05,5.0,4.871625357658896,4.871625357658896,0.038550943645976776,0.038550943645976776,0.038550943645976776,0.5956941727272725,2.3611972391062377
3,11,70,82,45,55,2085,0,78874115.7663201,12214097397.218529,69916958545.12585,1.0,1.0,1.0,41.85285109090909,5.3909090909090905e-05,5.0,4.890878482398154,4.890878482398154,0.03276922450505844,0.03276922450505844,0.03276922450505844,0.5978978727272728,2.3633016583962063
3,11,80,80,45,51,1916,0,106863558.61041099,11994731865.051485,75630269989.73238,1.0,1.0,1.0,48.83965236363636,0.00024181818181818183,5.0,4.898679726462009,4.898679726462009,0.030426508569967134,0.030426508569967134,0.030426508569967134,0.6104956545454545,2.313006276641363
3,11,90,86,45,56,2259,0,138613266.0867645,16192742390.88355,105627498085.7018,1.0,1.0,1.0,51.8516780909091,6.0454545454545444e-05,5.0,4.917284928781377,4.9172849287813785,0.02483936072631335,0.02483936072631335,0.02483936072631335,0.5761297565656567,2.4727282101303216
3,12,30,54,45,62,3330,0,51166397.44580942,4578048744.695412,35602793699.56454,1.0,1.0,1.0,18.814072499999998,5.8416666666666666e-05,5.0,4.756323489010988,4.756323489010988,0.07317612942612942,0.07317612942612942,0.07317612942612942,0.62713575,2.156786000610501
3,12,40,86,45,50,2333,0,41575754.12466767,5766644978.400807,36151235462.067924,1.0,1.0,1.0,26.747857250000006,0.00013341666666666667,5.0,4.78437037701076,4.78437037701076,0.06475364053730925,0.06475364053730925,0.06475364053730925,0.66869643125,1.9945891265242526
3,12,50,68,45,53,2144,0,50613617.74803901,6900824788.279408,41237010357.35331,1.0,1.0,1.0,33.321029249999995,0.0002081666666666667,5.0,4.824874793099059,4.824874793099059,0.05259015222250516,0.05259015222250516,0.05259015222250516,0.666420585,2.028368653540546
3,12,60,67,45,52,1910,0,98020620.0314324,9179917025.312944,56931581815.475136,1.0,1.0,1.0,38.683316999999995,0.00011841666666666667,5.0,4.862318314354728,4.862318314354728,0.041345851545126905,0.041345851545126905,0.041345851545126905,0.64472195,2.144536066094625
3,12,70,80,45,53,2278,0,89839390.43166168,11282780311.225496,64158297106.71844,1.0,1.0,1.0,45.92760341666666,6.066666666666666e-05,5.0,4.877085589049233,4.877085589049234,0.036911234519749696,0.036911234519749696,0.036911234519749696,0.6561086202380951,2.1046865085045443
3,12,80,80,45,54,2384,0,95413185.13234957,13349187284.330816,82579619730.5856,1.0,1.0,1.0,50.17423975,5.641666666666667e-05,5.0,4.896570898893847,4.896570898893848,0.031059790121967624,0.031059790121967624,0.031059790121967624,0.6271779968750001,2.24080350131702
3,12,90,85,45,56,2147,0,96350154.90239193,14144066701.729303,86434822162.10994,1.0,1.0,1.0,54.71940600000001,0.00019366666666666675,5.0,4.911116432579557,4.911116432579557,0.026691761988121388,0.026691761988121388,0.026691761988121388,0.6079933999999999,2.3314387811190787
3,13,30,60,45,65,3329,0,48231938.13694915,4344676177.712315,27593712667.670986,1.0,1.0,1.0,20.863601076923075,5.584615384615386e-05,5.0,4.711627180511796,4.711627180511796,0.08659844429075199,0.08659844429075199,0.08659844429075199,0.6954533692307693,1.836200083708941
3,13,40,83,45,55,2764,0,38314492.828948155,4766181021.929417,36900283888.32823,1.0,1.0,1.0,27.060828230769232,6.223076923076922e-05,5.0,4.77059246522708,4.77059246522708,0.06889115158345928,0.06889115158345928,0.06889115158345928,0.6765207057692307,1.9529799608692804
3,13,50,84,45,57,2675,0,63871347.93172677,7478953482.2825575,40637502525.51488,1.0,1.0,1.0,33.18308284615385,0.00018884615384615386,5.0,4.825770262245495,4.825770262245495,0.05232124256892058,0.05232124256892058,0.05232124256892058,0.6636616569230769,2.0408526728739584
3,13,60,80,45,54,2515,0,104147630.5956473,7901776818.471613,46996080995.45227,1.0,1.0,1.0,41.52422823076923,6.753846153846155e-05,5.0,4.83972061659275,4.83972061659275,0.04813194696914423,0.04813194696914423,0.04813194696914423,0.6920704705128204,1.9275907994189372
3,13,70,86,45,55,2362,0,108442710.85868853,10692808816.964691,64349548128.22829,1.0,1.0,1.0,45.758659384615385,6.292307692307691e-05,5.0,4.874408180144489,4.87440818014449,0.03771526121787096,0.03771526121787096,0.03771526121787096,0.6536951340659342,2.11344754711119
3,13,80,83,45,50,2008,0,72170467.55746862,10711297094.856564,62397541555.8476,1.0,1.0,1.0,54.275643461538465,0.00018876923076923077,5.0,4.881588236433489,4.88158823643349,0.03555908815811122,0.03555908815811122,0.03555908815811122,0.6784455432692307,2.0107898390219354
3,13,90,76,45,53,2164,0,107382216.54976593,12580878451.4665,70712041858.08571,1.0,1.0,1.0,60.644609153846154,6.207692307692306e-05,5.0,4.895386749084156,4.895386749084158,0.031415390665418354,0.031415390665418354,0.031415390665418354,0.6738289905982906,2.039469043717949
3,14,30,79,45,38,1504,0,36539556.63455657,4005539982.4858856,24894843251.262688,1.0,1.0,1.0,21.400034214285714,9.107142857142857e-05,5.0,4.698145318966747,4.6981453189667475,0.09064705136133708,0.09064705136133708,0.09064705136133708,0.7133344738095239,1.7510666998048783
3,14,40,89,45,54,2929,0,39796461.81783807,4801986981.786215,31770455585.61326,1.0,1.0,1.0,28.444479357142853,0.000122,5.0,4.765841276895373,4.765841276895373,0.07031793486625418,0.07031793486625418,0.07031793486625418,0.7111119839285714,1.801128317309501
3,14,50,85,45,55,2742,0,52449997.03812551,6384297977.638075,40690590236.0307,1.0,1.0,1.0,34.02960457142857,6.321428571428572e-05,5.0,4.81853367731532,4.81853367731532,0.0544943911966007,0.0544943911966007,0.0544943911966007,0.6805920914285715,1.964247897426567
3,14,60,72,45,58,2518,0,68651339.48387294,7667029969.823135,46257100833.53627,1.0,1.0,1.0,41.45467964285715,7.035714285714284e-05,5.0,4.839356678921189,4.839356678921189,0.04824123756120468,0.04824123756120468,0.04824123756120468,0.6909113273809524,1.932344522662771
3,14,70,82,45,60,2387,0,111199767.55084805,9024741961.853252,56300290087.0286,1.0,1.0,1.0,47.453629000000014,6.57142857142857e-05,5.0,4.865975328727307,4.865975328727307,0.04024764903083884,0.04024764903083884,0.04024764903083884,0.6779089857142856,2.004253739587353
3,14,80,85,45,57,2390,0,80880192.98445635,10841286250.088095,66728992341.980286,1.0,1.0,1.0,53.914109785714295,0.00021285714285714286,5.0,4.884138416813204,4.884138416813205,0.03479326822426298,0.03479326822426298,0.03479326822426298,0.6739263723214285,2.0316495701232697
3,14,90,84,45,55,2055,0,82097170.05101465,10731190461.369785,66903064203.42803,1.0,1.0,1.0,61.698784499999995,0.0001137142857142857,5.0,4.894861092509356,4.894861092509357,0.03157324549268563,0.03157324549268563,0.03157324549268563,0.6855420500000001,1.9885652958315503
3,15,30,74,45,31,1105,0,34223876.996892534,4119521981.987656,22413137743.583942,1.0,1.0,1.0,21.8358428,5.933333333333333e-05,5.0,4.682845745920746,4.682845745920746,0.09524151774151773,0.09524151774151773,0.09524151774151773,0.7278614266666668,1.679552938034707
3,15,40,73,45,47,2638,0,49689165.22869786,5298842812.766245,26492676868.49723,1.0,1.0,1.0,31.508107133333333,0.0001718666666666667,5.0,4.7319886290180415,4.7319886290180415,0.08048389518977754,0.08048389518977754,0.08048389518977754,0.7877026783333334,1.451252150015635
3,15,50,80,45,52,2514,0,42496464.5919642,5605351829.591575,34150727747.911995,1.0,1.0,1.0,36.7755476,0.00028753333333333335,5.0,4.797409453781512,4.797409453781512,0.06083800186741364,0.06083800186741364,0.06083800186741364,0.735510952,1.714451347333707
3,15,60,82,45,54,2435,0,70499420.5617618,7096478139.4466505,41726805674.43822,1.0,1.0,1.0,43.382248466666674,0.00015900000000000002,5.0,4.82337257546039,4.82337257546039,0.05304126863051349,0.05304126863051349,0.05304126863051349,0.7230374744444444,1.7842256638964926
3,15,70,85,45,56,2471,0,84294733.1902598,9019594994.589651,51715083197.60137,1.0,1.0,1.0,48.86592406666667,0.0002155333333333333,5.0,4.855808717078357,4.855808717078357,0.04330068556205487,0.04330068556205487,0.04330068556205487,0.6980846295238095,1.910751229275738
3,15,80,88,45,59,2446,0,75967691.2313122,9554632670.645384,58838753375.83725,1.0,1.0,1.0,55.73393519999999,7.173333333333333e-05,5.0,4.874749208116177,4.874749208116179,0.03761285041556196,0.03761285041556196,0.03761285041556196,0.6966741900000001,1.9288044416859582
3,15,90,83,45,58,2227,0,59243901.70301367,9974865495.62614,64486422039.21188,1.0,1.0,1.0,62.989915799999984,0.00020366666666666667,5.0,4.889335100355706,4.889335100355707,0.033232702595883915,0.033232702595883915,0.033232702595883915,0.6998879533333332,1.9231738615108278
4,1,30,14,37,9,279,0,343266077.712646,19528094549.84108,123608748640.88177,1.0,1.0,1.0,0.0,6.3e-05,5.0,4.929148936170212,4.929148936170212,0.02127659574468085,0.02127659574468085,0.02127659574468085,0.0,4.9571971851063825
4,1,40,17,37,12,331,0,537783400.417395,28648320924.37379,196508758394.3522,1.0,1.0,1.0,0.0,5.5e-05,5.0,4.949545454545455,4.949545454545454,0.015151515151515152,0.015151515151515152,0.015151515151515152,0.0,4.969475621212121
4,1,50,16,38,12,638,0,953855393.296455,53150335101.05331,337411923119.9857,1.0,1.0,1.0,0.0,5.8e-05,5.0,4.956753246753247,4.956753246753246,0.012987012987012988,0.012987012987012988,0.012987012987012988,0.0,4.97378956103896
4,1,60,19,38,12,409,0,682936209.564607,44271448538.18854,307309465007.0836,1.0,1.0,1.0,0.0,5.9e-05,5.0,4.964193548387097,4.964193548387097,0.010752688172043012,0.010752688172043012,0.010752688172043012,0.0,4.978251676344087
4,1,70,18,39,12,403,0,1115992842.346534,57466995983.44412,359616811046.85,1.0,1.0,1.0,0.0,5.8e-05,5.0,4.969166666666666,4.969166666666667,0.009259259259259259,0.009259259259259259,0.009259259259259259,0.0,4.98124134074074
4,1,80,18,39,12,460,0,1065894052.241233,69644728373.24643,446734206025.71454,1.0,1.0,1.0,0.0,5.9e-05,5.0,4.972926829268292,4.972926829268293,0.008130081300813009,0.008130081300813009,0.008130081300813009,0.0,4.983494267479675
4,1,90,19,40,11,598,0,1552053567.947874,95519504909.64568,578774708828.5815,1.0,1.0,1.0,0.0,5.9e-05,5.0,4.974772727272727,4.974772727272727,0.007575757575757576,0.007575757575757576,0.007575757575757576,0.0,4.984602360606059
4,2,30,26,40,17,575,0,283851922.4420015,21070312262.565277,124495212123.80963,1.0,1.0,1.0,0.0,5.85e-05,5.0,4.926804347826087,4.926804347826087,0.021980676328502417,0.021980676328502417,0.021980676328502417,0.0,4.955809078019323
4,2,40,33,40,21,599,0,379058035.396816,27083468223.47738,182824789705.45935,1.0,1.0,1.0,0.0,5.85e-05,5.0,4.94402966101695,4.944029661016948,0.016807909604519774,0.016807909604519774,0.016807909604519774,0.0,4.966149438700565
4,2,50,37,41,24,944,0,635147112.173033,43166472004.35961,274361588628.6664,1.0,1.0,1.0,0.0,5.85e-05,5.0,4.954066780821918,4.954066780821917,0.013793759512937594,0.013793759512937594,0.013793759512937594,0.0,4.972174724733637
4,2,60,35,41,24,988,0,855985896.1329551,53467507534.58838,361513915140.49475,1.0,1.0,1.0,0.0,5.8e-05,5.0,4.962371680286006,4.962371680286006,0.01129979570990807,0.01129979570990807,0.01129979570990807,0.0,4.977162308375894
4,2,70,34,41,23,931,0,817742967.0106745,58478922920.47043,375127465590.9712,1.0,1.0,1.0,0.0,5.7e-05,5.0,4.965845255628024,4.965845255628024,0.010256679991584262,0.010256679991584262,0.010256679991584262,0.0,4.979251796696824
4,2,80,32,41,22,749,0,805317935.8510525,57542717165.56084,367089867688.9281,1.0,1.0,1.0,0.0,6.05e-05,5.0,4.969997564935065,4.969997564935065,0.00900974025974026,0.00900974025974026,0.00900974025974026,0.0,4.981729379220779
4,2,90,34,42,24,875,0,949304088.8996456,71992741138.50905,459299073058.7919,1.0,1.0,1.0,0.0,5.9499999999999996e-05,5.0,4.973675478065241,4.973675478065243,0.007905261842269716,0.007905261842269716,0.007905261842269716,0.0,4.983941531577302
4,3,30,49,42,28,1275,0,319542861.8545533,25961243007.197407,157428287437.75375,1.0,1.0,1.0,0.0,5.666666666666667e-05,5.0,4.915326923076923,4.915326923076923,0.02542735042735043,0.02542735042735043,0.02542735042735043,0.0,4.94892705982906
4,3,40,45,42,32,891,0,381059599.9504636,27668727722.32408,161309938408.9375,1.0,1.0,1.0,0.040406000000000004,5.966666666666666e-05,5.0,4.939814935064935,4.939814935064935,0.01807359307359307,0.01807359307359307,0.01807359307359307,0.00101015,4.959270675779219
4,3,50,45,42,33,1162,0,456218806.2717674,34599996359.36164,225933188050.1808,1.0,1.0,1.0,0.0,5.5333333333333334e-05,5.0,4.950291124590949,4.950291124590949,0.01492759021292823,0.01492759021292823,0.01492759021292823,0.0,4.969921813831022
4,3,60,48,42,32,1148,0,581593519.2679143,43772057770.615204,268397207169.28885,1.0,1.0,1.0,0.0,5.566666666666667e-05,5.0,4.9574831497616305,4.9574831497616305,0.012767822894405173,0.012767822894405173,0.012767822894405173,0.0,4.974237755367418
4,3,70,49,42,33,1439,0,662649662.359432,54206349350.75887,351118319411.9482,1.0,1.0,1.0,0.0,5.633333333333334e-05,5.0,4.962442543411645,4.962442543411645,0.011278515491998639,0.011278515491998639,0.011278515491998639,0.0,4.97721201419816
4,3,80,49,42,34,1160,0,742636675.8886126,57982708099.94622,369800772247.4003,1.0,1.0,1.0,0.0,5.766666666666667e-05,5.0,4.969260958205912,4.969260958205912,0.009230943481708007,0.009230943481708007,0.009230943481708007,0.0,4.981299377313399
4,3,90,50,42,33,1305,0,824611960.6138452,69735479676.61261,442926085018.10297,1.0,1.0,1.0,0.0,5.7e-05,5.0,4.971618861364624,4.971618861364624,0.008522864455067846,0.008522864455067846,0.008522864455067846,0.0,4.98271769395432
4,4,30,41,43,22,798,0,189277928.3480665,16056664124.092812,105809990215.2391,1.0,1.0,1.0,0.051888750000000004,6.475e-05,5.0,4.905404411764706,4.905404411764706,0.028407083554142377,0.028407083554142377,0.028407083554142377,0.001729625,4.935498427475269
4,4,40,53,43,40,1766,0,344495028.1101053,27298347199.174168,174042725391.48154,1.0,1.0,1.0,2.20355825,5.75e-05,5.0,4.925435319767442,4.925435319767441,0.022391795865633075,0.022391795865633075,0.022391795865633075,0.05508895625,4.718109038189599
4,4,50,60,43,37,1570,0,382360980.9686408,35696980867.6003,213404248310.52625,1.0,1.0,1.0,0.0,5.6e-05,5.0,4.942561025408349,4.942561025408348,0.017248941318814277,0.017248941318814277,0.017248941318814277,0.0,4.96527856630369
4,4,60,62,43,41,1765,0,472258111.2443565,44296192644.2281,271711624342.63013,1.0,1.0,1.0,0.19855325,5.75e-05,5.0,4.953242820906979,4.953242820906977,0.01404119492282928,0.01404119492282928,0.01404119492282928,0.003309220833333333,4.957454751765931
4,4,70,59,43,42,2058,0,695997638.9987898,54194110174.84209,332433219435.68933,1.0,1.0,1.0,0.20024124999999998,5.6e-05,5.0,4.958631944444445,4.958631944444444,0.012422839506172838,0.012422839506172838,0.012422839506172838,0.0028605892857142858,4.962625409898588
4,4,80,59,43,39,1550,0,665432552.4151715,54446669428.014854,343361390382.8374,1.0,1.0,1.0,0.0,5.725e-05,5.0,4.964933579834981,4.964933579834981,0.01053045650601178,0.01053045650601178,0.01053045650601178,0.0,4.978703442444482
4,4,90,57,43,40,1779,0,726526238.1528382,68018292558.05448,410301494199.2568,1.0,1.0,1.0,0.38902000000000003,5.6e-05,5.0,4.967817889311021,4.967817889311022,0.009664297504197615,0.009664297504197615,0.009664297504197615,0.004322444444444445,4.961853758177997
4,5,30,58,43,32,1301,0,167073416.58983916,18813807922.764473,109648560440.45761,1.0,1.0,1.0,0.660224,5.96e-05,5.0,4.903607792207792,4.903607792207792,0.028946608946608943,0.028946608946608943,0.028946608946608943,0.02200746666666667,4.847247342049061
4,5,40,72,43,42,1406,0,201425430.56622478,20167121190.765636,116522785732.9218,1.0,1.0,1.0,1.7943241999999997,5.6800000000000005e-05,5.0,4.922087459392564,4.922087459392564,0.023397159341572275,0.023397159341572275,0.023397159341572275,0.044858105,4.760094986976197
4,5,50,68,43,48,1707,0,298937852.8638034,28206252521.31832,165330350379.7222,1.0,1.0,1.0,1.3108647999999998,5.7600000000000004e-05,5.0,4.93830745920746,4.938307459207459,0.018526288526288525,0.018526288526288525,0.018526288526288525,0.026217295999999994,4.849983896435949
4,5,60,68,43,43,1246,0,257301261.9624886,28011706375.47455,167446203957.06122,1.0,1.0,1.0,1.6657522000000005,5.64e-05,5.0,4.947943323007637,4.947943323007637,0.015632635733442184,0.015632635733442184,0.015632635733442184,0.02776253666666667,4.849128933502182
4,5,70,64,43,43,1747,0,348406554.05103934,36207781965.26239,218228696597.4786,1.0,1.0,1.0,7.0997032,5.66e-05,5.0,4.949942779608451,4.949942779608451,0.015032198315780404,0.015032198315780404,0.015032198315780404,0.10142433142857143,4.533582630423897
4,5,80,63,43,43,1461,0,505364003.6477674,41723638415.83926,257788574452.2295,1.0,1.0,1.0,1.943964,5.560000000000001e-05,5.0,4.960578422593019,4.960578422593019,0.011838311533628014,0.011838311533628014,0.011838311533628014,0.02429955,4.871608070244277
4,5,90,65,43,45,1696,0,483148171.89660674,51436339924.66312,327675661415.7492,1.0,1.0,1.0,1.2893634,5.599999999999999e-05,5.0,4.96507830425138,4.96507830425138,0.010486995720306778,0.010486995720306778,0.010486995720306778,0.014326260000000002,4.9171927775551065
4,6,30,45,43,36,1474,0,121754427.47371851,13313911353.922813,81600375778.03873,1.0,1.0,1.0,4.534815166666667,5.7166666666666676e-05,5.0,4.8793134932149895,4.87931349321499,0.03624219422973272,0.03624219422973272,0.03624219422973272,0.15116050555555555,4.277315863179208
4,6,40,68,43,42,1367,0,185552095.21043333,17489054138.94036,111816404433.84471,1.0,1.0,1.0,2.9781521666666664,6.333333333333333e-05,5.0,4.917082792207792,4.917082792207792,0.0249000624000624,0.0249000624000624,0.0249000624000624,0.07445380416666667,4.629801084012275
4,6,50,70,43,42,1510,0,191940751.859177,20668832876.235172,127138817779.52502,1.0,1.0,1.0,7.498306499999999,7.250000000000001e-05,5.0,4.92582887314829,4.92582887314829,0.022273611667180282,0.022273611667180282,0.022273611667180282,0.14996613,4.310308941277307
4,6,60,63,43,39,1555,0,253414290.14143884,26015587766.6832,156719708254.02347,1.0,1.0,1.0,12.416292666666665,8.433333333333333e-05,5.0,4.932764313188202,4.932764313188201,0.020190896940479753,0.020190896940479753,0.020190896940479753,0.2069382111111111,4.06944145590487
4,6,70,66,43,46,1918,0,272320758.27508634,30439390087.260838,199448675456.7388,1.0,1.0,1.0,11.592696666666667,6.3e-05,5.0,4.944819299535324,4.944819299535324,0.01657078092032302,0.01657078092032302,0.01657078092032302,0.16560995238095239,4.254481313702179
4,6,80,65,43,42,1635,0,342295340.785915,36026307135.84289,225945348519.43933,1.0,1.0,1.0,11.455485833333334,5.6000000000000006e-05,5.0,4.9527392938422485,4.952739293842247,0.014192404251577327,0.014192404251577327,0.014192404251577327,0.14319357291666665,4.355656220359431
4,6,90,65,43,46,1544,0,363204272.403115,38267273556.636635,237757101117.43433,1.0,1.0,1.0,10.525021833333332,6.466666666666666e-05,5.0,4.959225762847313,4.959225762847313,0.012244515661467593,0.012244515661467593,0.012244515661467593,0.11694468703703703,4.4723829922668
4,7,30,58,44,38,1505,0,90201040.39446114,10544385248.785967,71392402628.27983,1.0,1.0,1.0,7.020868285714285,5.671428571428571e-05,5.0,4.864778229017359,4.86477822901736,0.04060713843322539,0.04060713843322539,0.04060713843322539,0.23402894285714287,3.912258004557697
4,7,40,76,43,40,1548,0,165691070.97599727,17648234598.75414,100580055428.67801,1.0,1.0,1.0,9.322298000000002,0.00021042857142857145,5.0,4.897516561389951,4.897516561389952,0.030775807390404843,0.030775807390404843,0.030775807390404843,0.23305744999999997,3.9354272831694375
4,7,50,64,43,46,1642,0,187939124.65721816,17432991876.490547,106875657228.1054,1.0,1.0,1.0,12.018709714285714,5.671428571428571e-05,5.0,4.91696817729309,4.91696817729309,0.024934481293366312,0.024934481293366312,0.024934481293366312,0.2403741942857143,3.916303065037418
4,7,60,71,43,47,1834,0,238129252.79936728,22338671087.57006,138659627102.12958,1.0,1.0,1.0,15.055511714285716,0.00032214285714285716,5.0,4.928886114269944,4.928886114269944,0.02135552124025682,0.02135552124025682,0.02135552124025682,0.2509251952380952,3.8769467592312026
4,7,70,70,43,47,1831,0,247729497.1881737,26466153580.189793,164930571643.64508,1.0,1.0,1.0,18.07231657142857,7.557142857142856e-05,5.0,4.937893344189285,4.937893344189284,0.0186506473906054,0.0186506473906054,0.0186506473906054,0.2581759510204082,3.8522358093355678
4,7,80,73,43,50,1629,0,249155569.08571115,27983868340.292065,174595623398.62723,1.0,1.0,1.0,16.84429457142857,6.1e-05,5.0,4.948879044812267,4.948879044812267,0.015351638194514608,0.015351638194514608,0.015351638194514608,0.21055368214285716,4.063668942034879
4,7,90,70,43,48,1829,0,247802726.4699724,31964014211.96404,201975423586.56802,1.0,1.0,1.0,23.653290428571427,5.7714285714285716e-05,5.0,4.951146370011173,4.951146370011173,0.014670759756404389,0.014670759756404389,0.014670759756404389,0.2628143380952381,3.840323326008852
4,8,30,82,43,35,1510,0,101942541.53892338,9628813400.1022,58902095232.10732,1.0,1.0,1.0,10.721422749999999,5.5625e-05,5.0,4.841347723155467,4.841347723155467,0.04764332637973942,0.04764332637973942,0.04764332637973942,0.3573807583333333,3.3677845422335673
4,8,40,72,43,45,1892,0,96138697.218672,14700982543.215866,85366158087.80821,1.0,1.0,1.0,12.512088124999998,0.000295,5.0,4.885660720206517,4.885660720206518,0.03433612005810281,0.03433612005810281,0.03433612005810281,0.312802203125,3.5850441225663525
4,8,50,77,43,46,1996,0,182228886.4130881,18538798563.05251,113417918618.93132,1.0,1.0,1.0,15.632557375000001,9.0125e-05,5.0,4.907763967072931,4.907763967072931,0.02769850838650679,0.02769850838650679,0.02769850838650679,0.3126511475,3.599843209985373
4,8,60,68,43,49,2078,0,192445795.72334003,22713418894.404655,131824494598.5233,1.0,1.0,1.0,19.97416125,5.6500000000000005e-05,5.0,4.921476835916864,4.921476835916863,0.023580529754695576,0.023580529754695576,0.023580529754695576,0.33290268749999996,3.5211380147703633
4,8,70,65,43,45,1668,0,213599638.91842538,21152174186.589493,131177555461.52763,1.0,1.0,1.0,24.009411375000003,9.575000000000001e-05,5.0,4.930654567992574,4.930654567992574,0.020824454056284022,0.020824454056284022,0.020824454056284022,0.3429915910714286,3.4830963497343457
4,8,80,72,43,49,1730,0,226546010.80098736,25417117980.325768,161788308175.2147,1.0,1.0,1.0,24.97712575,5.55e-05,5.0,4.941703762987717,4.941703762987717,0.01750637748116603,0.01750637748116603,0.01750637748116603,0.312214071875,3.6222455923526486
4,8,90,69,43,48,1839,0,281725389.63484,30158914642.52056,183711354850.02783,1.0,1.0,1.0,28.898783375000004,6.3875e-05,5.0,4.946830924863245,4.946830924863244,0.015966689230256785,0.015966689230256785,0.015966689230256785,0.3210975930555556,3.587088275589828
4,9,30,60,43,37,1412,0,61052243.70409511,8062041354.810658,52709471381.847496,1.0,1.0,1.0,12.210608,7.355555555555555e-05,5.0,4.828282970506857,4.828282970506857,0.051566675523466485,0.051566675523466485,0.051566675523466485,0.4070202666666667,3.146414780073035
4,9,40,72,43,51,2019,0,122910554.63377677,12996891304.089386,75900495155.90248,1.0,1.0,1.0,14.32293477777778,5.7e-05,5.0,4.879504479635944,4.879504479635944,0.03618484095016662,0.03618484095016662,0.03618484095016662,0.35807336944444446,3.387705914329506
4,9,50,71,43,50,2128,0,152719037.97702834,15654122186.13058,92411505227.29175,1.0,1.0,1.0,19.81813988888889,6.044444444444444e-05,5.0,4.895830803483795,4.895830803483798,0.031282040995857005,0.031282040995857005,0.031282040995857005,0.3963627977777777,3.232847258493726
4,9,60,75,43,51,1938,0,164510372.9710712,18495055725.58148,113233107660.76952,1.0,1.0,1.0,20.71331411111111,6.488888888888888e-05,5.0,4.918326419038355,4.918326419038355,0.024526600889382844,0.024526600889382844,0.024526600889382844,0.3452219018518518,3.4662381246369396
4,9,70,78,43,53,1879,0,150606037.832659,20902929365.948254,127261134302.50052,1.0,1.0,1.0,25.111525666666665,8.911111111111111e-05,5.0,4.928246125400173,4.928246125400173,0.02154771009003833,0.02154771009003833,0.02154771009003833,0.35873608095238096,3.4139778016569973
4,9,80,72,43,48,2071,0,212913032.67176235,25218403722.819298,155639064627.10138,1.0,1.0,1.0,31.403636444444444,6.211111111111112e-05,5.0,4.934280352882066,4.934280352882066,0.01973562976514538,0.01973562976514538,0.01973562976514538,0.3925454555555555,3.272335939432808
4,9,90,73,43,48,1803,0,216988654.87334955,25696307659.147118,168014675173.09988,1.0,1.0,1.0,32.896230222222215,6.411111111111111e-05,5.0,4.943305150579796,4.943305150579796,0.017025480306367184,0.017025480306367184,0.017025480306367184,0.3655136691358025,3.3939816098058437
4,10,30,84,43,38,1391,0,75478892.252993,7313933919.776138,47773631256.773796,1.0,1.0,1.0,13.120640300000002,7.799999999999999e-05,5.0,4.820792439186201,4.820792439186201,0.053816084328468225,0.053816084328468225,0.053816084328468225,0.4373546766666666,3.011461137760726
4,10,40,80,43,51,2025,0,79408791.81355129,11115986367.623175,66109356989.59515,1.0,1.0,1.0,17.3864843,5.989999999999999e-05,5.0,4.865130941085401,4.865130941085402,0.040501218893272864,0.040501218893272864,0.040501218893272864,0.4346621075,3.049733431182348
4,10,50,68,43,45,1661,0,104742941.66300991,12797668345.24918,72555726744.42757,1.0,1.0,1.0,23.0444879,7.11e-05,5.0,4.883534278450897,4.883534278450897,0.034974691155886625,0.034974691155886625,0.034974691155886625,0.460889758,2.947953902979383
4,10,60,70,43,49,1805,0,119266263.13159136,13313560198.39338,86622004959.31033,1.0,1.0,1.0,27.5844555,6.319999999999998e-05,5.0,4.901945195123504,4.901945195123504,0.029445887350299117,0.029445887350299117,0.029445887350299117,0.459740925,2.963979933686752
4,10,70,63,43,44,1701,0,167764348.49473828,15712047501.618536,95093911211.8768,1.0,1.0,1.0,33.1461838,0.0002436,5.0,4.913055927511303,4.913055927511304,0.026109331077686447,0.026109331077686447,0.026109331077686447,0.4735169114285715,2.9106372480328475
4,10,80,76,43,47,1824,0,173453581.8011462,20053123353.20751,121069811006.42155,1.0,1.0,1.0,36.1313306,5.909999999999999e-05,5.0,4.926998179343538,4.9269981793435385,0.021922468665604187,0.021922468665604187,0.021922468665604187,0.4516416325,3.0138638353874567
4,10,90,74,43,47,1806,0,161630520.5487453,20905564633.59804,131009671507.61267,1.0,1.0,1.0,43.745232200000004,5.66e-05,5.0,4.930322085688866,4.930322085688866,0.020924298591932195,0.020924298591932195,0.020924298591932195,0.48605813555555555,2.867878964225839
4,11,30,68,43,36,1873,0,95899421.7138531,6710039455.2097435,39471586548.73651,1.0,1.0,1.0,16.617049272727275,0.00019863636363636367,5.0,4.777645818577707,4.777645818577707,0.066773027454142,0.066773027454142,0.066773027454142,0.5539016424242424,2.483889519331292
4,11,40,74,43,48,1990,0,89503697.15711564,9101027029.192924,58863181558.96424,1.0,1.0,1.0,19.743728818181822,6.636363636363636e-05,5.0,4.85120638314255,4.85120638314255,0.04468276782506031,0.04468276782506031,0.04468276782506031,0.4935932204545454,2.7879429355267957
4,11,50,74,43,51,2054,0,96017934.62708746,10740824853.390097,63447759466.26921,1.0,1.0,1.0,26.12110890909091,5.654545454545454e-05,5.0,4.869912246748241,4.869912246748241,0.039065391366894575,0.039065391366894575,0.039065391366894575,0.5224221781818181,2.6752497710212144
4,11,60,74,43,51,2057,0,148331898.2905389,14006304816.249117,83578918940.06696,1.0,1.0,1.0,30.20710018181818,6.090909090909091e-05,5.0,4.895009358428788,4.895009358428788,0.03152872119255594,0.03152872119255594,0.03152872119255594,0.5034516696969696,2.771869997548202
4,11,70,69,43,48,1724,0,152942524.63519332,17056730043.820162,102995104103.20819,1.0,1.0,1.0,33.66087190909091,0.00021472727272727268,5.0,4.912625165759805,4.912625165759806,0.026238688961019108,0.026238688961019108,0.026238688961019108,0.4808695987012987,2.8788862590786106
4,11,80,81,43,49,1758,0,143107076.08198246,17663679018.571133,106560304870.09537,1.0,1.0,1.0,39.24196281818182,5.6454545454545455e-05,5.0,4.921690123285358,4.921690123285358,0.023516479493886442,0.023516479493886442,0.023516479493886442,0.49052453522727274,2.8434923014689937
4,11,90,74,43,47,1867,0,162940450.4737109,21146492387.237324,129188561513.4709,1.0,1.0,1.0,45.436752999999996,0.00022772727272727276,5.0,4.928589988018736,4.928589988018735,0.02144444804242189,0.02144444804242189,0.02144444804242189,0.5048528111111111,2.7852862333126933
4,12,30,67,43,42,2442,0,111487169.94370727,7575486248.292588,41636452718.95006,1.0,1.0,1.0,18.018396499999998,0.0001385,5.0,4.765407439052176,4.765407439052176,0.07044821650084808,0.07044821650084808,0.07044821650084808,0.6006132166666667,2.2759416335481384
4,12,40,74,44,49,2280,0,101396837.04962863,8772054131.566504,52718182746.76649,1.0,1.0,1.0,22.784694166666668,0.0003320833333333333,5.0,4.834078557055354,4.834078557055354,0.04982625914253658,0.04982625914253658,0.04982625914253658,0.5696173541666667,2.4496147267240693
4,12,50,73,43,45,1914,0,95743441.5046755,10406306610.016356,62137367938.64741,1.0,1.0,1.0,27.142571333333336,0.000145,5.0,4.867269348521709,4.86726934852171,0.03985905449798503,0.03985905449798503,0.03985905449798503,0.5428514266666666,2.585437115391861
4,12,60,81,43,52,2098,0,94264655.10527925,12093014182.617437,77673409636.46608,1.0,1.0,1.0,32.576219583333334,6.675e-05,5.0,4.887822055815815,4.887822055815816,0.03368707032558071,0.03368707032558071,0.03368707032558071,0.5429369930555557,2.5977434512802753
4,12,70,77,43,51,2179,0,132267281.12522565,15075573984.287924,88040908267.2455,1.0,1.0,1.0,38.18795058333333,6.924999999999999e-05,5.0,4.901692515143702,4.901692515143702,0.029521767224113416,0.029521767224113416,0.029521767224113416,0.5455421511904762,2.5948569621999495
4,12,80,74,43,50,1906,0,162970668.25551185,16170783327.767256,101258963224.18898,1.0,1.0,1.0,42.68144908333334,7.6e-05,5.0,4.914034456876082,4.914034456876083,0.025815478415590707,0.025815478415590707,0.025815478415590707,0.5335181135416668,2.653940170418067
4,12,90,81,43,52,2010,0,150950086.4677379,17843622949.383358,118261342507.43907,1.0,1.0,1.0,47.03920166666666,6.608333333333332e-05,5.0,4.925777474094365,4.925777474094365,0.02228904681850906,0.02228904681850906,0.02228904681850906,0.5226577962962963,2.7077315130023933
4,13,30,75,43,39,1000,0,27875986.24100961,4395457737.190577,30924522982.53228,1.0,1.0,1.0,18.159515384615386,6.346153846153847e-05,5.0,4.770864147730098,4.770864147730098,0.06880956524621683,0.06880956524621683,0.06880956524621683,0.6053171794871794,2.2593129226625566
4,13,40,83,43,52,2415,0,107849179.3548413,8659582842.674215,48906576151.922775,1.0,1.0,1.0,22.712192461538457,5.66153846153846e-05,5.0,4.826168217551059,4.826168217551059,0.05220173647115361,0.05220173647115361,0.05220173647115361,0.5678048115384615,2.4538445930249333
4,13,50,83,43,56,2169,0,90156295.76010638,10817398523.80371,62995089172.26371,1.0,1.0,1.0,26.685879999999997,6.0307692307692304e-05,5.0,4.869511753720799,4.8695117537208,0.0391856595433033,0.0391856595433033,0.0391856595433033,0.5337176,2.626422863496013
4,13,60,83,43,56,2456,0,119157136.45762883,13891579381.58847,81659615451.35892,1.0,1.0,1.0,33.07050976923077,5.684615384615384e-05,5.0,4.884546849525363,4.884546849525364,0.03467061575814892,0.03467061575814892,0.03467061575814892,0.5511751628205128,2.5603958005097165
4,13,70,77,43,46,1906,0,138693451.213014,13029559810.397188,75650626724.73135,1.0,1.0,1.0,41.61969669230769,6.438461538461538e-05,5.0,4.892239092006461,4.892239092006462,0.03236063303109267,0.03236063303109267,0.03236063303109267,0.5945670956043956,2.3783957296257907
4,13,80,75,43,49,1900,0,141553600.5612153,14975837131.052826,87900824645.55563,1.0,1.0,1.0,46.149828615384614,0.00012030769230769229,5.0,4.906311547741928,4.906311547741928,0.028134670347769116,0.028134670347769116,0.028134670347769116,0.5768728576923077,2.4626881828209637
4,13,90,79,43,52,1838,0,145503934.7443373,16477490415.645638,104189669973.43243,1.0,1.0,1.0,50.188775846153845,5.8307692307692296e-05,5.0,4.9218451685285345,4.9218451685285345,0.023469919360800444,0.023469919360800444,0.023469919360800444,0.5576530649572649,2.5549247288045973
4,14,30,93,43,50,2719,0,32439506.24600578,5755581473.274596,33755570151.15572,1.0,1.0,1.0,18.58657464285714,6.107142857142857e-05,5.0,4.7567786209257354,4.7567786209257354,0.07303945317545495,0.07303945317545495,0.07303945317545495,0.6195524880952382,2.189655827149885
4,14,40,80,43,45,2055,0,65310491.94280179,6137504754.722641,41178126064.03112,1.0,1.0,1.0,26.02065921428572,7.457142857142858e-05,5.0,4.79297142364491,4.79297142364491,0.06217074365017753,0.06217074365017753,0.06217074365017753,0.6505164803571428,2.078179160764724
4,14,50,71,43,51,2236,0,88046731.2716357,7927224147.628266,49976703656.74367,1.0,1.0,1.0,31.429426785714288,0.00010964285714285712,5.0,4.836846162953828,4.836846162953828,0.048995146260111734,0.048995146260111734,0.048995146260111734,0.6285885357142856,2.1986565347688938
4,14,60,78,43,49,2175,0,113021793.81255807,11559279821.933071,65954481105.328865,1.0,1.0,1.0,36.79062178571428,7.75e-05,5.0,4.8713386086980055,4.8713386086980055,0.0386370544450433,0.0386370544450433,0.0386370544450433,0.6131770297619049,2.285770050188168
4,14,70,78,43,47,1936,0,124554282.45035501,12284862459.232504,77085132723.9116,1.0,1.0,1.0,43.11177757142857,6.278571428571428e-05,5.0,4.8865357797045865,4.886535779704587,0.03407333942805195,0.03407333942805195,0.03407333942805195,0.615882536734694,2.283322507952712
4,14,80,79,43,51,1949,0,100210312.02162635,13383052894.550175,80461689429.71169,1.0,1.0,1.0,47.91698707142858,5.571428571428571e-05,5.0,4.902097807909137,4.902097807909139,0.029400057684943477,0.029400057684943477,0.029400057684943477,0.5989623383928571,2.3654516581699405
4,14,90,77,43,50,1788,0,134211377.58636366,15223339398.463486,95586566022.99358,1.0,1.0,1.0,53.08021757142858,5.6714285714285706e-05,5.0,4.915281461302952,4.915281461302952,0.02544100261172635,0.02544100261172635,0.02544100261172635,0.5897801952380952,2.4128447248267775
4,15,30,67,44,45,1949,0,49471023.65614187,5638923788.186258,33853022521.20429,1.0,1.0,1.0,17.93982786666667,0.0003098666666666667,5.0,4.763703621378621,4.763703621378621,0.07095987345987347,0.07095987345987347,0.07095987345987347,0.5979942622222223,2.2854434587314914
4,15,40,82,44,54,2636,0,50479131.804429404,6456487401.624147,37155781522.00495,1.0,1.0,1.0,25.64170406666667,0.0001642,5.0,4.797485191769015,4.797485191769015,0.060815257727022426,0.060815257727022426,0.060815257727022426,0.6410426016666666,2.121241052637016
4,15,50,86,43,49,2147,0,77566021.9466118,9255036249.787266,50528158809.89574,1.0,1.0,1.0,31.54462126666667,5.873333333333332e-05,5.0,4.836001258905146,4.836001258905146,0.04924887119965586,0.04924887119965586,0.04924887119965586,0.6308924253333331,2.188461524205221
4,15,60,72,43,49,2199,0,110363741.44685702,10351839926.38701,59697058027.823326,1.0,1.0,1.0,37.999024866666666,5.7399999999999986e-05,5.0,4.861307976402681,4.861307976402682,0.04164925633553084,0.04164925633553084,0.04164925633553084,0.6333170811111111,2.1932328678074957
4,15,70,76,43,52,2078,0,127002828.31904499,12205366618.59453,73006780492.51537,1.0,1.0,1.0,42.950982599999996,0.00012866666666666666,5.0,4.885225202964387,4.885225202964389,0.03446690601670037,0.03446690601670037,0.03446690601670037,0.6135854657142857,2.2921298856345214
4,15,80,75,43,47,1737,0,106085659.21619815,11890939882.493565,74791082324.56313,1.0,1.0,1.0,51.04526353333334,5.6399999999999995e-05,5.0,4.893121058763454,4.893121058763454,0.03209577814911283,0.03209577814911283,0.03209577814911283,0.6380657941666666,2.191915104563257
4,15,90,80,43,50,1887,0,93837822.799884,14057652413.715002,87272980132.4583,1.0,1.0,1.0,56.202139333333335,0.00011146666666666666,5.0,4.908658468383501,4.908658468383503,0.027429889374323765,0.027429889374323765,0.027429889374323765,0.6244682148148147,2.2594750207703567
5,1,30,11,37,10,461,0,482467686.505795,33839573464.352177,202213944901.49728,1.0,1.0,1.0,0.0,5.5e-05,5.0,4.930625,4.930624999999999,0.020833333333333332,0.020833333333333332,0.020833333333333332,0.0,4.958117666666667
5,1,40,12,38,9,288,0,387159580.044272,30532890251.314022,185092815724.43207,1.0,1.0,1.0,0.0,5.9e-05,5.0,4.94796875,4.947968749999999,0.015625,0.015625,0.015625,0.0,4.968511925
5,1,50,14,38,10,309,0,501104679.858592,32299849258.467155,217274818811.9277,1.0,1.0,1.0,0.0,6e-05,5.0,4.956753246753247,4.956753246753246,0.012987012987012988,0.012987012987012988,0.012987012987012988,0.0,4.973780961038961
5,1,60,14,38,9,298,0,825475751.130543,46201624078.29134,291221395218.16565,1.0,1.0,1.0,0.0,5.9e-05,5.0,4.964193548387097,4.964193548387097,0.010752688172043012,0.010752688172043012,0.010752688172043012,0.0,4.978251676344087
5,1,70,15,38,10,525,0,1379755038.137448,80233614190.82954,481404054739.3109,1.0,1.0,1.0,0.0,5.8e-05,5.0,4.9688785046728965,4.968878504672897,0.009345794392523364,0.009345794392523364,0.009345794392523364,0.0,4.981068357009345
5,1,80,16,39,10,510,0,1623496581.782306,89728741336.6778,528888533398.277,1.0,1.0,1.0,0.0,5.6e-05,5.0,4.972016806722689,4.9720168067226895,0.008403361344537815,0.008403361344537815,0.008403361344537815,0.0,4.982960880672269
5,1,90,15,39,10,518,0,1752916619.537613,104225739548.03026,608295227519.0939,1.0,1.0,1.0,0.0,5.5e-05,5.0,4.975333333333333,4.975333333333333,0.007407407407407408,0.007407407407407408,0.007407407407407408,0.0,4.9849560925925935
5,2,30,25,40,14,464,0,370673676.82903147,21755630905.728214,132861025530.29977,1.0,1.0,1.0,0.0,6e-05,5.0,4.927574468085107,4.927574468085106,0.021749408983451537,0.021749408983451537,0.021749408983451537,0.0,4.95626493144208
5,2,40,29,40,19,941,0,646243002.385845,40498418188.2829,254220599388.06134,1.0,1.0,1.0,0.0,5.9499999999999996e-05,5.0,4.943559322033899,4.943559322033898,0.01694915254237288,0.01694915254237288,0.01694915254237288,0.0,4.965862794067796
5,2,50,30,40,19,930,0,721290485.7483795,47837331915.018845,312180515280.8788,1.0,1.0,1.0,0.0,5.9e-05,5.0,4.953424295774648,4.9534242957746475,0.013986697965571206,0.013986697965571206,0.013986697965571206,0.0,4.971786890766822
5,2,60,29,40,20,829,0,641995786.4010985,48780326236.166466,313165790572.7241,1.0,1.0,1.0,0.0,5.9e-05,5.0,4.9612738336714,4.9612738336714,0.01162947937795808,0.01162947937795808,0.01162947937795808,0.0,4.976498970723462
5,2,70,28,40,19,945,0,1181944258.054735,78136598917.43533,472545301938.3695,1.0,1.0,1.0,0.0,5.7e-05,5.0,4.967669902912622,4.967669902912622,0.009708737864077669,0.009708737864077669,0.009708737864077669,0.0,4.980347133009708
5,2,80,25,41,18,628,0,1145844542.847723,66866059981.330185,410990025394.6569,1.0,1.0,1.0,0.0,5.55e-05,5.0,4.971415782493368,4.971415782493368,0.00858384910109048,0.00858384910109048,0.00858384910109048,0.0,4.982602235646921
5,2,90,27,41,19,808,0,1307219190.10267,89063301482.20291,533071818148.51416,1.0,1.0,1.0,0.0,5.7e-05,5.0,4.974082071471835,4.974082071471836,0.007783161720169594,0.007783161720169594,0.007783161720169594,0.0,4.9841963597213805
5,3,30,40,42,19,835,0,347881840.209969,26110150335.97085,161907357497.4766,1.0,1.0,1.0,0.0,5.966666666666667e-05,5.0,4.923116883116882,4.923116883116882,0.023088023088023088,0.023088023088023088,0.023088023088023088,0.0,4.953590475180375
5,3,40,37,42,26,752,0,385513790.031837,27915788182.996998,163182056801.17648,1.0,1.0,1.0,0.06458966666666667,5.6000000000000006e-05,5.0,4.940523069036227,4.940523069036227,0.017860940229361282,0.017860940229361282,0.017860940229361282,0.0016147416666666666,4.95711179131484
5,3,50,40,42,28,1323,0,598494107.2653891,46759772484.59045,290013233160.69214,1.0,1.0,1.0,0.0,5.7e-05,5.0,4.950542142230026,4.950542142230026,0.01485220954053263,0.01485220954053263,0.01485220954053263,0.0,4.970065333128475
5,3,60,39,42,29,1240,0,740235395.060068,50372682324.86935,332792571266.22626,1.0,1.0,1.0,0.0,5.766666666666667e-05,5.0,4.959386216954539,4.959386216954539,0.012196331244883176,0.012196331244883176,0.012196331244883176,0.0,4.975371567174811
5,3,70,41,42,27,1031,0,854435895.8360891,54054173176.846375,361022318215.04974,1.0,1.0,1.0,0.0,5.666666666666667e-05,5.0,4.965431701030927,4.965431701030927,0.010380870561282932,0.010380870561282932,0.010380870561282932,0.0,4.979004973081328
5,3,80,38,42,26,1028,0,926111313.7419804,66498326703.61559,409218757746.241,1.0,1.0,1.0,0.0,5.566666666666667e-05,5.0,4.969159615018105,4.969159615018106,0.009261376871439764,0.009261376871439764,0.009261376871439764,0.0,4.981247140967326
5,3,90,40,42,28,1235,0,1307583465.0544717,85467595573.94856,524223361176.67896,1.0,1.0,1.0,0.0,5.666666666666667e-05,5.0,4.972845609756097,4.9728456097560985,0.008154471544715448,0.008154471544715448,0.008154471544715448,0.0,4.983455544715446
5,4,30,52,42,25,1001,0,263870658.59371698,22012311104.639416,132732875718.73508,1.0,1.0,1.0,0.150351,5.575e-05,5.0,4.911713056680161,4.911713056680162,0.026512595591542957,0.026512595591542957,0.026512595591542957,0.005011700000000001,4.925211286412505
5,4,40,51,42,34,1281,0,352599622.520142,27219154446.519722,171635555105.3496,1.0,1.0,1.0,0.05005,5.75e-05,5.0,4.933333309285253,4.933333309285252,0.0200200272416659,0.0200200272416659,0.0200200272416659,0.00125125,4.9543523405439105
5,4,50,51,42,32,1179,0,463575455.641428,36835087133.095085,227524175930.56662,1.0,1.0,1.0,0.19613925,5.75e-05,5.0,4.948556693306693,4.948556693306693,0.015448440448440449,0.015448440448440449,0.015448440448440449,0.003922785,4.952003342043567
5,4,60,49,43,35,1201,0,591126163.2425418,43679448194.7639,276618350950.34827,1.0,1.0,1.0,0.00997925,5.625e-05,5.0,4.957976448393379,4.957976448393379,0.012619685167153522,0.012619685167153522,0.012619685167153522,0.00016632083333333335,4.973816194767526
5,4,70,49,43,33,1329,0,649126502.7862769,52141592788.2713,326253789205.2226,1.0,1.0,1.0,0.0,5.6500000000000005e-05,5.0,4.962241183235369,4.962241183235369,0.01133898401340262,0.01133898401340262,0.01133898401340262,0.0,4.977090420957207
5,4,80,48,43,34,1253,0,662779502.9101433,53122352329.1709,344944210074.88367,1.0,1.0,1.0,0.0,6.125e-05,5.0,4.9666933373349345,4.9666933373349345,0.010002000800320128,0.010002000800320128,0.010002000800320128,0.0,4.97974262540016
5,4,90,47,43,35,1422,0,975040386.6591537,70982018460.09097,435620819444.79004,1.0,1.0,1.0,0.0,5.725e-05,5.0,4.9701819068144495,4.97018190681445,0.008954382338003027,0.008954382338003027,0.008954382338003027,0.0,4.9818540147063315
5,5,30,44,43,38,1646,0,234084250.9576046,19857237650.527782,107194936538.66687,1.0,1.0,1.0,0.7442598,5.6000000000000006e-05,5.0,4.902388875095492,4.902388875095493,0.02931265012147365,0.02931265012147365,0.02931265012147365,0.024808660000000003,4.834485974407174
5,5,40,53,43,42,1695,0,300307361.2271348,26807067270.820446,159933196226.90277,1.0,1.0,1.0,0.2165794,5.58e-05,5.0,4.929431313598519,4.929431313598519,0.021191797718162195,0.021191797718162195,0.021191797718162195,0.005414484999999999,4.934115370861393
5,5,50,55,43,38,1674,0,396280421.17474496,35656985306.088615,223713745559.28696,1.0,1.0,1.0,1.3507008,5.72e-05,5.0,4.943156759666555,4.943156759666553,0.01707004214217601,0.01707004214217601,0.01707004214217601,0.027014015999999995,4.84947075695779
5,5,60,59,43,41,1638,0,502008597.16762435,42803695313.64159,266292030671.20303,1.0,1.0,1.0,0.07260180000000001,5.7600000000000004e-05,5.0,4.953986148948486,4.953986148948486,0.013817973288743114,0.013817973288743114,0.013817973288743114,0.0012100300000000002,4.9669270623958015
5,5,70,55,43,37,1447,0,531372806.7805522,44637740482.74376,279498605022.71857,1.0,1.0,1.0,2.0929876,5.58e-05,5.0,4.957354207125067,4.957354207125067,0.012806544406886725,0.012806544406886725,0.012806544406886725,0.029899822857142856,4.845590539444919
5,5,80,59,43,39,1616,0,630396643.1809728,52182384698.914566,331841679076.1357,1.0,1.0,1.0,0.6791046,5.9000000000000004e-05,5.0,4.963323506927855,4.963323506927855,0.011013961883527101,0.011013961883527101,0.011013961883527101,0.0084888075,4.94122751794483
5,5,90,56,43,39,1528,0,653797403.0097305,57641941977.41914,361584634633.906,1.0,1.0,1.0,0.4397392,5.6800000000000005e-05,5.0,4.967592766057472,4.967592766057472,0.009731902084843261,0.009731902084843261,0.009731902084843261,0.004885991111111111,4.95929192595462
5,6,30,54,43,33,1538,0,245458082.2531983,15684005309.567131,92838622437.22168,1.0,1.0,1.0,2.3267078333333333,5.7e-05,5.0,4.888979403020351,4.888979403020351,0.03333951861250712,0.03333951861250712,0.03333951861250712,0.07755692777777777,4.599614412849154
5,6,40,63,43,44,1402,0,225277300.58891702,19794034796.71327,121036989750.62688,1.0,1.0,1.0,0.561505,5.6000000000000006e-05,5.0,4.924358492956319,4.924358492956319,0.02271516728038467,0.02271516728038467,0.02271516728038467,0.014037625000000003,4.893989793106511
5,6,50,62,43,36,1372,0,330736079.5812532,26579074235.369633,161828020254.33542,1.0,1.0,1.0,3.1138111666666664,5.666666666666667e-05,5.0,4.934840654210403,4.934840654210402,0.019567371107987352,0.019567371107987352,0.019567371107987352,0.062276223333333325,4.692853398155133
5,6,60,65,43,40,1508,0,299956155.0049934,32612873063.345734,207820714348.19043,1.0,1.0,1.0,1.915907166666667,6.299999999999999e-05,5.0,4.94723602237816,4.947236022378159,0.015845038324877034,0.015845038324877034,0.015845038324877034,0.03193178611111111,4.8307481881107925
5,6,70,58,43,42,1627,0,388115234.1225686,36336185284.199875,232925876258.197,1.0,1.0,1.0,4.949323333333333,6.7e-05,5.0,4.952806002882816,4.952806002882816,0.01417237150666227,0.01417237150666227,0.01417237150666227,0.07070461904761906,4.667351467453419
5,6,80,60,43,43,1810,0,491144134.5897817,44479636634.49583,279097149342.54877,1.0,1.0,1.0,4.365277333333333,7.833333333333332e-05,5.0,4.958384779333646,4.958384779333646,0.012497063263169295,0.012497063263169295,0.012497063263169295,0.05456596666666667,4.740047880536925
5,6,90,61,43,41,1764,0,510121189.58686453,50005360457.70512,316669679255.5434,1.0,1.0,1.0,5.948204833333333,5.716666666666666e-05,5.0,4.96233062070542,4.96233062070542,0.011312125914288504,0.011312125914288504,0.011312125914288504,0.06609116481481482,4.692949234926967
5,7,30,69,43,47,1830,0,177665278.34699985,16569058871.084463,95720106151.07384,1.0,1.0,1.0,1.675112857142857,6.671428571428573e-05,5.0,4.892838911019458,4.892838911019459,0.03218050720136371,0.03218050720136371,0.03218050720136371,0.05583709523809523,4.695284785152093
5,7,40,67,43,42,1593,0,198522874.20932716,18072707929.02078,113489768484.56937,1.0,1.0,1.0,4.281733285714285,6.142857142857142e-05,5.0,4.9136135657829,4.9136135657829,0.025941872137267032,0.025941872137267032,0.025941872137267032,0.10704333214285715,4.487591726526174
5,7,50,65,43,39,1508,0,202666689.32907274,21977248277.558247,133316978875.9454,1.0,1.0,1.0,8.098321428571428,5.6571428571428574e-05,5.0,4.924807564884095,4.924807564884095,0.022580310845616965,0.022580310845616965,0.022580310845616965,0.16196642857142857,4.258163058619612
5,7,60,63,43,44,1580,0,228479566.691899,25774709333.99789,154515493838.9266,1.0,1.0,1.0,8.963674857142857,7.714285714285714e-05,5.0,4.9370308318224545,4.9370308318224545,0.018909660113376952,0.018909660113376952,0.018909660113376952,0.14939458095238095,4.3194711770524075
5,7,70,65,43,47,1734,0,300282600.592315,32425609917.952114,215559332995.86862,1.0,1.0,1.0,5.924313285714286,6.028571428571428e-05,5.0,4.950411880448364,4.950411880448364,0.014891327192683547,0.014891327192683547,0.014891327192683547,0.0846330469387755,4.606050906533661
5,7,80,66,43,46,1609,0,328443313.1598303,37394986050.565865,235087750231.64624,1.0,1.0,1.0,6.855085714285714,7.128571428571428e-05,5.0,4.956769500424388,4.956769500424387,0.012982132004688396,0.012982132004688396,0.012982132004688396,0.08568857142857143,4.6052813324083415
5,7,90,66,43,45,1746,0,410699786.96963984,39989247757.70771,258192310607.05573,1.0,1.0,1.0,11.869644285714287,0.0002942857142857143,5.0,4.958858562595798,4.958858562595796,0.012354786007268278,0.012354786007268278,0.012354786007268278,0.1318849365079365,4.406932127215915
5,8,30,60,43,50,2020,0,120019824.47821026,11731127757.27664,75079132020.28685,1.0,1.0,1.0,5.853873375,7.1625e-05,5.0,4.871085491010659,4.871085491010659,0.03871306576256521,0.03871306576256521,0.03871306576256521,0.19512911249999998,4.083249410290632
5,8,40,67,43,43,1721,0,196543109.15062827,15787350771.654497,87348963028.7454,1.0,1.0,1.0,10.490892624999999,5.7625e-05,5.0,4.893504391666634,4.893504391666635,0.03198066316317277,0.03198066316317277,0.03198066316317277,0.262272315625,3.8080519096493175
5,8,50,69,43,49,1664,0,160282590.539786,17761480579.139156,107627969892.14346,1.0,1.0,1.0,10.88322875,7.612500000000001e-05,5.0,4.919146425411671,4.919146425411671,0.024280352729227857,0.024280352729227857,0.024280352729227857,0.217664575,4.015178564894273
5,8,60,61,43,42,1564,0,227015353.38942525,23273525461.09586,137589527000.87415,1.0,1.0,1.0,14.763711625,6.975e-05,5.0,4.928412742595684,4.928412742595684,0.021497674896190835,0.021497674896190835,0.021497674896190835,0.24606186041666667,3.8986602230908476
5,8,70,64,43,46,1876,0,322772366.3454568,30647895104.784492,190473678717.3436,1.0,1.0,1.0,14.472756375,5.75e-05,5.0,4.942652624015937,4.942652624015936,0.01722143422944851,0.01722143422944851,0.01722143422944851,0.20675366249999996,4.076286354225332
5,8,80,67,43,45,1810,0,297139615.87761265,32682467076.32242,207286425902.4751,1.0,1.0,1.0,17.449014875,5.625e-05,5.0,4.948047376149496,4.948047376149496,0.015601388543694823,0.015601388543694823,0.015601388543694823,0.2181126859375,4.030686399769904
5,8,90,67,43,44,1757,0,379187518.4342389,37094573842.26176,234337487147.78574,1.0,1.0,1.0,18.601427249999997,0.000232375,5.0,4.954962514854426,4.954962514854426,0.013524770313986002,0.013524770313986002,0.013524770313986002,0.206682525,4.083229914142342
5,9,30,67,43,27,941,0,71011008.89683045,9715558645.017883,64325754385.57842,1.0,1.0,1.0,9.214336444444445,6.033333333333333e-05,5.0,4.856220350339315,4.856220350339315,0.04317707197017542,0.04317707197017542,0.04317707197017542,0.3071445481481482,3.5927080427612483
5,9,40,69,43,42,1675,0,157286860.74281865,15008157221.912762,89323709195.29059,1.0,1.0,1.0,11.32429722222222,5.9222222222222215e-05,5.0,4.889114476974071,4.889114476974073,0.033298955863641955,0.033298955863641955,0.033298955863641955,0.2831074305555556,3.715818780284136
5,9,50,68,43,47,1970,0,167179081.49492803,18920119214.170837,116239751302.4186,1.0,1.0,1.0,13.971046555555555,0.00041966666666666666,5.0,4.911426947441563,4.911426947441565,0.026598514281812816,0.026598514281812816,0.026598514281812816,0.2794209311111111,3.7435149995062114
5,9,60,67,43,46,1628,0,184480054.9882279,20922410833.106117,119518834096.68196,1.0,1.0,1.0,17.817882111111114,5.955555555555556e-05,5.0,4.925168511406045,4.925168511406044,0.022471918496683483,0.022471918496683483,0.022471918496683483,0.2969647018518519,3.677874328073278
5,9,70,67,43,44,1629,0,268827627.59505546,25080686726.098167,147791638181.6672,1.0,1.0,1.0,21.99744011111111,7.622222222222222e-05,5.0,4.9343403743515974,4.934340374351597,0.019717605299820643,0.019717605299820643,0.019717605299820643,0.31424914444444446,3.608985430338992
5,9,80,71,43,45,1949,0,312657281.7462646,29531414600.909718,190554127478.53604,1.0,1.0,1.0,24.928495888888886,0.00023977777777777775,5.0,4.941826388421225,4.941826388421224,0.0174695530266593,0.0174695530266593,0.0174695530266593,0.31160619861111116,3.6241406650274857
5,9,90,73,43,49,1750,0,293586664.8566745,31946906541.742554,200626386952.6616,1.0,1.0,1.0,23.242117000000004,6.066666666666667e-05,5.0,4.9515221043657185,4.9515221043657185,0.01455792661690139,0.01455792661690139,0.01455792661690139,0.2582457444444445,3.8601811369150365
5,10,30,75,43,51,2202,0,115097502.37731402,9932294479.71235,61102932018.18524,1.0,1.0,1.0,11.168736500000001,0.00020140000000000002,5.0,4.840346816151049,4.840346816151049,0.047943899053738866,0.047943899053738866,0.047943899053738866,0.37229121666666665,3.3024418941249087
5,10,40,64,43,45,2187,0,130773817.5175178,13143405814.294298,81078356238.15744,1.0,1.0,1.0,13.8878318,6.46e-05,5.0,4.879429416287735,4.879429416287735,0.0362073824961756,0.0362073824961756,0.0362073824961756,0.34719579500000003,3.4344017438901444
5,10,50,65,43,42,1566,0,175437202.01661912,15976511277.212362,96992798315.48996,1.0,1.0,1.0,17.4372132,5.97e-05,5.0,4.902723199531744,4.902723199531745,0.029212252392869325,0.029212252392869325,0.029212252392869325,0.348744264,3.4417476622666534
5,10,60,76,43,50,2051,0,180618014.98387918,21830023750.60302,138763200712.43164,1.0,1.0,1.0,17.852235999999998,0.0001098,5.0,4.923869912371222,4.923869912371222,0.022861888176810095,0.022861888176810095,0.022861888176810095,0.29753726666666663,3.6744166988678897
5,10,70,71,43,50,2195,0,215605877.81988588,24769238872.056114,153829645805.48138,1.0,1.0,1.0,23.7612956,5.9000000000000004e-05,5.0,4.930727167448007,4.930727167448007,0.020802652418015953,0.020802652418015953,0.020802652418015953,0.33944708000000007,3.498539353816386
5,10,80,70,43,44,1608,0,211892531.83820668,23491263996.020428,145648836499.58896,1.0,1.0,1.0,28.1466615,0.00017050000000000002,5.0,4.937754060838075,4.937754060838075,0.018692474222800317,0.018692474222800317,0.018692474222800317,0.35183326875,3.449017538403622
5,10,90,69,43,44,1581,0,264868411.72879285,26789000644.341404,166130955225.61432,1.0,1.0,1.0,32.5469253,5.379999999999999e-05,5.0,4.943627587519727,4.943627587519726,0.016928652396478488,0.016928652396478488,0.016928652396478488,0.3616325033333333,3.4109085195261066
5,11,30,65,43,40,1961,0,108392401.94024654,9782669417.18486,56854677730.52768,1.0,1.0,1.0,11.750929454545455,9.472727272727272e-05,5.0,4.8309357118700875,4.8309357118700875,0.050770056495469194,0.050770056495469194,0.050770056495469194,0.3916976484848485,3.213803441307981
5,11,40,78,43,45,1824,0,113398728.21820535,11653771398.172607,73291872941.37306,1.0,1.0,1.0,15.692118,6.481818181818182e-05,5.0,4.874373832489349,4.87437383248935,0.0377255758290241,0.0377255758290241,0.0377255758290241,0.39230295,3.237405170735963
5,11,50,67,43,49,1797,0,108835035.28588109,13775560888.089506,84755350761.25638,1.0,1.0,1.0,19.755023727272725,0.00014472727272727272,5.0,4.89452885826295,4.89452885826295,0.0316730155366519,0.0316730155366519,0.0316730155366519,0.39510047454545455,3.237131274124051
5,11,60,67,43,46,1723,0,162818853.33899993,18513275364.806797,106514775671.90245,1.0,1.0,1.0,22.976506999999998,6.109090909090909e-05,5.0,4.912887790817125,4.912887790817125,0.026159822577439762,0.026159822577439762,0.026159822577439762,0.3829417833333333,3.300794155425273
5,11,70,72,43,47,1668,0,195540956.29998052,19555952892.51992,126880508440.43068,1.0,1.0,1.0,26.539964090909088,0.0001269090909090909,5.0,4.925890121940411,4.925890121940411,0.02225521863651336,0.02225521863651336,0.02225521863651336,0.37914234415584414,3.3246540289845714
5,11,80,70,43,45,1442,0,191814245.95347646,20901369213.92866,126208217671.31859,1.0,1.0,1.0,31.425403272727273,6.290909090909091e-05,5.0,4.934781997547907,4.934781997547906,0.019584985721349354,0.019584985721349354,0.019584985721349354,0.3928175409090909,3.271463678543022
5,11,90,72,43,48,1994,0,261017044.23904827,26145583629.09391,165330568020.09253,1.0,1.0,1.0,36.92991263636363,5.754545454545455e-05,5.0,4.939252587837017,4.939252587837017,0.018242466115009827,0.018242466115009827,0.018242466115009827,0.4103323626262627,3.19885670548862
5,12,30,81,43,53,2780,0,86995700.95138381,9302682821.070162,52395894082.71992,1.0,1.0,1.0,12.180054916666668,0.0002780000000000001,5.0,4.828738374978658,4.828738374978658,0.05142991742382643,0.05142991742382643,0.05142991742382643,0.40600183055555555,3.1501883236808825
5,12,40,70,43,42,1712,0,97723912.30500533,9660243903.589045,57939885659.78452,1.0,1.0,1.0,19.0452605,0.00020266666666666672,5.0,4.852297423105117,4.852297423105117,0.044355128196661375,0.044355128196661375,0.044355128196661375,0.4761315125000001,2.8630971283182074
5,12,50,77,43,45,1733,0,135763677.57403633,13387762937.030853,79844234060.14235,1.0,1.0,1.0,21.590103916666667,7.133333333333332e-05,5.0,4.887920184773734,4.887920184773734,0.03365760217004957,0.03365760217004957,0.03365760217004957,0.43180207833333334,3.0756627830954044
5,12,60,69,43,47,1925,0,165383588.1557546,16380497037.622602,97939896945.26233,1.0,1.0,1.0,27.5168535,6.758333333333334e-05,5.0,4.905044292289962,4.905044292289962,0.028515227540551732,0.028515227540551732,0.028515227540551732,0.45861422500000004,2.9706662843131038
5,12,70,75,43,49,1920,0,173807811.4940895,17477483616.530712,107147010315.19145,1.0,1.0,1.0,32.85421575,5.858333333333334e-05,5.0,4.915682147714382,4.915682147714382,0.025320676362047604,0.025320676362047604,0.025320676362047604,0.4693459392857143,2.9309445206903617
5,12,80,73,43,47,1733,0,189809856.89051676,19472495248.59992,121980885115.80199,1.0,1.0,1.0,35.61416775,0.00014116666666666666,5.0,4.927284648156561,4.927284648156561,0.02183644199502688,0.02183644199502688,0.02183644199502688,0.44517709687499996,3.0414804192227742
5,12,90,73,43,47,1872,0,235721665.27464613,24572653768.741592,156153921145.7635,1.0,1.0,1.0,39.535009249999995,0.00011841666666666667,5.0,4.936582311913763,4.936582311913763,0.01904435077664788,0.01904435077664788,0.01904435077664788,0.43927788055555556,3.0725262647419247
5,13,30,74,43,43,1989,0,74744225.57901753,7370901907.5732155,46267292241.64544,1.0,1.0,1.0,13.767861384615383,7.046153846153846e-05,5.0,4.812642241239041,4.812642241239041,0.05626359121950722,0.05626359121950722,0.05626359121950722,0.4589287128205128,2.9138326314086154
5,13,40,66,43,51,2093,0,82236084.88071309,9431650614.603584,56247966045.5417,1.0,1.0,1.0,19.867350076923078,0.00017146153846153846,5.0,4.84650677051195,4.84650677051195,0.04609406290932431,0.04609406290932431,0.04609406290932431,0.4966837519230769,2.771380550359645
5,13,50,77,43,54,2122,0,130707186.85411063,13340271777.299408,78935268603.98398,1.0,1.0,1.0,22.807920153846155,6.107692307692308e-05,5.0,4.884452127223051,4.884452127223053,0.03469906089397832,0.03469906089397832,0.03469906089397832,0.4561584030769232,2.9688928132729373
5,13,60,74,43,49,1902,0,154538838.06920445,15066616468.969614,92776639499.42088,1.0,1.0,1.0,27.84225576923077,6.815384615384614e-05,5.0,4.902093984510881,4.902093984510882,0.029401205852588284,0.029401205852588284,0.029401205852588284,0.4640375961538462,2.945572264500676
5,13,70,74,43,47,1659,0,149711310.52306372,15900531814.065752,97550383172.83975,1.0,1.0,1.0,33.38326769230769,0.0001356923076923077,5.0,4.912532304435511,4.912532304435512,0.026266575244591202,0.026266575244591202,0.026266575244591202,0.47690382417582416,2.8962231952069413
5,13,80,73,43,47,1674,0,177341147.95375627,17510975681.677372,109334694014.0231,1.0,1.0,1.0,38.19155361538462,5.8923076923076915e-05,5.0,4.923244013250992,4.923244013250992,0.02304984587057307,0.02304984587057307,0.02304984587057307,0.47739442019230766,2.900873982047032
5,13,90,72,43,48,1833,0,203332483.72648254,21344212672.264507,128043865001.05283,1.0,1.0,1.0,44.56670184615385,6.523076923076925e-05,5.0,4.929711023609588,4.929711023609588,0.021107800717841574,0.021107800717841574,0.021107800717841574,0.4951855760683761,2.828227036963325
5,14,30,67,43,50,2170,0,69672068.09760478,6619695762.791524,39495236067.57973,1.0,1.0,1.0,15.876262857142857,0.00033535714285714294,5.0,4.790839510804321,4.790839510804321,0.0628109577164199,0.0628109577164199,0.0628109577164199,0.5292087619047618,2.597401183620115
5,14,40,77,43,51,1990,0,83196410.98501407,9188730315.350023,55884045367.0566,1.0,1.0,1.0,19.708359499999997,0.00018364285714285713,5.0,4.847112846429296,4.847112846429296,0.04591205812934069,0.04591205812934069,0.04591205812934069,0.49270898750000003,2.788783485263734
5,14,50,81,43,50,1885,0,105081123.16947892,11633756315.938414,71074268945.21439,1.0,1.0,1.0,24.5708935,0.00012071428571428574,5.0,4.875695949408248,4.875695949408249,0.03732854372124644,0.03732854372124644,0.03732854372124644,0.49141787,2.8117643286726564
5,14,60,73,43,50,2025,0,150031285.49041858,13597728115.480722,77655842991.634,1.0,1.0,1.0,32.66450557142857,5.592857142857143e-05,5.0,4.886741549359676,4.886741549359677,0.03401154673883593,0.03401154673883593,0.03401154673883593,0.5444084261904761,2.5908141925928767
5,14,70,77,43,50,2092,0,155566061.1471488,15968235298.288784,103177011177.58838,1.0,1.0,1.0,35.00453792857142,8.328571428571428e-05,5.0,4.909079510454701,4.909079510454701,0.027303450313903823,0.027303450313903823,0.027303450313903823,0.5000648275510204,2.7947835157816896
5,14,80,76,43,52,2138,0,151607930.74449494,17133803521.731762,111703991007.9902,1.0,1.0,1.0,40.882783357142856,6.142857142857142e-05,5.0,4.918638198068812,4.9186381980688125,0.02443297355290917,0.02443297355290917,0.02443297355290917,0.5110347919642857,2.753444737564163
5,14,90,73,43,51,1911,0,192752914.2547998,20721637455.502434,122214602243.51257,1.0,1.0,1.0,44.575915357142875,0.00014750000000000003,5.0,4.930020394523451,4.93002039452345,0.021014896539504675,0.021014896539504675,0.021014896539504675,0.49528794841269846,2.827618793642927
5,15,30,59,43,51,1978,0,74374291.67348094,5822927572.339751,38775049488.41033,1.0,1.0,1.0,17.226011266666664,5.806666666666666e-05,5.0,4.7693873634879065,4.7693873634879065,0.06925304399762604,0.06925304399762604,0.06925304399762604,0.5742003755555555,2.3922518634931906
5,15,40,68,43,49,2364,0,95532945.7963818,8278048167.880891,53028395668.22734,1.0,1.0,1.0,22.72693453333333,0.00011773333333333333,5.0,4.8289608694729536,4.8289608694729536,0.051363102260374216,0.051363102260374216,0.051363102260374216,0.5681733633333333,2.4536734429148455
5,15,50,72,43,51,2156,0,81855803.05036527,10373062437.936913,64657058397.89683,1.0,1.0,1.0,26.9434892,5.7600000000000004e-05,5.0,4.869893040810181,4.869893040810182,0.039071158915861555,0.039071158915861555,0.039071158915861555,0.538869784,2.6045090021271924
5,15,60,70,43,49,2059,0,130439790.53861888,13777046909.63107,80086387745.54039,1.0,1.0,1.0,32.24592546666666,9.386666666666667e-05,5.0,4.886960724131862,4.886960724131863,0.03394572848893008,0.03394572848893008,0.03394572848893008,0.537432091111111,2.620780870306184
5,15,70,76,43,47,1890,0,166416607.2402703,15021559536.163736,88887278695.63947,1.0,1.0,1.0,37.54056653333334,6.453333333333332e-05,5.0,4.902404494022513,4.902404494022514,0.02930795975299898,0.02930795975299898,0.02930795975299898,0.5362938076190477,2.635072522358517
5,15,80,74,43,50,1908,0,146351581.39505288,16309348647.285002,102315348849.01784,1.0,1.0,1.0,41.74323513333333,5.8466666666666654e-05,5.0,4.9168675000485695,4.9168675000485695,0.02496471470012936,0.02496471470012936,0.02496471470012936,0.5217904391666667,2.706145240231108
5,15,90,75,43,49,1782,0,190780512.05491057,18166100229.44563,108968039436.62794,1.0,1.0,1.0,49.91065606666667,5.966666666666666e-05,5.0,4.9218495738267025,4.921849573826703,0.02346859644843759,0.02346859644843759,0.02346859644843759,0.5545628451851852,2.56820947473661
6,1,30,7,38,5,274,0,595098022.14873,32080030768.425312,203892001520.13568,1.0,1.0,1.0,0.0,5.7e-05,5.0,4.930625,4.930624999999999,0.020833333333333332,0.020833333333333332,0.020833333333333332,0.0,4.958109066666667
6,1,40,13,38,8,432,0,806501419.97557,43910302299.3446,270467123513.12854,1.0,1.0,1.0,0.0,7.4e-05,5.0,4.946290322580645,4.946290322580645,0.016129032258064516,0.016129032258064516,0.016129032258064516,0.0,4.967439864516129
6,1,50,11,38,8,248,0,763601911.28942,38996625001.40824,249680965332.6511,1.0,1.0,1.0,0.0,5.8e-05,5.0,4.958375,4.958374999999999,0.0125,0.0125,0.0125,0.0,4.974763099999999
6,1,60,12,39,8,256,0,894017921.988653,46950854904.60846,281389876382.2503,1.0,1.0,1.0,0.0,6e-05,5.0,4.964193548387097,4.964193548387097,0.010752688172043012,0.010752688172043012,0.010752688172043012,0.0,4.978247376344087
6,1,70,11,39,8,286,0,1152230420.218179,55333086845.52638,366284144836.88025,1.0,1.0,1.0,0.0,5.9e-05,5.0,4.969166666666666,4.969166666666667,0.009259259259259259,0.009259259259259259,0.009259259259259259,0.0,4.981237040740741
6,1,80,13,39,8,431,0,1392760971.715836,87941928960.71039,530242104493.0957,1.0,1.0,1.0,0.0,6e-05,5.0,4.97225,4.97225,0.008333333333333333,0.008333333333333333,0.008333333333333333,0.0,4.9830836666666665
6,1,90,12,39,7,287,0,1775550470.896399,74369461930.10612,478885923662.49475,1.0,1.0,1.0,0.0,5.9e-05,5.0,4.975514705882353,4.975514705882353,0.007352941176470588,0.007352941176470588,0.007352941176470588,0.0,4.985047770588235
6,2,30,22,40,11,356,0,335297332.1294595,22570858783.505577,140896824514.8036,1.0,1.0,1.0,0.0,6e-05,5.0,4.929148936170212,4.929148936170212,0.02127659574468085,0.02127659574468085,0.02127659574468085,0.0,4.957210085106383
6,2,40,25,40,18,866,0,804657784.6899531,46926910148.219986,278577863780.7084,1.0,1.0,1.0,0.0,6.1e-05,5.0,4.946290322580645,4.946290322580645,0.016129032258064516,0.016129032258064516,0.016129032258064516,0.0,4.967495764516128
6,2,50,23,40,16,840,0,890125557.2095685,54222592248.303955,339940182589.452,1.0,1.0,1.0,0.0,5.75e-05,5.0,4.955,4.955,0.013513513513513514,0.013513513513513514,0.013513513513513514,0.0,4.972739236486486
6,2,60,23,40,16,638,0,930729483.404124,58675574422.16297,386645836040.5066,1.0,1.0,1.0,0.0,5.9e-05,5.0,4.963596774193549,4.963596774193549,0.01093189964157706,0.01093189964157706,0.01093189964157706,0.0,4.977893432616487
6,2,70,24,40,16,669,0,1049510251.2691905,65653651082.19827,429102664659.0681,1.0,1.0,1.0,0.0,5.7e-05,5.0,4.9678193277310925,4.9678193277310925,0.009663865546218488,0.009663865546218488,0.009663865546218488,0.0,4.980436832773109
6,2,80,23,41,16,707,0,1419464346.6821394,79239882548.35696,476126578637.8917,1.0,1.0,1.0,0.0,5.6e-05,5.0,4.971634406263592,4.971634406263593,0.00851819631723938,0.00851819631723938,0.00851819631723938,0.0,4.982731325561838
6,2,90,23,41,16,726,0,1435308031.2466412,90957436643.39177,548281322156.0082,1.0,1.0,1.0,0.0,5.9e-05,5.0,4.974578671328671,4.974578671328672,0.007634032634032634,0.007634032634032634,0.007634032634032634,0.0,4.984485868764568
6,3,30,32,41,22,774,0,255627885.23226,25412270197.4417,151858148283.48218,1.0,1.0,1.0,0.0,5.766666666666667e-05,5.0,4.926489039329465,4.926489039329464,0.022075363564725267,0.022075363564725267,0.022075363564725267,0.0,4.955623381567448
6,3,40,31,41,21,843,0,622508867.0985407,40850316512.12554,237066705194.83182,1.0,1.0,1.0,0.0,5.766666666666667e-05,5.0,4.942910578609001,4.942910578608999,0.017143970387687512,0.017143970387687512,0.017143970387687512,0.0,4.965481236528345
6,3,50,32,41,23,703,0,530481456.6254933,35895773906.4514,225745907069.5964,1.0,1.0,1.0,0.0,5.8e-05,5.0,4.953520711024136,4.953520711024136,0.01395774443719649,0.01395774443719649,0.01395774443719649,0.0,4.971849068870044
6,3,60,34,41,23,1022,0,813868681.5656424,53354080900.71558,334682062405.4988,1.0,1.0,1.0,0.0,5.833333333333333e-05,5.0,4.960512605042017,4.960512605042016,0.011858076563958916,0.011858076563958916,0.011858076563958916,0.0,4.976044871615313
6,3,70,35,41,23,1172,0,1046927908.163784,66797601922.29471,421744858900.31494,1.0,1.0,1.0,0.06644800000000001,5.7333333333333336e-05,5.0,4.9653125000000005,4.9653125000000005,0.010416666666666666,0.010416666666666666,0.010416666666666666,0.0009492571428571429,4.974848744285714
6,3,80,33,41,24,1086,0,1137395529.3861141,72394921944.15242,455536552298.5096,1.0,1.0,1.0,0.0,5.633333333333334e-05,5.0,4.969633027522936,4.969633027522936,0.009119210954073339,0.009119210954073339,0.009119210954073339,0.0,4.981528463969474
6,3,90,32,42,24,964,0,1308942637.3944287,84769868455.4251,520504212460.9951,1.0,1.0,1.0,0.0,5.6e-05,5.0,4.9737035784536685,4.973703578453669,0.007896823287186626,0.007896823287186626,0.007896823287186626,0.0,4.9839734502489135
6,4,30,34,42,20,885,0,361528198.11773926,25527686346.427002,153934690521.12305,1.0,1.0,1.0,0.0,5.75e-05,5.0,4.920230836236933,4.920230836236933,0.02395470383275261,0.02395470383275261,0.02395470383275261,0.0,4.951867297038327
6,4,40,39,42,32,1243,0,432096359.0808288,30151430349.418613,189697002034.85513,1.0,1.0,1.0,0.0,5.525e-05,5.0,4.938000099350336,4.938000099350335,0.018618588783683124,0.018618588783683124,0.018618588783683124,0.0,4.9625438660214165
6,4,50,41,42,31,1038,0,507375407.41446376,35397122168.7827,218727654735.15256,1.0,1.0,1.0,0.07145475,5.75e-05,5.0,4.94991065113552,4.949910651135519,0.01504184650585002,0.01504184650585002,0.01504184650585002,0.001429095,4.963538990334806
6,4,60,42,42,30,1041,0,727583102.9568603,45208969013.85718,279330191628.22687,1.0,1.0,1.0,0.0,5.725e-05,5.0,4.958481050133673,4.958481050133673,0.012468153113011023,0.012468153113011023,0.012468153113011023,0.0,4.974829986927091
6,4,70,42,42,30,1316,0,788153715.722094,60784334705.48578,388156570288.36426,1.0,1.0,1.0,0.04690775,5.575e-05,5.0,4.963289684437007,4.963289684437007,0.011024118787685605,0.011024118787685605,0.011024118787685605,0.0006701107142857143,4.974841585471987
6,4,80,45,42,31,1381,0,1013754624.134128,71625108971.30865,442432171155.0386,1.0,1.0,1.0,0.0,5.7e-05,5.0,4.9683562371987025,4.968356237198704,0.009502631471860885,0.009502631471860885,0.009502631471860885,0.0,4.98075913968775
6,4,90,44,42,32,1411,0,1103197173.8165898,83935504604.25153,507808979609.0226,1.0,1.0,1.0,0.0,5.6750000000000004e-05,5.0,4.972133403361344,4.972133403361345,0.008368347338935574,0.008368347338935574,0.008368347338935574,0.0,4.983027648669467
6,5,30,46,42,35,1385,0,279050629.544758,20832691993.374775,127363237030.95486,1.0,1.0,1.0,0.0,4.98e-05,5.0,4.910947368421052,4.910947368421053,0.0267425320056899,0.0267425320056899,0.0267425320056899,0.0,4.946327538520626
6,5,40,51,42,34,1372,0,304236291.4594586,30403943807.422913,186747742659.43423,1.0,1.0,1.0,0.13262800000000002,5.9199999999999996e-05,5.0,4.9348983593437366,4.9348983593437366,0.019550042239117868,0.019550042239117868,0.019550042239117868,0.0033157,4.9464073955640036
6,5,50,48,42,36,1317,0,422388653.1125476,34286494712.696674,215515948415.7845,1.0,1.0,1.0,0.0,5.7799999999999995e-05,5.0,4.947633310439561,4.94763331043956,0.015725732600732602,0.015725732600732602,0.015725732600732602,0.0,4.968315720531135
6,5,60,49,42,34,1129,0,501844328.2769502,37892452395.927185,240953843510.61758,1.0,1.0,1.0,0.2054802,5.9999999999999995e-05,5.0,4.95570420378468,4.95570420378468,0.01330204090550161,0.01330204090550161,0.01330204090550161,0.0034246700000000003,4.958425139229902
6,5,70,52,42,36,1360,0,534824810.3584712,45434109594.68306,288120456106.0675,1.0,1.0,1.0,0.375375,5.58e-05,5.0,4.960056827531611,4.96005682753161,0.011994946687204088,0.011994946687204088,0.011994946687204088,0.0053625,4.952723411572279
6,5,80,52,42,35,1688,0,783510037.670779,62844789489.03143,414162502262.1323,1.0,1.0,1.0,0.1377928,5.6800000000000005e-05,5.0,4.965303648325359,4.965303648325359,0.010419324827219563,0.010419324827219563,0.010419324827219563,0.00172241,4.971521166670388
6,5,90,52,42,36,1456,0,870878751.6741136,66467167077.51811,411482523620.91003,1.0,1.0,1.0,0.3642944,5.66e-05,5.0,4.969885930735931,4.9698859307359315,0.009043264043264044,0.009043264043264044,0.009043264043264044,0.004047715555555555,4.964273958288627
6,6,30,47,42,32,1418,0,250841949.16212013,17630692679.63025,102411698394.89113,1.0,1.0,1.0,1.375009333333333,7.15e-05,5.0,4.896262215370019,4.89626221537002,0.03115248787687118,0.03115248787687118,0.03115248787687118,0.04583364444444444,4.7403340556230225
6,6,40,59,42,43,1764,0,298728483.2905087,25383201979.522858,146664415536.9052,1.0,1.0,1.0,2.261533,5.6666666666666664e-05,5.0,4.924326399509693,4.924326399509693,0.02272480495204394,0.02272480495204394,0.02272480495204394,0.056538325,4.711214650734197
6,6,50,57,42,41,1425,0,376203643.539094,29399212828.776203,180882105405.2634,1.0,1.0,1.0,1.2885748333333333,7.000000000000001e-05,5.0,4.941275198407705,4.941275198407703,0.017635075553242223,0.017635075553242223,0.017635075553242223,0.025771496666666668,4.853629048302402
6,6,60,54,42,38,1219,0,346871532.7642519,32055985387.461857,194370781261.90988,1.0,1.0,1.0,0.48394399999999993,7.666666666666668e-05,5.0,4.950527697480974,4.950527697480974,0.01485654730301064,0.01485654730301064,0.01485654730301064,0.008065733333333333,4.935289441941282
6,6,70,57,42,39,1506,0,510994556.4335759,40587810321.658455,264081669081.45627,1.0,1.0,1.0,0.944026,5.716666666666666e-05,5.0,4.95688969242759,4.9568896924275885,0.012946038310033344,0.012946038310033344,0.012946038310033344,0.013486085714285716,4.915884884180148
6,6,80,59,42,38,1389,0,581603888.645766,45928537960.27537,286933085561.78534,1.0,1.0,1.0,1.731671666666667,5.566666666666667e-05,5.0,4.9619653072190255,4.961965307219025,0.011421829663956475,0.011421829663956475,0.011421829663956475,0.021645895833333335,4.883851043751751
6,6,90,55,42,37,1406,0,592926050.96797,52738712727.39887,331388498183.8021,1.0,1.0,1.0,1.5510546666666671,7.883333333333333e-05,5.0,4.966161769749156,4.966161769749156,0.010161630705959638,0.010161630705959638,0.010161630705959638,0.017233940740740743,4.905241971700268
6,7,30,49,43,38,1510,0,160955001.04727885,16042377738.62732,93442504480.25533,1.0,1.0,1.0,2.0928364285714283,0.00013957142857142857,5.0,4.8908595760885,4.890859576088501,0.03277490207552555,0.03277490207552555,0.03277490207552555,0.06976121428571427,4.633909592179596
6,7,40,56,42,38,1587,0,197153413.0360086,20465083639.180267,121822594405.3395,1.0,1.0,1.0,5.114209857142858,0.00020885714285714287,5.0,4.911713393859567,4.911713393859569,0.02651249433646603,0.02651249433646603,0.02651249433646603,0.12785524642857143,4.396325878464261
6,7,50,59,42,38,1366,0,260224872.82945627,24070416886.17316,152353286364.9691,1.0,1.0,1.0,4.689404285714287,6.142857142857143e-05,5.0,4.9320552285722,4.9320552285722,0.02040383526360341,0.02040383526360341,0.02040383526360341,0.09378808571428572,4.555659821879486
6,7,60,62,42,39,1331,0,361077205.3048119,31067629634.50052,188635231206.33298,1.0,1.0,1.0,3.125924142857143,6.371428571428572e-05,5.0,4.946328744214811,4.946328744214811,0.016117494229786578,0.016117494229786578,0.016117494229786578,0.052098735714285714,4.743482594034657
6,7,70,61,42,41,1500,0,456350111.1621846,36180492623.70429,233837596918.8724,1.0,1.0,1.0,3.6265124285714285,7.171428571428571e-05,5.0,4.9534656120244085,4.9534656120244085,0.013974290683360835,0.013974290683360835,0.013974290683360835,0.05180732040816327,4.748985543740288
6,7,80,61,42,41,1433,0,446792598.920749,40475907572.86974,258732594771.5825,1.0,1.0,1.0,4.194854428571429,6.342857142857142e-05,5.0,4.959072703308958,4.959072703308958,0.012290479486799465,0.012290479486799465,0.012290479486799465,0.05243568035714286,4.74968516311303
6,7,90,61,42,40,1448,0,433652512.67121774,44639187527.906906,276292682254.8902,1.0,1.0,1.0,5.039430285714286,6.714285714285714e-05,5.0,4.962730334355501,4.962730334355501,0.011192091785134745,0.011192091785134745,0.011192091785134745,0.05599366984126985,4.736565513918341
6,8,30,50,42,40,1501,0,114339720.18086,13650520248.432497,84354033624.04404,1.0,1.0,1.0,3.675002750000001,0.000145,5.0,4.885574684887668,4.88557468488767,0.03436195649018925,0.03436195649018925,0.03436195649018925,0.12250009166666667,4.4039365548094445
6,8,40,70,42,49,2095,0,217835065.4243174,21007239390.867516,125838464796.53148,1.0,1.0,1.0,4.1510191249999995,5.625e-05,5.0,4.913905619090212,4.913905619090212,0.025854168441377744,0.025854168441377744,0.025854168441377744,0.103775478125,4.501841086348185
6,8,50,57,42,40,1565,0,246163950.27787563,22357875337.291378,130582689625.2752,1.0,1.0,1.0,9.745321375,0.0002485,5.0,4.923241539944657,4.923241539944657,0.02305058860520807,0.02305058860520807,0.02305058860520807,0.1949064275,4.1147556851281895
6,8,60,61,42,46,1901,0,332483047.659241,31286666904.54569,191165082278.33722,1.0,1.0,1.0,6.387162249999999,7.425e-05,5.0,4.940260128420286,4.940260128420285,0.017939901375289613,0.017939901375289613,0.017939901375289613,0.10645270416666668,4.5060722342341295
6,8,70,65,42,43,1581,0,338115921.88611615,31446164426.362885,200551197020.58582,1.0,1.0,1.0,7.859512125,5.6875e-05,5.0,4.949492158861063,4.949492158861063,0.015167519861542631,0.015167519861542631,0.015167519861542631,0.11227874464285714,4.48663696333249
6,8,80,64,42,43,1635,0,378260485.4517845,38219963161.316185,240098758379.59055,1.0,1.0,1.0,8.380611000000002,6.8625e-05,5.0,4.955160335357587,4.955160335357587,0.013465364757481288,0.013465364757481288,0.013465364757481288,0.1047576375,4.522329807099795
6,8,90,66,42,44,1636,0,391762655.30338097,40994866654.675575,262707158567.85736,1.0,1.0,1.0,10.345756,0.00038312500000000006,5.0,4.959751442455738,4.959751442455738,0.012086653917195784,0.012086653917195784,0.012086653917195784,0.11495284444444444,4.479894110208415
6,9,30,58,43,42,1835,0,135628961.749316,12019582570.659908,66761338909.89616,1.0,1.0,1.0,7.1461752222222215,0.00014566666666666667,5.0,4.863921587186205,4.863921587186205,0.0408643882323709,0.0408643882323709,0.0408643882323709,0.2382058407407408,3.893400606071639
6,9,40,54,43,39,1480,0,168386293.0338151,15222028592.584177,91431841962.83511,1.0,1.0,1.0,9.96227388888889,6.444444444444444e-05,5.0,4.897003586010938,4.897003586010938,0.030929854050769083,0.030929854050769083,0.030929854050769083,0.24905684722222224,3.8669496675858457
6,9,50,70,42,46,1771,0,273079718.4866201,21789253797.638145,135844478308.09674,1.0,1.0,1.0,9.053300999999998,0.00023766666666666665,5.0,4.923413259306885,4.923413259306885,0.02299902122916359,0.02299902122916359,0.02299902122916359,0.18106601999999997,4.174419103896236
6,9,60,65,42,43,1693,0,266557616.53411764,24725583288.28622,153145511281.61237,1.0,1.0,1.0,12.709297999999999,6.133333333333332e-05,5.0,4.931667077163133,4.931667077163133,0.020520397248308453,0.020520397248308453,0.020520397248308453,0.21182163333333326,4.047882969233965
6,9,70,67,43,43,1766,0,310381492.78562057,29192860533.649002,186167816097.96252,1.0,1.0,1.0,14.553961555555556,0.0002562222222222222,5.0,4.942308558478879,4.942308558478879,0.017324757213549997,0.017324757213549997,0.017324757213549997,0.2079137365079365,4.07023698779043
6,9,80,66,42,46,1797,0,368406377.22228366,33820048315.968803,211738093991.92902,1.0,1.0,1.0,15.413112111111111,0.0002568888888888889,5.0,4.950054770520833,4.950054770520832,0.014998567411161385,0.014998567411161385,0.014998567411161385,0.1926639013888889,4.140458465550644
6,9,90,63,42,41,1632,0,401425029.44176346,35016963272.70726,225914692365.5785,1.0,1.0,1.0,21.29212822222222,0.00011433333333333333,5.0,4.952773655841745,4.952773655841745,0.014182085332809517,0.014182085332809517,0.014182085332809517,0.2365792024691358,3.9538678074690967
6,10,30,48,42,45,1803,0,147564618.5960749,12980585738.973701,68687454473.51074,1.0,1.0,1.0,7.662926800000001,5.64e-05,5.0,4.863610805064502,4.863610805064502,0.04095771619684663,0.04095771619684663,0.04095771619684663,0.2554308933333333,3.81953016398917
6,10,40,62,43,43,1748,0,171763710.1126931,16476257196.050594,94865054977.429,1.0,1.0,1.0,10.846969699999999,6.290000000000001e-05,5.0,4.892509997772189,4.89250999777219,0.032279279948291266,0.032279279948291266,0.032279279948291266,0.2711742425,3.7691540066333657
6,10,50,62,43,49,2021,0,230420172.5676063,21757417986.775745,131738290958.60042,1.0,1.0,1.0,11.809029900000002,5.65e-05,5.0,4.916810312352038,4.916810312352038,0.024981888182571146,0.024981888182571146,0.024981888182571146,0.23618059799999996,3.93424168412304
6,10,60,65,42,46,1829,0,254632947.43674988,23331099041.80651,146705584198.72028,1.0,1.0,1.0,15.647780100000002,0.00013299999999999998,5.0,4.928233647376483,4.928233647376483,0.021551457244299653,0.021551457244299653,0.021551457244299653,0.260796335,3.834922496468645
6,10,70,64,43,41,1594,0,307410013.2772732,25167188184.40229,158699589675.73285,1.0,1.0,1.0,18.459110000000003,0.000145,5.0,4.936969443727919,4.936969443727918,0.018928094976601157,0.018928094976601157,0.018928094976601157,0.2637015714285714,3.8276224809989166
6,10,80,72,42,46,1485,0,245767574.0006361,30263908524.387066,186160818422.56396,1.0,1.0,1.0,16.201826699999998,0.0001144,5.0,4.949456072491974,4.949456072491973,0.01517835660901696,0.01517835660901696,0.01517835660901696,0.20252283374999996,4.098318360013574
6,10,90,65,43,43,1877,0,345123728.93771094,36592208207.68611,220484204016.38135,1.0,1.0,1.0,25.8719118,8.349999999999998e-05,5.0,4.948945217734456,4.948945217734455,0.015331766446109455,0.015331766446109455,0.015331766446109455,0.2874656866666667,3.732890296207561
6,11,30,70,42,45,1890,0,92659096.14960891,10069762954.376629,60806483459.28846,1.0,1.0,1.0,10.500255727272728,0.00020863636363636361,5.0,4.845196665847156,4.845196665847156,0.04648748773358718,0.04648748773358718,0.04648748773358718,0.35000852424242423,3.4011377214144987
6,11,40,68,43,48,1900,0,158973806.57503307,15575174582.381275,86802655328.27248,1.0,1.0,1.0,10.623642636363636,0.00015454545454545454,5.0,4.892687340153688,4.892687340153688,0.032226023977871575,0.032226023977871575,0.032226023977871575,0.2655910659090909,3.7928740492045985
6,11,50,65,42,45,1891,0,166286065.36716798,17794247392.737137,113442291554.09552,1.0,1.0,1.0,16.749706818181817,7.436363636363635e-05,5.0,4.905753357596819,4.905753357596819,0.02830229501597051,0.02830229501597051,0.02830229501597051,0.33499413636363634,3.502629162263075
6,11,60,71,43,43,1467,0,220294843.814235,19360479651.503086,120060363773.5688,1.0,1.0,1.0,17.93977018181818,5.681818181818182e-05,5.0,4.923189840416706,4.923189840416707,0.023066113988977035,0.023066113988977035,0.023066113988977035,0.2989961696969697,3.667962990257246
6,11,70,68,43,46,1746,0,227923491.1026041,23487416915.365864,146941792751.17087,1.0,1.0,1.0,22.807668727272723,6.209090909090909e-05,5.0,4.931929064219978,4.931929064219978,0.02044172245646298,0.02044172245646298,0.02044172245646298,0.32582383896103895,3.557827498367972
6,11,80,73,42,46,1726,0,245758312.2615489,27431687998.279495,171721913706.54453,1.0,1.0,1.0,23.225641545454547,6.845454545454547e-05,5.0,4.943282002997706,4.943282002997705,0.017032431532220633,0.017032431532220633,0.017032431532220633,0.29032051931818176,3.717279581753454
6,11,90,69,43,48,1903,0,344638316.6686707,34159371156.34652,206291176653.82678,1.0,1.0,1.0,25.904420181818182,5.98181818181818e-05,5.0,4.949786106334964,4.9497861063349635,0.015079247346857505,0.015079247346857505,0.015079247346857505,0.2878268909090909,3.7319437354627216
6,12,30,46,43,50,2448,0,108603297.20721053,10331062065.862284,60650573058.011505,1.0,1.0,1.0,10.477254583333334,5.741666666666666e-05,5.0,4.843144122672993,4.843144122672993,0.04710386706516737,0.04710386706516737,0.04710386706516737,0.34924181944444443,3.4038526544589534
6,12,40,65,42,43,1705,0,136934594.0750577,13397082118.63355,76287349185.45793,1.0,1.0,1.0,12.843234833333334,6.391666666666664e-05,5.0,4.883617707359844,4.883617707359844,0.034949637429476134,0.034949637429476134,0.034949637429476134,0.3210808708333333,3.5492130885284774
6,12,50,71,43,43,1670,0,144235115.31819168,14548092927.297468,89390148893.72734,1.0,1.0,1.0,19.297876416666664,9.224999999999999e-05,5.0,4.8960597235587295,4.896059723558731,0.0312132962286093,0.0312132962286093,0.0312132962286093,0.38595752833333324,3.2775905740056768
6,12,60,70,43,44,1852,0,177542278.37430587,18311478603.255787,120969402209.25835,1.0,1.0,1.0,21.995792499999997,6.175e-05,5.0,4.914786775843454,4.914786775843455,0.025589556803767444,0.025589556803767444,0.025589556803767444,0.3665965416666667,3.372215821782602
6,12,70,69,43,46,1493,0,204334069.7970791,20169419350.87599,125223283473.33809,1.0,1.0,1.0,22.5227575,6.85e-05,5.0,4.932181532432827,4.932181532432827,0.020365906176328174,0.020365906176328174,0.020365906176328174,0.32175367857142856,3.5754531856963774
6,12,80,69,43,47,1956,0,278523290.90761834,26784885493.219784,170793334390.67178,1.0,1.0,1.0,27.41687325,0.0002173333333333333,5.0,4.93911447628503,4.93911447628503,0.018283941055546617,0.018283941055546617,0.018283941055546617,0.34271091562499995,3.4888589313091285
6,12,90,68,43,43,1909,0,275765616.9994307,28691132210.710403,186302638095.49722,1.0,1.0,1.0,34.32378516666666,9.475e-05,5.0,4.9416546217336395,4.9416546217336395,0.01752113461452273,0.01752113461452273,0.01752113461452273,0.38137539074074084,3.324653646720383
6,13,30,59,43,43,1984,0,73013968.17290868,8655777790.844313,53579440635.84288,1.0,1.0,1.0,11.743034230769231,0.00022699999999999996,5.0,4.834124723960251,4.834124723960251,0.04981239520713205,0.04981239520713205,0.04981239520713205,0.39143447435897427,3.216280682237353
6,13,40,71,43,41,1706,0,125770232.3405907,11640897172.637074,69309135989.75934,1.0,1.0,1.0,17.37460976923077,5.6153846153846144e-05,5.0,4.865660411439174,4.865660411439174,0.04034221878703484,0.04034221878703484,0.04034221878703484,0.43436524423076917,3.051343892913948
6,13,50,71,43,44,1737,0,173529779.53778246,14352722299.741314,86730423339.71188,1.0,1.0,1.0,20.59120146153846,0.0001533076923076923,5.0,4.895726408514003,4.895726408514004,0.03131339083663562,0.03131339083663562,0.03131339083663562,0.4118240292307692,3.1659019829483346
6,13,60,71,43,44,1746,0,173526001.4006553,18127207741.020096,110191650174.87196,1.0,1.0,1.0,23.658810461538458,5.646153846153846e-05,5.0,4.911754321446759,4.911754321446761,0.026500203769741833,0.026500203769741833,0.026500203769741833,0.3943135076923077,3.2512352249719787
6,13,70,71,43,46,1672,0,230138661.18409458,20552787799.57992,124621176680.56007,1.0,1.0,1.0,26.296442,0.00014699999999999997,5.0,4.9272705831303,4.9272705831303,0.02184066572663683,0.02184066572663683,0.02184066572663683,0.37566345714285715,3.340355543498168
6,13,80,73,43,49,1755,0,248755417.50128633,23647637619.711906,143716023001.25336,1.0,1.0,1.0,29.837570538461538,0.0002546923076923077,5.0,4.93548840283187,4.93548840283187,0.01937285200244113,0.01937285200244113,0.01937285200244113,0.37296963173076925,3.3564090754817353
6,13,90,71,43,47,1888,0,262881246.09146008,27434286264.824547,179577183269.82715,1.0,1.0,1.0,33.64495892307692,5.884615384615384e-05,5.0,4.942513200691195,4.942513200691195,0.017263303095737068,0.017263303095737068,0.017263303095737068,0.37383287692307693,3.3577562478808525
6,14,30,72,43,49,2324,0,64930580.84920265,8218259069.71861,50133809419.86223,1.0,1.0,1.0,13.222360428571431,7.342857142857143e-05,5.0,4.817609479802307,4.817609479802307,0.05477192798729537,0.05477192798729537,0.05477192798729537,0.44074534761904766,2.994990178334349
6,14,40,76,43,48,1973,0,109856653.57866822,11098914437.966898,68682766999.315956,1.0,1.0,1.0,17.023639999999997,0.0001057857142857143,5.0,4.866493416041284,4.866493416041284,0.04009206725486979,0.04009206725486979,0.04009206725486979,0.425591,3.0893597789860867
6,14,50,65,43,39,1599,0,169669749.67300805,12561579478.617737,73418801597.39284,1.0,1.0,1.0,24.177718499999997,5.807142857142856e-05,5.0,4.879751379305893,4.879751379305894,0.03611069690513703,0.03611069690513703,0.03611069690513703,0.4835543699999999,2.8482812187437743
6,14,60,72,43,43,1634,0,164429226.9550267,15800387112.89433,95191355763.7884,1.0,1.0,1.0,27.31083135714286,6.921428571428572e-05,5.0,4.905729844511202,4.905729844511204,0.02830935600264169,0.02830935600264169,0.02830935600264169,0.4551805226190477,2.9858357286602426
6,14,70,72,43,47,1985,0,177812154.25846267,18675406536.808952,120258793354.04018,1.0,1.0,1.0,32.069552785714286,0.00014835714285714292,5.0,4.917061562967108,4.917061562967108,0.024906437547414985,0.024906437547414985,0.024906437547414985,0.45813646836734684,2.9795872816488402
6,14,80,71,43,46,1620,0,199313176.62511817,20140526809.316223,123027452489.32974,1.0,1.0,1.0,34.7476225,6.228571428571428e-05,5.0,4.9292395303833585,4.9292395303833585,0.021249390275267316,0.021249390275267316,0.021249390275267316,0.4343452812500001,3.0895699308933118
6,14,90,69,43,46,1829,0,240424947.1526464,24006192864.848904,146225169950.1435,1.0,1.0,1.0,41.238606000000004,7.192857142857142e-05,5.0,4.934615378501026,4.934615378501026,0.019635021471163583,0.019635021471163583,0.019635021471163583,0.4582067333333334,2.9901513458886684
6,15,30,73,43,38,1969,0,83553253.00080918,8333112438.163609,50374082965.6615,1.0,1.0,1.0,14.167356733333332,8.146666666666666e-05,5.0,4.815184828817704,4.815184828817704,0.05550005140609528,0.05550005140609528,0.05550005140609528,0.4722452244444444,2.858050625461438
6,15,40,69,43,47,2189,0,129756539.51622269,11553288657.24775,65272829526.11254,1.0,1.0,1.0,17.934355933333332,6.693333333333332e-05,5.0,4.860234885964008,4.860234885964008,0.041971505716514014,0.041971505716514014,0.041971505716514014,0.44835889833333326,2.9878678839060218
6,15,50,79,43,47,1991,0,124865094.96093908,13556995168.976635,77459679291.815,1.0,1.0,1.0,23.644815733333335,0.00015093333333333333,5.0,4.881289096534104,4.881289096534106,0.03564891995972826,0.03564891995972826,0.03564891995972826,0.47289631466666665,2.8946346426005025
6,15,60,71,43,49,1848,0,145955290.5631933,14541629822.160177,89954387892.61006,1.0,1.0,1.0,28.740733066666664,0.00045493333333333335,5.0,4.901668073103229,4.90166807310323,0.029529107176207374,0.029529107176207374,0.029529107176207374,0.47901221777777786,2.8792625649769836
6,15,70,71,43,47,1772,0,168446780.1236827,18045753950.18656,112064410430.82535,1.0,1.0,1.0,32.755463,6.153333333333333e-05,5.0,4.918662903679515,4.918662903679515,0.024425554450596392,0.024425554450596392,0.024425554450596392,0.4679351857142856,2.9387874247484955
6,15,80,75,43,48,1679,0,199382147.26475734,18385252765.72128,116584170146.13885,1.0,1.0,1.0,36.39450086666667,7.066666666666666e-05,5.0,4.926430163129419,4.926430163129419,0.022093044105279513,0.022093044105279513,0.022093044105279513,0.4549312608333334,2.9993277165835464
6,15,90,76,43,50,1948,0,221034247.3300574,23284781823.46065,146845854608.81094,1.0,1.0,1.0,39.95795926666666,0.0004384,5.0,4.935903720570196,4.935903720570195,0.019248131960902463,0.019248131960902463,0.019248131960902463,0.44397732518518523,3.05053536591386
7,1,30,12,38,6,301,0,657328419.065814,35242315653.1959,200277578791.799,1.0,1.0,1.0,0.0,5.5e-05,5.0,4.930625,4.930624999999999,0.020833333333333332,0.020833333333333332,0.020833333333333332,0.0,4.958117666666667
7,1,40,9,39,7,229,0,532456617.975424,32063788428.25635,200730298273.30856,1.0,1.0,1.0,0.0,5.5e-05,5.0,4.949545454545455,4.949545454545454,0.015151515151515152,0.015151515151515152,0.015151515151515152,0.0,4.969475621212121
7,1,50,10,39,7,215,0,758402661.47676,40596744136.65508,261485130350.07364,1.0,1.0,1.0,0.0,5.7e-05,5.0,4.958888888888889,4.958888888888889,0.012345679012345678,0.012345679012345678,0.012345679012345678,0.0,4.97507588765432
7,1,60,10,39,7,232,0,1002525700.242493,46695577873.34705,306920959952.7928,1.0,1.0,1.0,0.0,6e-05,5.0,4.9645744680851065,4.9645744680851065,0.010638297872340425,0.010638297872340425,0.010638297872340425,0.0,4.978476042553192
7,1,70,11,39,7,365,0,1471911813.306254,78416520649.27037,494077867145.1588,1.0,1.0,1.0,0.0,5.8e-05,5.0,4.9688785046728965,4.968878504672897,0.009345794392523364,0.009345794392523364,0.009345794392523364,0.0,4.981068357009345
7,1,80,10,39,7,265,0,1087425294.841529,71365327757.75256,446544766724.0022,1.0,1.0,1.0,0.0,5.6e-05,5.0,4.973145161290322,4.973145161290323,0.008064516129032258,0.008064516129032258,0.008064516129032258,0.0,4.9836382322580635
7,1,90,10,39,7,371,0,2034849110.698656,110800531610.69861,642688628574.6383,1.0,1.0,1.0,0.0,5.9e-05,5.0,4.975869565217391,4.975869565217391,0.007246376811594203,0.007246376811594203,0.007246376811594203,0.0,4.985260792753624
7,2,30,14,40,9,387,0,469599377.179239,27850673444.26026,168947250907.60938,1.0,1.0,1.0,0.0,5.75e-05,5.0,4.927574468085107,4.927574468085106,0.021749408983451537,0.021749408983451537,0.021749408983451537,0.0,4.956275681442079
7,2,40,20,40,14,515,0,615704753.150974,38759037429.39125,239350484619.00464,1.0,1.0,1.0,0.0,6.05e-05,5.0,4.946234375,4.9462343749999995,0.01614583333333333,0.01614583333333333,0.01614583333333333,0.0,4.967464329166667
7,2,50,20,40,14,422,0,602088368.915405,37010565003.17898,248419602393.48993,1.0,1.0,1.0,0.0,5.8e-05,5.0,4.956745951417004,4.956745951417004,0.012989203778677462,0.012989203778677462,0.012989203778677462,0.0,4.973785181646424
7,2,60,19,40,14,456,0,766346636.069266,46624877673.254105,316011952326.37103,1.0,1.0,1.0,0.0,5.9499999999999996e-05,5.0,4.963402173913043,4.963402173913044,0.010990338164251209,0.010990338164251209,0.010990338164251209,0.0,4.977774464009661
7,2,70,20,40,15,751,0,1319448528.4430299,81950666860.13394,510387389783.4977,1.0,1.0,1.0,0.0,5.6e-05,5.0,4.968133241758242,4.968133241758242,0.00956959706959707,0.00956959706959707,0.00956959706959707,0.0,4.980629575457875
7,2,80,20,40,14,599,0,1389476126.4478025,76844669216.22374,487408388513.50586,1.0,1.0,1.0,0.0,5.7e-05,5.0,4.972133403361344,4.972133403361345,0.008368347338935574,0.008368347338935574,0.008368347338935574,0.0,4.983026573669468
7,2,90,20,41,14,550,0,1166797105.7435184,83873085596.26889,506277773721.3978,1.0,1.0,1.0,0.0,5.6e-05,5.0,4.975424019607843,4.975424019607843,0.007380174291938998,0.007380174291938998,0.007380174291938998,0.0,4.985006231590414
7,3,30,29,41,19,732,0,285047596.20404434,25516900229.75189,146240426987.1873,1.0,1.0,1.0,0.0,5.7e-05,5.0,4.924774327122153,4.924774327122153,0.022590292155509548,0.022590292155509548,0.022590292155509548,0.0,4.954596905981137
7,3,40,27,41,22,887,0,605667923.8714494,39899263094.9181,254303587696.9454,1.0,1.0,1.0,0.0,5.666666666666667e-05,5.0,4.944500000000001,4.9445,0.016666666666666666,0.016666666666666666,0.016666666666666666,0.0,4.966439666666667
7,3,50,27,41,21,633,0,605239221.0056233,34985068169.3565,222855596982.8445,1.0,1.0,1.0,0.0,5.766666666666667e-05,5.0,4.954566197183099,4.954566197183098,0.013643784629700124,0.013643784629700124,0.013643784629700124,0.0,4.972478107858563
7,3,60,30,41,20,986,0,913694609.075378,59968196732.56539,379307188117.9682,1.0,1.0,1.0,0.0,5.8666666666666665e-05,5.0,4.960353396780398,4.960353396780398,0.01190588685273306,0.01190588685273306,0.01190588685273306,0.0,4.97594786551472
7,3,70,31,41,21,1044,0,1153722233.9524634,72886333318.62517,454590693080.8494,1.0,1.0,1.0,0.0,4.566666666666667e-05,5.0,4.966585658565857,4.966585658565857,0.010034336767010035,0.010034336767010035,0.010034336767010035,0.0,4.97974499413608
7,3,80,31,42,22,964,0,1129607006.0572822,79942593048.52826,490790052223.7316,1.0,1.0,1.0,0.0,5.666666666666667e-05,5.0,4.970872643324355,4.9708726433243555,0.008746953956649994,0.008746953956649994,0.008746953956649994,0.0,4.98227117237399
7,3,90,30,42,21,961,0,1310421361.0645971,86666238837.67929,545337286646.272,1.0,1.0,1.0,0.0,5.633333333333333e-05,5.0,4.9737763012181615,4.9737763012181615,0.007874984619170666,0.007874984619170666,0.007874984619170666,0.0,4.984015672412944
7,4,30,29,42,24,951,0,408567173.70107573,24036235164.020744,147322393879.92978,1.0,1.0,1.0,0.0708135,5.6000000000000006e-05,5.0,4.921131810262908,4.921131810262908,0.023684141062189842,0.023684141062189842,0.023684141062189842,0.00236045,4.9422646670166825
7,4,40,34,42,27,999,0,435343861.2399399,30820886749.885387,186103766194.56784,1.0,1.0,1.0,0.0,5.6000000000000006e-05,5.0,4.938260907621013,4.938260907621012,0.01854026798167811,0.01854026798167811,0.01854026798167811,0.0,4.962697204304625
7,4,50,41,42,26,1126,0,564309051.478687,42558480045.490395,278120194527.0904,1.0,1.0,1.0,0.0,5.6250000000000005e-05,5.0,4.951191179197182,4.951191179197181,0.014657303544389853,0.014657303544389853,0.014657303544389853,0.0,4.970458175214764
7,4,60,37,42,27,1065,0,750094256.1598557,51646380600.321945,320510668825.1514,1.0,1.0,1.0,0.02609875,5.7e-05,5.0,4.959745545068846,4.959745545068845,0.012088424904250617,0.012088424904250617,0.012088424904250617,0.00043497916666666663,4.973719728199736
7,4,70,37,42,25,922,0,822335274.2866604,54552234732.46652,348323893211.1416,1.0,1.0,1.0,0.0,5.525000000000001e-05,5.0,4.965401900773196,4.965401900773196,0.010389819587628865,0.010389819587628865,0.010389819587628865,0.0,4.97899317564433
7,4,80,38,42,26,984,0,922879571.884786,63960937502.18244,397650867185.1542,1.0,1.0,1.0,0.0,5.6000000000000006e-05,5.0,4.969446969696969,4.969446969696969,0.009175084175084175,0.009175084175084175,0.009175084175084175,0.0,4.981418206734007
7,4,90,36,42,26,1309,0,1186085691.231734,85245707980.37708,520953902197.9171,1.0,1.0,1.0,0.0,5.8e-05,5.0,4.971896232319525,4.971896232319525,0.008439569874016534,0.008439569874016534,0.008439569874016534,0.0,4.982879899821841
7,5,30,35,42,29,1140,0,318687234.370551,21751126034.198402,139347717395.32648,1.0,1.0,1.0,0.036570399999999996,5.66e-05,5.0,4.917156097560975,4.917156097560976,0.024878048780487806,0.024878048780487806,0.024878048780487806,0.0012190133333333333,4.944783643154471
7,5,40,42,42,27,966,0,406927817.72271925,28235542614.456432,169237061067.66968,1.0,1.0,1.0,0.0,5.8200000000000005e-05,5.0,4.935459276018101,4.935459276018099,0.0193815987933635,0.0193815987933635,0.0193815987933635,0.0,4.961005924012066
7,5,50,46,42,30,964,0,394324826.02724296,33337520339.94408,207303142919.65604,1.0,1.0,1.0,0.0187474,5.7799999999999995e-05,5.0,4.9496775156636605,4.9496775156636605,0.015111857158059969,0.015111857158059969,0.015111857158059969,0.000374948,4.9679305811410375
7,5,60,42,42,35,1556,0,769817932.6538078,55648473958.42014,350269371662.4184,1.0,1.0,1.0,0.0246304,5.64e-05,5.0,4.95834895099605,4.958348950996049,0.012507822523708852,0.012507822523708852,0.012507822523708852,0.00041050666666666674,4.972989164108439
7,5,70,45,42,31,1247,0,701901227.6834133,51138915858.441605,336915178214.0833,1.0,1.0,1.0,0.0,5.7799999999999995e-05,5.0,4.962230632335417,4.962230632335417,0.011342152451826907,0.011342152451826907,0.011342152451826907,0.0,4.977078497248797
7,5,80,45,42,32,1228,0,748144148.3043268,59378804931.05144,364126784412.1624,1.0,1.0,1.0,0.0,5.64e-05,5.0,4.967023236684605,4.967023236684605,0.009902931926545025,0.009902931926545025,0.009902931926545025,0.0,4.979961519078836
7,5,90,44,42,31,1210,0,881827735.7910181,63771685186.420555,416124728341.763,1.0,1.0,1.0,0.030375799999999998,5.8e-05,5.0,4.970204565617584,4.970204565617584,0.008947577892617482,0.008947577892617482,0.008947577892617482,0.00033750888888888885,4.980413103570434
7,6,30,37,42,26,1098,0,237653448.24019635,20087895256.468124,115594709152.02055,1.0,1.0,1.0,0.5935655000000001,5.6833333333333344e-05,5.0,4.906495798319328,4.906495798319328,0.028079339844045727,0.028079339844045727,0.028079339844045727,0.019785516666666666,4.8585472946517525
7,6,40,54,42,34,1301,0,286770045.38097185,26507097386.942276,163504180669.36795,1.0,1.0,1.0,0.4962355,6.866666666666668e-05,5.0,4.931274368443028,4.931274368443028,0.020638327794886068,0.020638327794886068,0.020638327794886068,0.012405887499999999,4.905103399821357
7,6,50,50,42,35,1216,0,349459531.445414,31267705109.610992,196661667831.46204,1.0,1.0,1.0,0.09593266666666667,6.233333333333334e-05,5.0,4.946115375384025,4.946115375384024,0.01618156895374637,0.01618156895374637,0.01618156895374637,0.0019186533333333334,4.959134800994795
7,6,60,51,42,35,1542,0,597589291.4059858,42741139011.03291,289522783174.7844,1.0,1.0,1.0,0.04445466666666667,5.433333333333334e-05,5.0,4.953721429453917,4.953721429453917,0.013897468632457513,0.013897468632457513,0.013897468632457513,0.0007409111111111111,4.968799409092606
7,6,70,51,42,34,1548,0,627039763.067748,50970796120.78751,328279542690.1585,1.0,1.0,1.0,0.0,6.149999999999999e-05,5.0,4.959621067329372,4.959621067329371,0.012125805606795563,0.012125805606795563,0.012125805606795563,0.0,4.975496064592015
7,6,80,52,42,35,1290,0,605594426.8244933,51547174670.60992,339453128244.9404,1.0,1.0,1.0,0.010700833333333333,5.683333333333333e-05,5.0,4.965359588180178,4.965359588180178,0.010402526072018952,0.010402526072018952,0.010402526072018952,0.00013376041666666666,4.978385797257034
7,6,90,53,42,36,1660,0,839872634.1179065,67950184285.33065,442685076669.524,1.0,1.0,1.0,0.2479996666666667,5.6000000000000006e-05,5.0,4.969009236133435,4.969009236133435,0.009306535695665,0.009306535695665,0.009306535695665,0.002755551851851852,4.969306562181402
7,7,30,56,42,30,1270,0,214613342.9867163,18041403974.529957,106222151622.47696,1.0,1.0,1.0,1.195213142857143,5.6428571428571435e-05,5.0,4.8983625179543955,4.8983625179543955,0.030521766380061315,0.030521766380061315,0.030521766380061315,0.039840438095238094,4.767430462339591
7,7,40,55,42,37,1259,0,265427883.7347393,22244285033.108696,135415083417.3051,1.0,1.0,1.0,0.608753,6.685714285714286e-05,5.0,4.927794704871216,4.927794704871216,0.02168327181044583,0.02168327181044583,0.02168327181044583,0.015218825000000002,4.890926706436633
7,7,50,56,42,35,1491,0,369841834.065278,28735909964.95425,183010895787.5563,1.0,1.0,1.0,1.7806077142857144,5.614285714285714e-05,5.0,4.9370801178869765,4.937080117886974,0.018894859493400796,0.018894859493400796,0.018894859493400796,0.035612154285714286,4.808855498158406
7,7,60,57,42,39,1427,0,413457560.59220535,34717772797.73155,224413251857.3631,1.0,1.0,1.0,2.294470857142857,6.114285714285714e-05,5.0,4.95015565934452,4.95015565934452,0.014968270467110982,0.014968270467110982,0.014968270467110982,0.038241180952380945,4.805378434955292
7,7,70,56,42,38,1601,0,608714076.0669204,46198145046.68122,283124223209.222,1.0,1.0,1.0,2.2125142857142857,5.914285714285714e-05,5.0,4.956404808544458,4.956404808544457,0.013091649085748258,0.013091649085748258,0.013091649085748258,0.03160734693877551,4.83766388735514
7,7,80,57,42,39,1484,0,526311966.4399887,46677689225.78583,309167066239.9581,1.0,1.0,1.0,2.786460285714285,7.657142857142857e-05,5.0,4.962340029836176,4.962340029836176,0.011309300349496775,0.011309300349496775,0.011309300349496775,0.03483075357142857,4.827291211101356
7,7,90,56,42,39,1509,0,648121629.8506355,54044056118.61635,346839818072.7555,1.0,1.0,1.0,2.0359737142857144,5.842857142857143e-05,5.0,4.966162480121919,4.966162480121919,0.010161417380805135,0.010161417380805135,0.010161417380805135,0.022621930158730156,4.882161784116088
7,8,30,54,42,33,1451,0,227218876.05448762,16438276620.877987,91805068280.26091,1.0,1.0,1.0,2.427490625,0.0001555,5.0,4.893257114800173,4.893257114800175,0.03205492048042799,0.03205492048042799,0.03205492048042799,0.08091635416666666,4.587313241042958
7,8,40,58,42,40,1561,0,253534450.09089738,21998903951.36734,140767984252.51385,1.0,1.0,1.0,1.6811900000000004,5.725e-05,5.0,4.922164547661641,4.92216454766164,0.023374009711219012,0.023374009711219012,0.023374009711219012,0.042029750000000005,4.772301254587273
7,8,50,62,42,40,1497,0,291248303.84840727,26307669926.553185,166585790493.11215,1.0,1.0,1.0,2.3748145,0.00041825000000000006,5.0,4.935437375629987,4.935437375629986,0.019388175486490567,0.019388175486490567,0.019388175486490567,0.047496290000000004,4.755210515202505
7,8,60,57,42,39,1400,0,377433815.2896613,31036644994.126602,186724672356.4118,1.0,1.0,1.0,4.66179175,5.575e-05,5.0,4.944184437806552,4.944184437806551,0.016761430088122673,0.016761430088122673,0.016761430088122673,0.07769652916666667,4.6321591008371765
7,8,70,60,42,41,1637,0,512362092.0404303,40088417035.62644,258694922672.5021,1.0,1.0,1.0,2.936423875,6.0875e-05,5.0,4.954605199964594,4.954605199964594,0.013632072082704316,0.013632072082704316,0.013632072082704316,0.0419489125,4.792107401656675
7,8,80,58,42,40,1550,0,496067012.7958026,44259654857.79898,286345959385.1135,1.0,1.0,1.0,3.8271966249999996,7.587499999999999e-05,5.0,4.959981183003315,4.959981183003315,0.012017662761767595,0.012017662761767595,0.012017662761767595,0.0478399578125,4.769938611045475
7,8,90,58,42,39,1724,0,556273433.2104506,50148947310.27289,320059307244.494,1.0,1.0,1.0,6.567640624999999,6.775e-05,5.0,4.962058918377832,4.962058918377831,0.011393718204855262,0.011393718204855262,0.011393718204855262,0.07297378472222221,4.6631453580029385
7,9,30,38,42,36,1699,0,167018735.26361865,15702372388.801811,92699728180.09177,1.0,1.0,1.0,3.4390914444444443,5.866666666666667e-05,5.0,4.8862519043793515,4.886251904379352,0.03415858727346801,0.03415858727346801,0.03415858727346801,0.11463638148148148,4.4385282770033
7,9,40,56,42,41,1653,0,224474949.90496278,18514262075.552246,115003119793.7746,1.0,1.0,1.0,6.278838555555556,6.022222222222222e-05,5.0,4.9092221788574335,4.9092221788574335,0.027260606949719438,0.027260606949719438,0.027260606949719438,0.1569709638888889,4.270271946429733
7,9,50,58,42,41,1540,0,264416064.4973389,22756591179.23018,142212051399.75256,1.0,1.0,1.0,5.948999888888888,0.0002650000000000001,5.0,4.929330370494039,4.929330370494039,0.02122211096275091,0.02122211096275091,0.02122211096275091,0.11897999777777778,4.444823509741017
7,9,60,63,42,41,1510,0,292724571.7198811,28037660774.05999,174467537501.11658,1.0,1.0,1.0,6.42700111111111,5.8888888888888896e-05,5.0,4.941486619036094,4.941486619036093,0.017571585875047136,0.017571585875047136,0.017571585875047136,0.10711668518518519,4.5040194313172615
7,9,70,64,42,40,1441,0,373186401.90818566,32930391972.09891,204558000162.1051,1.0,1.0,1.0,7.651472444444445,5.9888888888888886e-05,5.0,4.94927192507069,4.949271925070688,0.015233656134928227,0.015233656134928227,0.015233656134928227,0.1093067492063492,4.499271377576755
7,9,80,61,42,41,1469,0,373854376.1598859,34893790495.78644,223521776031.18674,1.0,1.0,1.0,9.416394555555556,5.6222222222222216e-05,5.0,4.95500599487856,4.955005994878558,0.01351171324968177,0.01351171324968177,0.01351171324968177,0.11770493194444444,4.466617122297219
7,9,90,62,42,40,1533,0,514350521.7318757,43505277329.758606,283055550266.4885,1.0,1.0,1.0,9.311781666666668,5.622222222222223e-05,5.0,4.96077744068139,4.960777440681389,0.011778546341925,0.011778546341925,0.011778546341925,0.10346424074074075,4.531316695121751
7,10,30,54,42,28,1196,0,173382848.91230533,12581760082.188473,78842232627.56268,1.0,1.0,1.0,5.5564279999999995,5.97e-05,5.0,4.873768974310357,4.873768974310357,0.037907214921814474,0.037907214921814474,0.037907214921814474,0.18521426666666668,4.127545420704626
7,10,40,67,42,50,1863,0,184196665.9031219,16738455820.752329,107367114707.923,1.0,1.0,1.0,5.631981699999999,5.65e-05,5.0,4.908224630844537,4.908224630844537,0.027560170917556314,0.027560170917556314,0.027560170917556314,0.1407995425,4.339226235585804
7,10,50,65,42,43,1732,0,239336815.41275054,22979266613.72468,138022580966.8044,1.0,1.0,1.0,8.8650963,5.7700000000000007e-05,5.0,4.922945345678181,4.922945345678181,0.023139535832378245,0.023139535832378245,0.023139535832378245,0.177301926,4.191097676071076
7,10,60,61,42,45,1556,0,245392551.2786879,24773331437.56593,158161365236.0501,1.0,1.0,1.0,8.852008799999998,0.0001802,5.0,4.937692174250556,4.937692174250556,0.018711058783616764,0.018711058783616764,0.018711058783616764,0.14753348,4.32742776949155
7,10,70,62,42,44,1603,0,336486844.91036445,30090166479.813007,186002461183.7802,1.0,1.0,1.0,10.900924100000001,5.9800000000000003e-05,5.0,4.945988690834912,4.945988690834911,0.016219612361888246,0.016219612361888246,0.016219612361888246,0.1557274871428571,4.2976916601743
7,10,80,62,42,42,1713,0,394172342.5168314,35381965110.89153,230573517396.86993,1.0,1.0,1.0,13.351503400000002,6.000000000000001e-05,5.0,4.951849889456047,4.951849889456047,0.01445949265584176,0.01445949265584176,0.01445949265584176,0.1668937925,4.253194166430972
7,10,90,65,42,43,1682,0,460316166.2997492,39587519149.35405,257036205101.9665,1.0,1.0,1.0,15.273325100000003,5.659999999999999e-05,5.0,4.957437178236644,4.957437178236644,0.012781628157164073,0.012781628157164073,0.012781628157164073,0.1697036122222222,4.244480612758274
7,11,30,53,43,34,1467,0,144210048.77366772,11896060249.857271,70588062269.27419,1.0,1.0,1.0,7.745122181818183,5.6363636363636356e-05,5.0,4.861354861733319,4.861354861733319,0.04163517665666113,0.04163517665666113,0.04163517665666113,0.2581707393939394,3.8063947388330317
7,11,40,60,42,42,1662,0,177459021.49914452,17282200232.178772,105894549345.14507,1.0,1.0,1.0,8.251463545454545,6.854545454545454e-05,5.0,4.90206471216596,4.902064712165962,0.029409996346558363,0.029409996346558363,0.029409996346558363,0.20628658863636362,4.053882340712321
7,11,50,60,42,43,1634,0,225669241.63164183,20434891687.694366,122738232263.49376,1.0,1.0,1.0,11.009268363636364,0.00014754545454545456,5.0,4.918652464298197,4.918652464298197,0.02442868939994106,0.02442868939994106,0.02442868939994106,0.2201853672727273,4.003735525162245
7,11,60,68,42,45,1746,0,280521295.10305965,24741372397.386566,158729533171.85324,1.0,1.0,1.0,11.968507090909092,7.527272727272726e-05,5.0,4.933665546007884,4.933665546007884,0.019920256454089173,0.019920256454089173,0.019920256454089173,0.19947511818181818,4.102112726439185
7,11,70,60,42,43,1473,0,253632246.3765897,27319713633.798733,166238124684.48453,1.0,1.0,1.0,14.594029545454545,0.00029463636363636367,5.0,4.942137119763675,4.942137119763675,0.017376240311208383,0.017376240311208383,0.017376240311208383,0.20848613636363636,4.067507572890621
7,11,80,68,42,46,1784,0,318072707.63085276,31140305922.253063,202123958958.36136,1.0,1.0,1.0,16.692887363636366,0.00011990909090909092,5.0,4.948699889998353,4.948699889998352,0.015405438438933449,0.015405438438933449,0.015405438438933449,0.20866109204545455,4.071446223674208
7,11,90,66,42,45,1815,0,430737523.3547104,38369711102.6411,241050458347.28885,1.0,1.0,1.0,19.058367636363638,7.28181818181818e-05,5.0,4.954673095747168,4.954673095747167,0.013611682958808335,0.013611682958808335,0.013611682958808335,0.21175964040404038,4.061910673846151
7,12,30,55,42,41,1893,0,142273728.3383622,11054357520.774725,63320383898.834435,1.0,1.0,1.0,9.906764833333334,7.083333333333332e-05,5.0,4.848181725831357,4.848181725831357,0.045591073323916466,0.045591073323916466,0.045591073323916466,0.33022549444444443,3.488589234981047
7,12,40,62,42,45,1894,0,189826128.34359932,15332373173.56653,94287709638.41547,1.0,1.0,1.0,10.817472500000001,0.0002535833333333333,5.0,4.891061480053408,4.891061480053408,0.032714270254231896,0.032714270254231896,0.032714270254231896,0.2704368125,3.770635471678457
7,12,50,66,42,43,1745,0,208682735.6339151,19749911780.357166,124120977932.44806,1.0,1.0,1.0,12.460848166666667,0.00012416666666666666,5.0,4.915746299200337,4.915746299200337,0.02530141165155012,0.02530141165155012,0.02530141165155012,0.24921696333333335,3.8772556191085505
7,12,60,61,42,43,1637,0,249818689.56576565,21131189103.95531,130036332445.26917,1.0,1.0,1.0,17.74590591666667,6.833333333333333e-05,5.0,4.924286952808337,4.924286952808336,0.02273665080830739,0.02273665080830739,0.02273665080830739,0.29576509861111117,3.6824656776730813
7,12,70,66,42,42,1589,0,250006630.70400202,24886037815.021305,148635605938.7594,1.0,1.0,1.0,21.050676,0.00013741666666666665,5.0,4.934270197028259,4.934270197028259,0.019738679571093338,0.019738679571093338,0.019738679571093338,0.3007239428571428,3.6668385335850036
7,12,80,72,42,47,1979,0,290380696.71292454,29737521158.826416,195211665708.1464,1.0,1.0,1.0,20.504573416666666,7.824999999999999e-05,5.0,4.94548542870272,4.945485428702719,0.016370742131315275,0.016370742131315275,0.016370742131315275,0.25630716770833334,3.864817590333667
7,12,90,71,42,46,1863,0,350529695.2042361,34904229785.22399,220046692018.57486,1.0,1.0,1.0,22.826718333333336,6.658333333333333e-05,5.0,4.952237312749861,4.95223731274986,0.014343149324366195,0.014343149324366195,0.014343149324366195,0.2536302037037037,3.880431860241332
7,13,30,51,42,32,1402,0,107750383.4337098,9793589614.847086,51789701447.68886,1.0,1.0,1.0,11.847732846153844,0.00012600000000000003,5.0,4.830344763716563,4.830344763716563,0.05094751840343441,0.05094751840343441,0.05094751840343441,0.3949244282051282,3.1994390694294834
7,13,40,69,42,44,1743,0,149551670.7330767,12923274417.610836,80049079216.96684,1.0,1.0,1.0,12.420648307692309,5.8230769230769234e-05,5.0,4.8858413383324555,4.885841338332456,0.03428188038064397,0.03428188038064397,0.03428188038064397,0.31051620769230764,3.596000435734477
7,13,50,67,42,46,1790,0,198012939.49789503,15423786360.845938,100836271792.49358,1.0,1.0,1.0,15.532090153846156,6.138461538461537e-05,5.0,4.9075689802931475,4.907568980293148,0.02775706297503092,0.02775706297503092,0.02775706297503092,0.3106418030769231,3.60848992403599
7,13,60,71,42,44,1600,0,188415902.69588417,18981263361.204716,113161815818.1901,1.0,1.0,1.0,19.398194692307694,0.0002608461538461539,5.0,4.921732108599278,4.921732108599278,0.023503871291508313,0.023503871291508313,0.023503871291508313,0.3233032448717949,3.5616901698780175
7,13,70,69,42,45,1803,0,285134630.3686888,24241680153.580746,153807927242.10284,1.0,1.0,1.0,21.37336476923077,5.66153846153846e-05,5.0,4.934245492130791,4.93424549213079,0.019746098459222008,0.019746098459222008,0.019746098459222008,0.3053337824175824,3.6473488386305637
7,13,80,69,42,45,1950,0,292647895.34409195,27739478291.23775,174683721388.2765,1.0,1.0,1.0,27.513554999999997,6.907692307692306e-05,5.0,4.938985638629552,4.938985638629552,0.01832263104217636,0.01832263104217636,0.01832263104217636,0.3439194375,3.484222448527459
7,13,90,70,42,45,1693,0,289970549.0394524,28198209890.71938,172827162581.78397,1.0,1.0,1.0,29.52611953846154,6.746153846153844e-05,5.0,4.946390102430485,4.946390102430484,0.016099068339193986,0.016099068339193986,0.016099068339193986,0.3280679948717949,3.556835499825849
7,14,30,50,42,32,1404,0,133934802.15778364,8552237847.952809,51933638371.652405,1.0,1.0,1.0,11.828434214285718,5.978571428571428e-05,5.0,4.832909742207681,4.832909742207681,0.05017725459228834,0.05017725459228834,0.05017725459228834,0.3942811404761905,3.2040296854509687
7,14,40,70,42,42,1909,0,139302685.72558886,12611560693.875492,68106517142.57869,1.0,1.0,1.0,15.88327928571428,0.00011914285714285716,5.0,4.8714418214228,4.871441821422802,0.038606059632792504,0.038606059632792504,0.038606059632792504,0.39708198214285717,3.214861649294047
7,14,50,68,43,44,1763,0,130364542.53599834,14228159532.741367,86718661382.52914,1.0,1.0,1.0,20.14620664285714,0.00010835714285714287,5.0,4.894912169811159,4.894912169811161,0.03155790696361569,0.03155790696361569,0.03155790696361569,0.4029241328571428,3.2038760369797323
7,14,60,69,43,42,1676,0,180000307.78779364,17275480650.259766,104385447635.13327,1.0,1.0,1.0,23.16637564285715,6.178571428571428e-05,5.0,4.91275183178215,4.912751831782151,0.026200651116471463,0.026200651116471463,0.026200651116471463,0.38610626071428567,3.2871022987753165
7,14,70,71,42,45,1734,0,217045662.8500162,20403492796.88548,126699858683.47203,1.0,1.0,1.0,26.26214557142858,6.585714285714287e-05,5.0,4.9272847619665,4.927284761966499,0.021836407817867942,0.021836407817867942,0.021836407817867942,0.3751735081632653,3.3428197499557557
7,14,80,66,42,45,1822,0,279538908.76124924,24688265967.540714,153187528613.96942,1.0,1.0,1.0,30.99454292857143,0.00012185714285714286,5.0,4.934551801611383,4.934551801611383,0.019654113630215415,0.019654113630215415,0.019654113630215415,0.3874317866071429,3.2942307587281987
7,14,90,68,42,48,1826,0,259057948.2022963,28656387932.562603,179101425635.71713,1.0,1.0,1.0,31.859050928571428,0.00018350000000000002,5.0,4.944712671274614,4.944712671274613,0.01660280141903523,0.01660280141903523,0.01660280141903523,0.3539894547619048,3.4438672944871582
7,15,30,48,43,36,1649,0,66079227.96633027,8185222528.795423,52177546325.063385,1.0,1.0,1.0,12.762221066666665,0.0002724666666666667,5.0,4.828983811132108,4.828983811132108,0.05135621287324074,0.05135621287324074,0.05135621287324074,0.4254073688888889,3.0669156375775026
7,15,40,68,43,43,1746,0,114114794.82981609,10731330889.187984,63710689383.818375,1.0,1.0,1.0,17.63179293333333,0.00010279999999999999,5.0,4.860318219667271,4.860318219667271,0.04194648058039891,0.04194648058039891,0.04194648058039891,0.44079482333333336,3.0202892049864487
7,15,50,68,42,45,1916,0,172702977.66852096,14173577804.670536,82096348545.79984,1.0,1.0,1.0,21.571834266666663,0.00018713333333333332,5.0,4.889534810204887,4.8895348102048874,0.033172729668202214,0.033172729668202214,0.033172729668202214,0.4314366853333333,3.0777052931265967
7,15,60,66,43,49,1934,0,187802463.2444565,17941084193.62383,110887618664.03633,1.0,1.0,1.0,22.58374793333333,5.653333333333333e-05,5.0,4.91490331841885,4.914903318418851,0.025554559033378037,0.025554559033378037,0.025554559033378037,0.37639579888888886,3.330171407936722
7,15,70,69,42,46,1901,0,239139090.33337957,20199805452.46367,125860774231.41072,1.0,1.0,1.0,28.846796933333337,7.339999999999998e-05,5.0,4.923184580807389,4.923184580807389,0.02306769345123463,0.02306769345123463,0.02306769345123463,0.41209709904761904,3.1815545348862195
7,15,80,69,43,43,1494,0,209705195.34282246,19927295664.96477,122888889141.5947,1.0,1.0,1.0,32.95078466666666,5.873333333333333e-05,5.0,4.931805692746276,4.931805692746275,0.020478770947064646,0.020478770947064646,0.020478770947064646,0.4118848083333333,3.187705707710151
7,15,90,68,42,44,1737,0,258021951.57743225,23603628323.771168,151661942942.85495,1.0,1.0,1.0,37.615905133333335,5.826666666666666e-05,5.0,4.938214620362293,4.9382146203622925,0.018554168059371434,0.018554168059371434,0.018554168059371434,0.4179545014814815,3.16545531501228
8,1,30,7,39,5,275,0,592487352.421126,35756579461.857735,211126874707.72247,1.0,1.0,1.0,0.0,5.5e-05,5.0,4.930625,4.930624999999999,0.020833333333333332,0.020833333333333332,0.020833333333333332,0.0,4.958117666666667
8,1,40,10,39,6,344,0,651923579.653438,39862212931.72451,265461547886.59863,1.0,1.0,1.0,0.0,5.5e-05,5.0,4.946290322580645,4.946290322580645,0.016129032258064516,0.016129032258064516,0.016129032258064516,0.0,4.967521564516129
8,1,50,10,39,6,331,0,902581807.8290681,51478839371.66269,341243336748.51654,1.0,1.0,1.0,0.0,7.5e-05,5.0,4.956753246753247,4.956753246753246,0.012987012987012988,0.012987012987012988,0.012987012987012988,0.0,4.97371646103896
8,1,60,9,39,6,220,0,882238973.7658,51035353056.26674,339590087892.81616,1.0,1.0,1.0,0.0,5.5e-05,5.0,4.9656701030927834,4.9656701030927834,0.010309278350515464,0.010309278350515464,0.010309278350515464,0.0,4.97915525257732
8,1,70,9,39,6,328,0,1273883865.084195,79196733800.46873,477406105944.0286,1.0,1.0,1.0,0.0,6.1e-05,5.0,4.9688785046728965,4.968878504672897,0.009345794392523364,0.009345794392523364,0.009345794392523364,0.0,4.9810554570093455
8,1,80,10,39,6,323,0,1753361747.105923,90485092092.94722,529740987473.61237,1.0,1.0,1.0,0.0,5.9e-05,5.0,4.972479338842975,4.972479338842976,0.008264462809917356,0.008264462809917356,0.008264462809917356,0.0,4.983225638842976
8,1,90,9,39,6,245,0,1637780574.8930051,78538033249.10083,489206301087.6587,1.0,1.0,1.0,0.0,5.5e-05,5.0,4.976043165467626,4.976043165467626,0.007194244604316547,0.007194244604316547,0.007194244604316547,0.0,4.985382205035971
8,2,30,20,40,9,355,0,455095534.189409,27602313949.16918,164339812600.31943,1.0,1.0,1.0,0.0,5.7e-05,5.0,4.929148936170212,4.929148936170212,0.02127659574468085,0.02127659574468085,0.02127659574468085,0.0,4.957222985106383
8,2,40,18,40,13,659,0,749989469.268301,42619567546.139015,270414431106.60638,1.0,1.0,1.0,0.0,5.6e-05,5.0,4.944954918032787,4.944954918032787,0.016530054644808743,0.016530054644808743,0.016530054644808743,0.0,4.966715620765028
8,2,50,17,40,13,623,0,891982219.585468,53115075669.63623,344951600756.26685,1.0,1.0,1.0,0.0,5.5e-05,5.0,4.9556000000000004,4.9556,0.013333333333333334,0.013333333333333334,0.013333333333333334,0.0,4.973110166666666
8,2,60,18,40,12,493,0,1009193525.0181245,64658887793.71556,373624033998.13367,1.0,1.0,1.0,0.0,5.6500000000000005e-05,5.0,4.96399053074585,4.96399053074585,0.010813654430675708,0.010813654430675708,0.010813654430675708,0.0,4.978140554793079
8,2,70,18,40,12,617,0,1312322951.754469,79256297580.62378,483425635929.2143,1.0,1.0,1.0,0.0,6.1e-05,5.0,4.968285714285714,4.968285714285715,0.009523809523809525,0.009523809523809525,0.009523809523809525,0.0,4.980699604761904
8,2,80,17,40,13,543,0,1337952650.062954,85086155841.85355,522787836083.0897,1.0,1.0,1.0,0.0,5.7e-05,5.0,4.972129499929961,4.972129499929963,0.008369519540551897,0.008369519540551897,0.008369519540551897,0.0,4.983024230438437
8,2,90,17,41,12,467,0,1297282297.7942746,80588642283.35097,524104339983.34924,1.0,1.0,1.0,0.0,5.75e-05,5.0,4.975424019607843,4.975424019607843,0.007380174291938998,0.007380174291938998,0.007380174291938998,0.0,4.984999781590414
8,3,30,23,41,20,814,0,456511421.33403563,29268724503.815704,174909844405.67386,1.0,1.0,1.0,0.0,5.5333333333333334e-05,5.0,4.926489039329465,4.926489039329464,0.022075363564725267,0.022075363564725267,0.022075363564725267,0.0,4.955633414900781
8,3,40,27,41,19,876,0,810528470.3957729,44679366126.64929,285674625521.50165,1.0,1.0,1.0,0.0,5.566666666666667e-05,5.0,4.944176160044457,4.9441761600444565,0.016763915902565527,0.016763915902565527,0.016763915902565527,0.0,4.966249565444104
8,3,50,28,41,17,633,0,665878030.9602716,41415928940.894875,263526902272.75317,1.0,1.0,1.0,0.0,5.766666666666667e-05,5.0,4.954589041095891,4.954589041095891,0.013636924595828706,0.013636924595828706,0.013636924595828706,0.0,4.972491821066272
8,3,60,26,41,18,773,0,914492340.493773,55570892013.29359,363445485599.5649,1.0,1.0,1.0,0.0,5.666666666666667e-05,5.0,4.962155832834349,4.962155832834349,0.011364614764459787,0.011364614764459787,0.011364614764459787,0.0,4.9770384684191775
8,3,70,26,41,17,661,0,961479302.5234323,59509106843.50742,386888030976.91895,1.0,1.0,1.0,0.0,6.2e-05,5.0,4.966917647058824,4.966917647058824,0.009934640522875819,0.009934640522875819,0.009934640522875819,0.0,4.979874053594771
8,3,80,25,41,18,795,0,1313527492.3229725,80062259130.22313,495567078508.1761,1.0,1.0,1.0,0.0,5.633333333333333e-05,5.0,4.9708711835279376,4.9708711835279376,0.00874739233395257,0.00874739233395257,0.00874739233395257,0.0,4.982271729391095
8,3,90,26,41,18,739,0,1250661662.5100663,82852271957.80011,522006732630.1529,1.0,1.0,1.0,0.0,5.7333333333333336e-05,5.0,4.974049505981223,4.974049505981224,0.007792941146779729,0.007792941146779729,0.007792941146779729,0.0,4.984175377314253
8,4,30,31,41,23,758,0,285308528.59592724,20238953744.174465,117956129159.24774,1.0,1.0,1.0,0.0921055,5.725e-05,5.0,4.921636212624584,4.921636212624584,0.02353266888150609,0.02353266888150609,0.02353266888150609,0.0030701833333333334,4.939510231572536
8,4,40,33,42,24,872,0,482935773.48800075,33477363729.649605,208657612346.08563,1.0,1.0,1.0,0.0,5.6750000000000004e-05,5.0,4.941282132285646,4.941282132285645,0.017632993307614184,0.017632993307614184,0.017632993307614184,0.0,4.964507621378078
8,4,50,36,42,23,1084,0,664366748.9045932,47121048047.90005,307415182358.65094,1.0,1.0,1.0,0.0,4.625e-05,5.0,4.951724136378372,4.951724136378372,0.01449725634283107,0.01449725634283107,0.01449725634283107,0.0,4.9708211095706805
8,4,60,35,42,21,814,0,666367749.3816693,46045698426.05278,312131472376.71423,1.0,1.0,1.0,0.0,5.7e-05,5.0,4.959004940493682,4.959004940493681,0.012310828680575963,0.012310828680575963,0.012310828680575963,0.0,4.975145553467527
8,4,70,34,42,24,1064,0,876177542.1606215,60245751573.975685,392779395073.27515,1.0,1.0,1.0,0.0,5.6250000000000005e-05,5.0,4.964753146912524,4.964753146912524,0.010584640566809831,0.010584640566809831,0.010584640566809831,0.0,4.978599428506947
8,4,80,33,42,23,954,0,945197978.5690305,67919247523.48539,420540025427.47253,1.0,1.0,1.0,0.0,5.75e-05,5.0,4.9690120789984125,4.969012078998413,0.009305681982458564,0.009305681982458564,0.009305681982458564,0.0,4.981150691717065
8,4,90,34,42,23,972,0,1176432097.0198839,79435872680.25658,489854903841.9314,1.0,1.0,1.0,0.0,5.6250000000000005e-05,5.0,4.9724116367656865,4.972411636765687,0.00828479376405798,0.00828479376405798,0.00828479376405798,0.0,4.983196822265648
8,5,30,38,42,24,911,0,328280065.6214482,21653957752.907494,126356182458.31079,1.0,1.0,1.0,0.009531399999999999,5.62e-05,5.0,4.916729174484052,4.916729174484052,0.025006253908692933,0.025006253908692933,0.025006253908692933,0.00031771333333333333,4.948404671103189
8,5,40,39,42,27,1080,0,359799563.6228856,28789298809.86262,176165205601.2683,1.0,1.0,1.0,0.0,6.000000000000001e-05,5.0,4.934946968325792,4.934946968325791,0.019535444947209653,0.019535444947209653,0.019535444947209653,0.0,4.960690645550528
8,5,50,37,42,27,903,0,423912977.6272528,31649604744.28607,200357202735.06494,1.0,1.0,1.0,0.0,5.7600000000000004e-05,5.0,4.948559885083621,4.948559885083621,0.015447481956870499,0.015447481956870499,0.015447481956870499,0.0,4.968872803568216
8,5,60,38,42,27,996,0,725700614.626072,46855591310.443436,292051240792.4015,1.0,1.0,1.0,0.0,5.64e-05,5.0,4.958348950996049,4.958348950996049,0.012507822523708852,0.012507822523708852,0.012507822523708852,0.0,4.974754342775105
8,5,70,41,42,28,1159,0,708770275.0159856,52454170876.40758,337757478586.2182,1.0,1.0,1.0,0.0,5.66e-05,5.0,4.962741359861438,4.962741359861438,0.011188780822390984,0.011188780822390984,0.011188780822390984,0.0,4.977390247136039
8,5,80,42,42,28,1250,0,963078632.322871,67388925804.77312,427792805476.9999,1.0,1.0,1.0,0.052758400000000004,5.6999999999999996e-05,5.0,4.967668683829021,4.967668683829022,0.009709103955249015,0.009709103955249015,0.009709103955249015,0.00065948,4.977510637193457
8,5,90,41,42,28,1208,0,1106662399.697358,77580825772.15268,477211604720.2419,1.0,1.0,1.0,0.0,5.22e-05,5.0,4.971674113993424,4.971674113993424,0.00850627207404701,0.00850627207404701,0.00850627207404701,0.0,4.982771502123979
8,6,30,44,42,31,977,0,240271230.14870667,19441077564.65376,109056989206.77882,1.0,1.0,1.0,0.0,6.249999999999999e-05,5.0,4.916715290806754,4.916715290806754,0.025010423181154887,0.025010423181154887,0.025010423181154887,0.0,4.949735414060871
8,6,40,45,42,30,1126,0,379607883.3458846,30077406467.345936,177657735018.845,1.0,1.0,1.0,0.0,5.783333333333333e-05,5.0,4.935945744045079,4.935945744045077,0.019235512298775338,0.019235512298775338,0.019235512298775338,0.0,4.961299527581414
8,6,50,48,42,30,1125,0,443877103.6388988,34874768346.88491,212809274102.10718,1.0,1.0,1.0,0.43898566666666666,0.00017166666666666665,5.0,4.945683749411532,4.945683749411532,0.016311186362903237,0.016311186362903237,0.016311186362903237,0.008779713333333333,4.928903004460556
8,6,60,42,42,29,1183,0,552804528.7556475,40465009870.94086,255381187645.41635,1.0,1.0,1.0,1.0120203333333333,5.7333333333333336e-05,5.0,4.952999326414069,4.952999326414069,0.014114316392171165,0.014114316392171165,0.014114316392171165,0.016867005555555554,4.899010824309827
8,6,70,47,42,32,1290,0,611764935.552575,48187020728.34573,310299448866.35425,1.0,1.0,1.0,0.0137235,7.15e-05,5.0,4.9614047162272525,4.9614047162272525,0.011590175307131469,0.011590175307131469,0.011590175307131469,0.00019605,4.975680774561044
8,6,80,48,42,32,1522,0,723475058.1301104,61123225606.3762,394103280697.0279,1.0,1.0,1.0,0.10793016666666667,6.716666666666667e-05,5.0,4.964690788786558,4.964690788786558,0.010603366730763626,0.010603366730763626,0.010603366730763626,0.0013491270833333334,4.972713806780203
8,6,90,45,42,33,1281,0,751343112.8719503,64801018210.64451,417585829083.33594,1.0,1.0,1.0,0.07670083333333333,5.666666666666667e-05,5.0,4.97016418958627,4.97016418958627,0.008959702826945963,0.008959702826945963,0.008959702826945963,0.0008522314814814816,4.9781812920118975
8,7,30,32,42,31,1194,0,238619537.19059157,17887257035.34451,105542007235.24193,1.0,1.0,1.0,0.24630414285714286,5.6428571428571435e-05,5.0,4.9069980097302075,4.906998009730208,0.027928525606544186,0.027928525606544186,0.027928525606544186,0.008210138095238096,4.908624640645852
8,7,40,45,42,34,1337,0,319745735.88842714,26014897147.835213,148050152698.91983,1.0,1.0,1.0,1.7837922857142856,6.114285714285714e-05,5.0,4.92591703614029,4.92591703614029,0.022247136294207263,0.022247136294207263,0.022247136294207263,0.04459480714285714,4.76350738954788
8,7,50,56,42,37,1475,0,410967331.6425961,33770717458.744366,213980668810.6712,1.0,1.0,1.0,0.31504928571428575,5.7714285714285716e-05,5.0,4.9454505018214165,4.945450501821415,0.01638123068425958,0.01638123068425958,0.01638123068425958,0.006300985714285715,4.939911509862165
8,7,60,51,42,35,1144,0,416235309.56471556,34841602758.17031,221645614742.48886,1.0,1.0,1.0,0.009384428571428571,5.557142857142857e-05,5.0,4.954457039497258,4.954457039497258,0.013676564715538282,0.013676564715538282,0.013676564715538282,0.00015640714285714287,4.971749039276496
8,7,70,49,42,35,1206,0,546615615.5696496,39884705490.08413,262699102042.05545,1.0,1.0,1.0,0.6918765714285715,6.585714285714287e-05,5.0,4.958829194159185,4.958829194159184,0.01236360535760225,0.01236360535760225,0.01236360535760225,0.009883951020408163,4.932500977788112
8,7,80,50,42,33,1273,0,575750646.4577448,48040564424.55778,308366594589.65686,1.0,1.0,1.0,0.7740271428571429,5.6e-05,5.0,4.963076941987441,4.963076941987441,0.011088005409176873,0.011088005409176873,0.011088005409176873,0.009675339285714285,4.935990318258483
8,7,90,53,42,36,1567,0,817786014.9712344,67169932690.348694,420198837383.0814,1.0,1.0,1.0,1.4943202857142859,0.00029771428571428576,5.0,4.968443750370016,4.9684437503700165,0.00947635124023526,0.00947635124023526,0.00947635124023526,0.01660355873015873,4.908381299902516
8,8,30,54,42,32,1233,0,281757525.3531516,18002462609.303776,109164146011.77972,1.0,1.0,1.0,0.42277624999999996,0.0001285,5.0,4.903868082936986,4.903868082936988,0.028868443562466335,0.028868443562466335,0.028868443562466335,0.014092541666666666,4.881141502151963
8,8,40,57,42,38,1466,0,260623640.40454122,23302776655.109486,138124437973.6435,1.0,1.0,1.0,1.5487628749999998,6.525e-05,5.0,4.924871854194845,4.924871854194844,0.022561004746292912,0.022561004746292912,0.022561004746292912,0.038719071875,4.78812796744966
8,8,50,59,42,36,1098,0,237523128.3677402,24861143012.4221,148862253997.2547,1.0,1.0,1.0,0.773190875,5.6624999999999994e-05,5.0,4.939559639208442,4.939559639208441,0.01815025849596356,0.01815025849596356,0.01815025849596356,0.015463817499999997,4.896979730516568
8,8,60,54,42,36,1447,0,407509748.0095922,35046471602.541214,215065368980.55627,1.0,1.0,1.0,2.026463125,7.625e-05,5.0,4.947550766305395,4.947550766305394,0.015750520629010722,0.015750520629010722,0.015750520629010722,0.033774385416666663,4.822956976970941
8,8,70,52,42,36,1350,0,394589059.64441365,35663863766.92229,230396061764.06125,1.0,1.0,1.0,3.2094863750000004,5.75e-05,5.0,4.954419436769279,4.954419436769278,0.013687856826042425,0.013687856826042425,0.013687856826042425,0.04584980535714286,4.775236561169027
8,8,80,54,42,35,1305,0,557892499.3867795,44134056032.82681,275381271787.74567,1.0,1.0,1.0,2.65141225,5.85e-05,5.0,4.9609373017552025,4.960937301755202,0.01173054001345287,0.01173054001345287,0.01173054001345287,0.033142653125,4.833785692075607
8,8,90,55,42,38,1527,0,596702010.9677163,54531429198.20707,346801925398.55725,1.0,1.0,1.0,0.9961547500000001,5.85e-05,5.0,4.966136965644975,4.966136965644975,0.01016907938589369,0.01016907938589369,0.01016907938589369,0.011068386111111111,4.931826400029821
8,9,30,49,42,39,1521,0,187450378.05063224,16404262111.14213,91621750166.30069,1.0,1.0,1.0,2.4058055555555553,5.933333333333333e-05,5.0,4.893250244379278,4.893250244379278,0.03205698366988689,0.03205698366988689,0.03205698366988689,0.08019351851851851,4.590830826680933
8,9,40,52,42,39,1507,0,300251116.0005217,21875753121.935215,133365622372.57764,1.0,1.0,1.0,2.4732315555555555,5.5777777777777775e-05,5.0,4.919833259754538,4.919833259754538,0.024074096169808584,0.024074096169808584,0.024074096169808584,0.061830788888888884,4.685763645089886
8,9,50,54,42,35,1257,0,259183514.1586842,23536702382.9663,140286547775.44803,1.0,1.0,1.0,6.129898888888889,6.877777777777778e-05,5.0,4.929539630600174,4.929539630600174,0.021159270090037832,0.021159270090037832,0.021159270090037832,0.12259797777777777,4.430235570201125
8,9,60,58,42,40,1590,0,372422628.4302044,29591243679.071476,191332775874.15964,1.0,1.0,1.0,3.8391653333333338,6.122222222222222e-05,5.0,4.943980287452924,4.943980287452924,0.016822736500623135,0.016822736500623135,0.016822736500623135,0.0639860888888889,4.690967911957475
8,9,70,57,42,42,1471,0,435522247.66692835,36245524051.61939,228409858568.28207,1.0,1.0,1.0,4.298371888888889,6e-05,5.0,4.954141765153938,4.954141765153938,0.013771241695513903,0.013771241695513903,0.013771241695513903,0.0614053126984127,4.708170443247493
8,9,80,62,42,42,1595,0,517078402.9326721,43360424757.5394,270772020835.16428,1.0,1.0,1.0,2.9880317777777785,6.322222222222222e-05,5.0,4.959549615417591,4.959549615417591,0.012147262637360155,0.012147262637360155,0.012147262637360155,0.03735039722222222,4.814839058376806
8,9,90,58,42,39,1578,0,497540039.14732784,47353224959.65945,300217291077.06415,1.0,1.0,1.0,6.157034333333334,5.966666666666667e-05,5.0,4.962477547851112,4.962477547851113,0.011268003648314824,0.011268003648314824,0.011268003648314824,0.06841149259259259,4.683049275892204
8,10,30,54,42,30,1188,0,200206147.6524203,14566165448.402699,85715361219.87038,1.0,1.0,1.0,3.8884625,8.08e-05,5.0,4.88313117203199,4.883131172031991,0.035095744134537234,0.035095744134537234,0.035095744134537234,0.12961541666666668,4.372149875808394
8,10,40,56,42,40,1600,0,211182519.0089323,18116686094.152412,110890023137.67776,1.0,1.0,1.0,5.426337899999999,5.710000000000001e-05,5.0,4.910010460196472,4.910010460196473,0.027023885826885523,0.027023885826885523,0.027023885826885523,0.1356584475,4.362402397982055
8,10,50,61,42,40,1531,0,253466703.13566774,23440430368.296288,140948010614.63248,1.0,1.0,1.0,6.2428261,5.81e-05,5.0,4.928902146481455,4.928902146481455,0.021350706762325863,0.021350706762325863,0.021350706762325863,0.12485652200000001,4.4201870625821105
8,10,60,60,42,39,1538,0,343792001.82621515,28541143932.1726,177631939602.9662,1.0,1.0,1.0,7.1156924,6.599999999999999e-05,5.0,4.9403704087589775,4.940370408758977,0.017906784156463344,0.017906784156463344,0.017906784156463344,0.11859487333333334,4.453962583137896
8,10,70,61,42,38,1558,0,352565166.38739985,32601755542.62187,202796438517.77472,1.0,1.0,1.0,10.0552095,5.96e-05,5.0,4.9471947084567995,4.947194708456799,0.01585744490786825,0.01585744490786825,0.01585744490786825,0.14364585,4.350367532629171
8,10,80,60,42,40,1445,0,409354942.51508033,37308413805.85372,237284129190.3309,1.0,1.0,1.0,8.3755931,0.0002213,5.0,4.955892846856434,4.955892846856434,0.013245391334404461,0.013245391334404461,0.013245391334404461,0.10469491375,4.522382743597524
8,10,90,62,42,39,1479,0,487224879.6330937,41975519768.733795,267540041559.1098,1.0,1.0,1.0,11.3266667,5.67e-05,5.0,4.96009702355771,4.96009702355771,0.011982875808495453,0.011982875808495453,0.011982875808495453,0.12585185222222223,4.434639456703261
8,11,30,59,42,33,1322,0,116785024.45263728,12815494424.795887,76949533189.47609,1.0,1.0,1.0,5.13107190909091,6.890909090909091e-05,5.0,4.8767352751690956,4.876735275169096,0.03701643388315448,0.03701643388315448,0.03701643388315448,0.1710357303030303,4.190254199273635
8,11,40,63,42,41,1529,0,176413499.62458274,17951952578.88483,107775730514.49521,1.0,1.0,1.0,6.029419454545454,6.318181818181817e-05,5.0,4.909090081041953,4.909090081041953,0.02730027596337757,0.02730027596337757,0.02730027596337757,0.15073548636363637,4.296992475167389
8,11,50,61,42,40,1439,0,264013518.8550235,20540690144.24491,124539674841.75098,1.0,1.0,1.0,9.489284090909093,5.6727272727272726e-05,5.0,4.922794626549131,4.922794626549131,0.023184796832092833,0.023184796832092833,0.023184796832092833,0.18978568181818184,4.1373312320417375
8,11,60,62,42,41,1733,0,322533212.1374094,27665099271.69073,168908951059.69193,1.0,1.0,1.0,11.047485363636362,0.00021981818181818178,5.0,4.9345873632526125,4.9345873632526125,0.019643434458675193,0.019643434458675193,0.019643434458675193,0.1841247560606061,4.168051105274684
8,11,70,59,42,38,1333,0,303635949.6332854,28498394759.027462,166835056656.72885,1.0,1.0,1.0,14.158454999999998,0.0001340909090909091,5.0,4.94284573772454,4.94284573772454,0.01716344212476265,0.01716344212476265,0.01716344212476265,0.20226364285714285,4.0953800239977936
8,11,80,64,42,39,1584,0,413249859.1817575,36318161875.32968,227800897014.5036,1.0,1.0,1.0,12.055412363636362,0.00022445454545454545,5.0,4.952323105259071,4.952323105259069,0.014317385808087241,0.014317385808087241,0.014317385808087241,0.15069265454545455,4.322435976678724
8,11,90,63,42,41,1477,0,412677179.4149462,35759846949.86606,240303157852.93567,1.0,1.0,1.0,15.661457909090911,5.627272727272727e-05,5.0,4.95695123618711,4.956951236187109,0.012927556700567727,0.012927556700567727,0.012927556700567727,0.17401619898989898,4.225646185771725
8,12,30,66,42,41,1792,0,135829773.19266126,11880717898.432428,68673507394.07827,1.0,1.0,1.0,7.256166916666666,7.166666666666664e-05,5.0,4.868333073206986,4.868333073206986,0.03953961765555969,0.03953961765555969,0.03953961765555969,0.2418722305555555,3.8806015462509804
8,12,40,63,42,43,1665,0,172135940.57316235,15169956892.21753,91881650055.2558,1.0,1.0,1.0,9.662807083333334,5.6250000000000005e-05,5.0,4.896551664226295,4.896551664226298,0.031065566298409435,0.031065566298409435,0.031065566298409435,0.2415701770833333,3.898906296511146
8,12,50,68,42,43,1666,0,248129213.7092903,21081390662.52995,128756352915.85707,1.0,1.0,1.0,9.445216333333333,5.983333333333334e-05,5.0,4.922442604831633,4.922442604831633,0.02329050905956968,0.02329050905956968,0.02329050905956968,0.18890432666666668,4.14089638438992
8,12,60,61,42,41,1577,0,251894023.42292646,23143768432.587067,135937912245.18896,1.0,1.0,1.0,15.100305249999998,7.25e-05,5.0,4.929260591171967,4.929260591171967,0.02124306571412426,0.02124306571412426,0.02124306571412426,0.25167175416666665,3.875034818720799
8,12,70,65,42,42,1690,0,341742872.20048505,28992703540.08597,182452066721.77762,1.0,1.0,1.0,14.772945166666668,6.266666666666667e-05,5.0,4.9419496411467625,4.9419496411467625,0.017432540196167346,0.017432540196167346,0.017432540196167346,0.21104207380952386,4.057401968100242
8,12,80,65,42,43,1771,0,354504559.3620784,32518383881.970306,205484065564.22116,1.0,1.0,1.0,17.079896916666666,0.0001265,5.0,4.94877131138307,4.948771311383069,0.0153839905756547,0.0153839905756547,0.0153839905756547,0.21349871145833335,4.050658993568433
8,12,90,63,42,41,1649,0,359270265.57759815,34661236810.99424,217551507289.3536,1.0,1.0,1.0,22.334336833333335,0.00014416666666666668,5.0,4.951983217604076,4.951983217604075,0.014419454172950276,0.014419454172950276,0.014419454172950276,0.2481592981481482,3.9034706124045684
8,13,30,49,42,31,1193,0,104771013.70296915,9768936668.112873,59628601912.07569,1.0,1.0,1.0,8.667632076923077,0.0001226923076923077,5.0,4.855361669989181,4.855361669989182,0.04343493393718281,0.04343493393718281,0.04343493393718281,0.2889210692307692,3.6702853924441876
8,13,40,57,42,43,1835,0,208231791.9887957,14746337225.473015,88501224195.11757,1.0,1.0,1.0,10.898845230769233,7.715384615384615e-05,5.0,4.892523562507653,4.892523562507653,0.03227520645415843,0.03227520645415843,0.03227520645415843,0.27247113076923074,3.763524238451984
8,13,50,67,42,44,1805,0,181022215.47434875,18661211578.45368,116068357299.37175,1.0,1.0,1.0,12.207429230769232,0.0002863846153846154,5.0,4.915128220276296,4.915128220276296,0.025487020938049325,0.025487020938049325,0.025487020938049325,0.2441485846153846,3.8979810774525316
8,13,60,65,42,37,1264,0,199227499.16123292,18420799828.0375,111103030596.20319,1.0,1.0,1.0,17.772809923076924,0.0003325384615384616,5.0,4.924712396371504,4.924712396371503,0.022608889978527422,0.022608889978527422,0.022608889978527422,0.29621349871794866,3.6796568690611284
8,13,70,59,42,39,1326,0,225444756.44104713,22793631886.51313,136831782512.58502,1.0,1.0,1.0,20.765831615384613,0.00042330769230769223,5.0,4.935205684443606,4.935205684443604,0.019457752419337917,0.019457752419337917,0.019457752419337917,0.2966547373626373,3.6836683591774793
8,13,80,67,42,43,1765,0,331315594.82253927,30796520795.477722,197700400044.6303,1.0,1.0,1.0,20.681984846153846,6.0538461538461545e-05,5.0,4.946054485749749,4.946054485749749,0.016199854129204598,0.016199854129204598,0.016199854129204598,0.25852481057692306,3.855699490730335
8,13,90,67,42,41,1538,0,335294024.22583824,32040380160.266106,202368811103.7193,1.0,1.0,1.0,24.022917384615383,6.323076923076923e-05,5.0,4.951039020860029,4.951039020860028,0.014702996738729964,0.014702996738729964,0.014702996738729964,0.26692130427350425,3.8225752088355183
8,14,30,55,42,38,1681,0,123468832.73872559,10525373743.28443,62031449385.370285,1.0,1.0,1.0,9.78404542857143,0.00014528571428571428,5.0,4.84826437704154,4.84826437704154,0.04556625314067856,0.04556625314067856,0.04556625314067856,0.32613484761904765,3.50590848663845
8,14,40,64,42,38,1513,0,156061335.94499642,13153103278.112013,81084798761.21602,1.0,1.0,1.0,12.451635357142857,7.321428571428572e-05,5.0,4.886407139686969,4.886407139686971,0.03411197006397322,0.03411197006397322,0.03411197006397322,0.3112908839285714,3.5929445495206886
8,14,50,63,42,40,1496,0,165102470.6483797,16107532905.528324,98936723224.25258,1.0,1.0,1.0,14.970697214285716,0.00017592857142857148,5.0,4.909881757935488,4.909881757935489,0.027062535154507857,0.027062535154507857,0.027062535154507857,0.2994139442857144,3.6576655389404236
8,14,60,62,42,43,1552,0,187847788.26122743,19502071093.174046,123622041357.62402,1.0,1.0,1.0,17.778492714285715,6.957142857142856e-05,5.0,4.923916213646885,4.923916213646885,0.022847983889824175,0.022847983889824175,0.022847983889824175,0.29630821190476186,3.6799024118709083
8,14,70,67,42,41,1506,0,238943208.01196614,23609064765.135406,141008709157.1112,1.0,1.0,1.0,21.732883785714282,0.0003457857142857143,5.0,4.933803862475265,4.933803862475264,0.0198787199773984,0.0198787199773984,0.0198787199773984,0.31046976836734697,3.6237555562141597
8,14,80,63,42,44,1737,0,304947217.2584647,26890919871.165737,176006145623.62955,1.0,1.0,1.0,23.719461642857144,6.414285714285715e-05,5.0,4.943167627876797,4.943167627876796,0.01706677841537629,0.01706677841537629,0.01706677841537629,0.2964932705357143,3.6906866323583762
8,14,90,67,42,45,1884,0,398496308.12360656,32371567027.028748,206665886694.41928,1.0,1.0,1.0,26.201226,5.9214285714285705e-05,5.0,4.949580280604686,4.949580280604686,0.015141056875469619,0.015141056875469619,0.015141056875469619,0.2911247333333334,3.7176420525440306
8,15,30,58,42,43,2075,0,115425138.19490162,8965898962.972324,54305827722.69807,1.0,1.0,1.0,11.382027133333334,0.00015666666666666663,5.0,4.834295939963757,4.834295939963757,0.049760978989863,0.049760978989863,0.049760978989863,0.37940090444444435,3.2684302472214863
8,15,40,61,42,40,1740,0,121693910.35700633,12116846635.951311,72377581824.88768,1.0,1.0,1.0,15.338107466666667,6.206666666666665e-05,5.0,4.871795708910054,4.871795708910055,0.03849978711409761,0.03849978711409761,0.03849978711409761,0.3834526866666666,3.2739254862255853
8,15,50,69,42,44,1694,0,189309662.8819884,16438790386.085102,98612573916.31306,1.0,1.0,1.0,16.652882599999998,6.113333333333332e-05,5.0,4.905495775671456,4.905495775671457,0.028379646945508423,0.028379646945508423,0.028379646945508423,0.33305765200000004,3.5108583088225944
8,15,60,66,42,42,1432,0,161427917.92739588,17369876039.926064,98741736677.56425,1.0,1.0,1.0,21.950360733333333,6.206666666666665e-05,5.0,4.918225746366699,4.9182257463667,0.02455683292291322,0.02455683292291322,0.02455683292291322,0.3658393455555555,3.3775348184315415
8,15,70,68,42,42,1695,0,251417828.3425958,23083269589.950974,139644248604.80563,1.0,1.0,1.0,25.959892466666663,0.000111,5.0,4.928865967785167,4.928865967785168,0.021361571235685748,0.021361571235685748,0.021361571235685748,0.3708556066666666,3.362141810433197
8,15,80,70,42,43,1662,0,278177522.3867296,25839337109.556885,164027412327.07855,1.0,1.0,1.0,25.6821408,0.00021493333333333334,5.0,4.940997692267926,4.940997692267925,0.017718410730352716,0.017718410730352716,0.017718410730352716,0.32102676,3.5832416156166915
8,15,90,72,42,45,1744,0,300221917.6147368,28333081684.09497,183106807291.02487,1.0,1.0,1.0,29.130186333333334,0.00017280000000000003,5.0,4.94702912090615,4.94702912090615,0.01590717089905398,0.01590717089905398,0.01590717089905398,0.3236687370370371,3.575682956113532
9,1,30,6,39,4,147,0,397891217.964158,23187942514.650436,155999228757.8413,1.0,1.0,1.0,0.0,5.6e-05,5.0,4.934705882352941,4.934705882352941,0.0196078431372549,0.0196078431372549,0.0196078431372549,0.0,4.960563121568628
9,1,40,8,39,5,266,0,781930882.176993,45072334870.1761,289545089272.57367,1.0,1.0,1.0,0.0,5.6e-05,5.0,4.94796875,4.947968749999999,0.015625,0.015625,0.015625,0.0,4.968524824999999
9,1,50,7,39,5,172,0,653584606.052838,38469297737.744606,248060347477.34326,1.0,1.0,1.0,0.0,5.8e-05,5.0,4.958375,4.958374999999999,0.0125,0.0125,0.0125,0.0,4.974763099999999
9,1,60,8,39,5,292,0,1017116944.36078,63892621788.76939,418527137551.05194,1.0,1.0,1.0,0.0,5.8e-05,5.0,4.964193548387097,4.964193548387097,0.010752688172043012,0.010752688172043012,0.010752688172043012,0.0,4.978255976344086
9,1,70,8,39,6,302,0,1495286254.540674,81236105346.08447,478403370426.4488,1.0,1.0,1.0,0.0,5.8e-05,5.0,4.9688785046728965,4.968878504672897,0.009345794392523364,0.009345794392523364,0.009345794392523364,0.0,4.981068357009345
9,1,80,8,39,5,287,0,1608439041.618502,87983551128.50214,548854858231.4878,1.0,1.0,1.0,0.0,5.7e-05,5.0,4.972479338842975,4.972479338842976,0.008264462809917356,0.008264462809917356,0.008264462809917356,0.0,4.983234238842976
9,1,90,8,40,5,292,0,1916613078.762635,102955979708.24857,613604326021.2361,1.0,1.0,1.0,0.0,5.6e-05,5.0,4.975693430656934,4.975693430656935,0.0072992700729927005,0.0072992700729927005,0.0072992700729927005,0.0,4.985167959124087
9,2,30,13,40,10,331,0,456523277.82570755,24369058078.175346,146085003661.20697,1.0,1.0,1.0,0.0,5.9499999999999996e-05,5.0,4.930625,4.930624999999999,0.020833333333333332,0.020833333333333332,0.020833333333333332,0.0,4.958098316666668
9,2,40,16,40,12,471,0,609482967.519225,38262956776.57939,239464508773.45383,1.0,1.0,1.0,0.0,6.2e-05,5.0,4.946716589861751,4.946716589861751,0.016001024065540194,0.016001024065540194,0.016001024065540194,0.0,4.967747352892984
9,2,50,16,40,11,436,0,703733924.764988,43956754779.9783,277576844371.95703,1.0,1.0,1.0,0.0,5.7e-05,5.0,4.9555921052631575,4.9555921052631575,0.01333570412517781,0.01333570412517781,0.01333570412517781,0.0,4.9730968274537695
9,2,60,16,40,11,342,0,863798528.4878726,50358738896.07329,324512167289.58844,1.0,1.0,1.0,0.0,5.5e-05,5.0,4.9645744680851065,4.9645744680851065,0.010638297872340425,0.010638297872340425,0.010638297872340425,0.0,4.978497542553192
9,2,70,17,40,11,563,0,1422040428.6106415,77214362582.23206,472290630562.0652,1.0,1.0,1.0,0.0,5.6000000000000006e-05,5.0,4.967825336071695,4.967825336071696,0.009662061239731142,0.009662061239731142,0.009662061239731142,0.0,4.9804447395817775
9,2,80,15,40,11,499,0,1554295145.7448006,87014555193.2666,526761038818.235,1.0,1.0,1.0,0.0,5.55e-05,5.0,4.972588414634146,4.972588414634147,0.008231707317073171,0.008231707317073171,0.008231707317073171,0.0,4.98330616707317
9,2,90,16,40,11,579,0,1918507612.7422955,107164425417.55875,640468322852.0332,1.0,1.0,1.0,0.0,5.85e-05,5.0,4.975327918335985,4.975327918335987,0.0074090335327369515,0.0074090335327369515,0.0074090335327369515,0.0,4.984937791968059
9,3,30,22,41,18,752,0,442976714.1019843,29273232193.932175,182241366462.69376,1.0,1.0,1.0,0.0,5.5e-05,5.0,4.927517292490118,4.927517292490118,0.021766578831796224,0.021766578831796224,0.021766578831796224,0.0,4.95625210891524
9,3,40,23,41,17,636,0,597959018.9964544,35575422533.45472,223641163506.29965,1.0,1.0,1.0,0.0,5.8666666666666665e-05,5.0,4.94508649356004,4.94508649356004,0.01649054247446274,0.01649054247446274,0.01649054247446274,0.0,4.966783138926882
9,3,50,23,41,16,680,0,835050825.1899804,51134077665.69409,310860721482.80817,1.0,1.0,1.0,0.0,5.666666666666667e-05,5.0,4.955,4.955,0.013513513513513514,0.013513513513513514,0.013513513513513514,0.0,4.97274281981982
9,3,60,24,41,16,675,0,869190786.626064,55011073861.272,354382952709.5203,1.0,1.0,1.0,0.0,5.666666666666667e-05,5.0,4.961710645668574,4.961710645668574,0.011498304604031978,0.011498304604031978,0.011498304604031978,0.0,4.976771222429874
9,3,70,22,41,16,540,0,962312027.4681967,58788114893.2488,374533174758.53735,1.0,1.0,1.0,0.0,5.7333333333333336e-05,5.0,4.968180174286238,4.968180174286238,0.009555503217346046,0.009555503217346046,0.009555503217346046,0.0,4.980652015735192
9,3,80,24,41,16,809,0,1505560483.1527116,88089245733.17181,534682630936.3033,1.0,1.0,1.0,0.0,5.7333333333333336e-05,5.0,4.970958810068649,4.970958810068651,0.008721078057462495,0.008721078057462495,0.008721078057462495,0.0,4.982320031629798
9,3,90,23,41,17,853,0,1751166997.456865,103106516788.64302,601434999114.2975,1.0,1.0,1.0,0.0,5.5666666666666674e-05,5.0,4.974314382928118,4.974314382928118,0.007713398520084566,0.007713398520084566,0.007713398520084566,0.0,4.984341549691684
9,4,30,30,41,20,706,0,327301902.8913495,22145725119.712425,144476656831.1402,1.0,1.0,1.0,0.0,5.75e-05,5.0,4.92466029079616,4.92466029079616,0.02262453729845034,0.02262453729845034,0.02262453729845034,0.0,4.954526299940397
9,4,40,31,41,21,693,0,449742541.1494752,31479719642.565414,203348037813.66156,1.0,1.0,1.0,0.0,6.325e-05,5.0,4.943794491525424,4.9437944915254235,0.016878531073446328,0.016878531073446328,0.016878531073446328,0.0,4.96598784138418
9,4,50,30,41,21,1020,0,766418394.5804706,50623612427.58469,322596498636.95557,1.0,1.0,1.0,0.0,5.775e-05,5.0,4.953093938631791,4.95309393863179,0.014085904314777555,0.014085904314777555,0.014085904314777555,0.0,4.971593952274759
9,4,60,29,41,23,932,0,788199678.2666348,52237549585.492,340501511503.09546,1.0,1.0,1.0,0.0,5.7e-05,5.0,4.960798915655413,4.960798915655412,0.011772097400776962,0.011772097400776962,0.011772097400776962,0.0,4.976222477295847
9,4,70,30,41,21,848,0,944210058.1149203,61945450928.52243,394393660402.2894,1.0,1.0,1.0,0.0,5.725e-05,5.0,4.966004584833484,4.966004584833484,0.010208833383338334,0.010208833383338334,0.010208833383338334,0.0,4.979346367066706
9,4,80,31,41,21,854,0,1071749829.0496067,72670955741.5093,452178529437.43774,1.0,1.0,1.0,0.0,5.8e-05,5.0,4.970255998249149,4.970255998249151,0.008932132657912862,0.008932132657912862,0.008932132657912862,0.0,4.981895266816832
9,4,90,29,42,20,847,0,1264909707.3227248,83406293730.14925,496335617229.0976,1.0,1.0,1.0,0.0,5.875e-05,5.0,4.973087084290707,4.973087084290707,0.008081956669457154,0.008081956669457154,0.008081956669457154,0.0,4.983591543617755
9,5,30,28,42,24,923,0,327638151.3221234,23338045974.47101,137490195040.4599,1.0,1.0,1.0,0.0,5.64e-05,5.0,4.921030316535421,4.921030316535421,0.02371461965903259,0.02371461965903259,0.02371461965903259,0.0,4.9523519553015936
9,5,40,37,42,26,954,0,409854314.7314671,30638137802.04648,185201028130.7391,1.0,1.0,1.0,0.0,5.6999999999999996e-05,5.0,4.939646299926489,4.939646299926489,0.018124234256309723,0.018124234256309723,0.018124234256309723,0.0,4.963524555721636
9,5,50,36,42,24,1041,0,590555299.6943642,43335246752.49437,273994066466.82983,1.0,1.0,1.0,0.0,5.560000000000001e-05,5.0,4.950569479949375,4.950569479949374,0.014844000015202825,0.014844000015202825,0.014844000015202825,0.0,4.97008776396961
9,5,60,40,42,26,907,0,579959717.9326793,40913623708.39436,270536821190.80402,1.0,1.0,1.0,0.0,5.7799999999999995e-05,5.0,4.958976621428599,4.958976621428597,0.012319332904324926,0.012319332904324926,0.012319332904324926,0.0,4.975125113524253
9,5,70,39,42,26,902,0,780055561.1864147,53041868200.8957,341504191144.3922,1.0,1.0,1.0,0.0,5.66e-05,5.0,4.965222851185725,4.965222851185725,0.010443588232515132,0.010443588232515132,0.010443588232515132,0.0,4.978879887123202
9,5,80,38,42,25,926,0,823824030.6979914,61091122813.06669,393601141409.5202,1.0,1.0,1.0,0.0136794,5.6000000000000006e-05,5.0,4.969389908256881,4.969389908256881,0.009192219742678458,0.009192219742678458,0.009192219742678458,0.0001709925,4.980648684984385
9,5,90,37,42,25,1027,0,1050761126.125938,75551689913.57239,463016691508.9808,1.0,1.0,1.0,0.025091799999999997,5.62e-05,5.0,4.972012853624214,4.972012853624215,0.008404548461196698,0.008404548461196698,0.008404548461196698,0.00027879777777777774,4.981758817181624
9,6,30,37,42,28,1154,0,317947040.3278495,22251716911.386738,124259831812.48335,1.0,1.0,1.0,0.096872,7.85e-05,5.0,4.9130971659919025,4.9130971659919025,0.026096947149578723,0.026096947149578723,0.026096947149578723,0.003229066666666667,4.933609665981326
9,6,40,39,42,28,915,0,387061429.5128272,27678189109.070633,165454087531.79,1.0,1.0,1.0,0.0,5.616666666666668e-05,5.0,4.938672161172161,4.9386721611721605,0.018416768416768415,0.018416768416768415,0.018416768416768415,0.0,4.962943363268213
9,6,50,39,42,28,1173,0,485578166.9438669,37908753294.583046,231982567705.2865,1.0,1.0,1.0,0.08776783333333334,5.8666666666666665e-05,5.0,4.947373478671866,4.947373478671865,0.015803760158598867,0.015803760158598867,0.015803760158598867,0.0017553566666666665,4.960607983109627
9,6,60,42,42,27,1202,0,584546429.5815562,45426491077.98172,292680766232.4746,1.0,1.0,1.0,0.15858566666666665,5.650000000000001e-05,5.0,4.955386728340154,4.9553867283401525,0.013397378876830934,0.013397378876830934,0.013397378876830934,0.0026430944444444447,4.961610383514104
9,6,70,43,42,31,1160,0,831779096.5062677,54382590223.40078,336321345579.2924,1.0,1.0,1.0,0.13219483333333334,6.2e-05,5.0,4.9640485762841475,4.964048576284148,0.01079622333809392,0.01079622333809392,0.01079622333809392,0.0018884976190476192,4.970031209785246
9,6,80,44,42,30,1141,0,799785251.825756,59267552645.24424,377233241059.96246,1.0,1.0,1.0,0.006729166666666667,7.883333333333333e-05,5.0,4.968173483322103,4.968173483322104,0.00955751251588491,0.00955751251588491,0.00955751251588491,8.411458333333334e-05,4.980193856439079
9,6,90,42,42,29,1114,0,930576320.3470316,68833103815.62196,417313181426.3428,1.0,1.0,1.0,0.1610775,6.266666666666667e-05,5.0,4.970741124617843,4.970741124617843,0.008786449063710873,0.008786449063710873,0.008786449063710873,0.0017897500000000003,4.974470496654974
9,7,30,38,42,33,1366,0,251514700.39596915,21729994706.336285,123746395036.33508,1.0,1.0,1.0,0.9374248571428571,7.414285714285715e-05,5.0,4.905346224015922,4.905346224015922,0.02842455735257593,0.02842455735257593,0.02842455735257593,0.03124749523809524,4.808496266042677
9,7,40,44,42,33,1256,0,389457978.4204839,27645818972.57645,169577974176.81943,1.0,1.0,1.0,0.032939142857142854,8.514285714285713e-05,5.0,4.934467713834445,4.934467713834445,0.019679365214881308,0.019679365214881308,0.019679365214881308,0.0008234785714285713,4.956753876792595
9,7,50,43,42,33,1206,0,420441181.73900115,33907309482.096043,206252813040.75632,1.0,1.0,1.0,0.0,5.685714285714286e-05,5.0,4.946144560633614,4.946144560633613,0.01617280461453046,0.01617280461453046,0.01617280461453046,0.0,4.967426077861267
9,7,60,48,42,32,1343,0,517988568.29596096,40484226813.10586,263377710000.43246,1.0,1.0,1.0,0.2609478571428571,0.00028185714285714283,5.0,4.953274066675215,4.953274066675214,0.01403181180924472,0.01403181180924472,0.01403181180924472,0.004349130952380952,4.952037159383795
9,7,70,47,42,32,1055,0,561835828.2168776,43806652769.626884,277918837246.8289,1.0,1.0,1.0,0.08872471428571428,6.599999999999999e-05,5.0,4.961892184094887,4.961892184094887,0.011443788560094207,0.011443788560094207,0.011443788560094207,0.0012674959183673468,4.971389834219392
9,7,80,48,42,32,1236,0,678643675.629406,52623935208.04016,339417342350.65814,1.0,1.0,1.0,0.263165,6.585714285714285e-05,5.0,4.965234853430737,4.965234853430737,0.01043998395473342,0.01043998395473342,0.01043998395473342,0.0032895624999999995,4.964702167610203
9,7,90,46,42,31,1306,0,737217077.131066,61281589570.98798,392472965206.5008,1.0,1.0,1.0,0.3589345714285714,5.7142857142857155e-05,5.0,4.968476138763809,4.96847613876381,0.0094666249958531,0.0094666249958531,0.0094666249958531,0.003988161904761904,4.963681406157099
9,8,30,43,42,30,1139,0,238110948.5555735,17174308182.277178,107561710034.64618,1.0,1.0,1.0,0.25342200000000004,8.124999999999998e-05,5.0,4.908003918875242,4.908003918875242,0.027626450788215497,0.027626450788215497,0.027626450788215497,0.0084474,4.908101529874357
9,8,40,53,42,35,1345,0,291962491.5807266,26603145252.381954,158628060353.48285,1.0,1.0,1.0,0.22691925,6.05e-05,5.0,4.928924808909457,4.928924808909457,0.021343901228391447,0.021343901228391447,0.021343901228391447,0.00567298125,4.932679572069445
9,8,50,49,42,34,1324,0,360697388.7568665,29288378502.257492,177862079796.67014,1.0,1.0,1.0,1.6915645000000001,0.00025225,5.0,4.940498479562736,4.940498479562736,0.01786832445563489,0.01786832445563489,0.01786832445563489,0.03383129,4.8177219974131855
9,8,60,53,42,34,1297,0,435898671.4793606,35961916485.151855,232809699948.9131,1.0,1.0,1.0,0.664924125,0.00027874999999999997,5.0,4.951899031336356,4.951899031336356,0.014444735334427706,0.014444735334427706,0.014444735334427706,0.011082068749999998,4.922273453441479
9,8,70,48,42,37,1422,0,723161123.6482601,49570874447.12841,312699044640.78644,1.0,1.0,1.0,1.2917429999999999,7.599999999999999e-05,5.0,4.959917713670569,4.959917713670568,0.012036722621451022,0.012036722621451022,0.012036722621451022,0.018453471428571427,4.896261864336862
9,8,80,51,42,35,1376,0,649041438.1227095,51973061904.831406,332124983159.46063,1.0,1.0,1.0,0.200344125,5.9375e-05,5.0,4.964323255571114,4.964323255571114,0.010713737065731864,0.010713737065731864,0.010713737065731864,0.0025043015625,4.967559430386852
9,8,90,51,42,34,1328,0,624909465.7747879,55147420378.650696,344115428369.95886,1.0,1.0,1.0,1.39238325,8.049999999999999e-05,5.0,4.966912816549908,4.966912816549908,0.009936091126153665,0.009936091126153665,0.009936091126153665,0.015470924999999998,4.913266626338819
9,9,30,50,42,37,1279,0,158610283.6622872,15881850839.82706,92096551493.8139,1.0,1.0,1.0,1.4975694444444443,5.922222222222223e-05,5.0,4.901994728137692,4.901994728137692,0.029431012571263584,0.029431012571263584,0.029431012571263584,0.04991898148148148,4.726261129944118
9,9,40,52,42,36,1585,0,323988963.9923742,25164471329.98558,154540556815.55603,1.0,1.0,1.0,2.062095444444444,7.333333333333333e-05,5.0,4.922446281843673,4.922446281843673,0.023289404851750222,0.023289404851750222,0.023289404851750222,0.0515523861111111,4.7314538860902395
9,9,50,55,42,36,1322,0,272403557.950044,26881711148.350494,168524658194.58716,1.0,1.0,1.0,1.343695111111111,6.633333333333332e-05,5.0,4.938529628483229,4.938529628483228,0.018459571026057386,0.018459571026057386,0.018459571026057386,0.026873902222222225,4.847256304630021
9,9,60,55,42,39,1416,0,494732983.1211265,37188647976.45364,232466808492.31998,1.0,1.0,1.0,1.6758024444444444,6.166666666666666e-05,5.0,4.951069220677869,4.951069220677868,0.01469392772436378,0.01469392772436378,0.01469392772436378,0.027930040740740743,4.850262496627145
9,9,70,53,42,36,1402,0,545688981.6657412,42403821680.57943,269213141477.59158,1.0,1.0,1.0,1.4647083333333333,5.999999999999999e-05,5.0,4.956080377371167,4.956080377371166,0.013189075864514462,0.013189075864514462,0.013189075864514462,0.02092440476190476,4.883402096870644
9,9,80,54,42,37,1279,0,481170578.15471864,43651542446.449684,272392830546.61188,1.0,1.0,1.0,0.9596476666666666,6.2e-05,5.0,4.961908374300374,4.961908374300373,0.011438926636524467,0.011438926636524467,0.011438926636524467,0.011995595833333334,4.925285923570254
9,9,90,57,42,39,1653,0,694657063.2030122,56338756179.70979,361194219578.61096,1.0,1.0,1.0,2.176572111111111,6.333333333333332e-05,5.0,4.966097376556579,4.966097376556579,0.010180968001027172,0.010180968001027172,0.010180968001027172,0.024184134567901236,4.875384132990638
9,10,30,53,42,37,1490,0,228879839.5871962,16594007313.198217,95660981464.86238,1.0,1.0,1.0,1.9270488999999997,5.6399999999999995e-05,5.0,4.894220239851426,4.8942202398514265,0.031765693738310376,0.031765693738310376,0.031765693738310376,0.06423496333333333,4.660047515883785
9,10,40,58,42,37,1288,0,211547860.74028173,18888553073.175858,117806714529.82845,1.0,1.0,1.0,2.5722107999999997,5.839999999999999e-05,5.0,4.919870882395685,4.919870882395684,0.02406279807937404,0.02406279807937404,0.02406279807937404,0.06430527,4.67513468563933
9,10,50,58,42,38,1341,0,257344981.3358203,24255814468.623386,150194258634.64355,1.0,1.0,1.0,3.7905881,6.37e-05,5.0,4.934105209447415,4.934105209447415,0.019788225391166567,0.019788225391166567,0.019788225391166567,0.075811762,4.634178850843059
9,10,60,59,42,40,1415,0,368569967.23292416,30789749524.12098,197604216517.09872,1.0,1.0,1.0,2.5922194000000003,5.6399999999999995e-05,5.0,4.946932200145505,4.946932200145504,0.0159362762325811,0.0159362762325811,0.0159362762325811,0.043203656666666666,4.782125140144403
9,10,70,56,42,39,1555,0,423688114.9198882,35659958204.973694,229368778383.69012,1.0,1.0,1.0,4.9484916,7.219999999999999e-05,5.0,4.951686052059616,4.951686052059616,0.014508693075190395,0.014508693075190395,0.014508693075190395,0.07069273714285715,4.666707892828408
9,10,80,55,42,37,1632,0,499763149.90575343,41535525780.749405,268352182464.40936,1.0,1.0,1.0,9.5968871,5.910000000000001e-05,5.0,4.95542720757471,4.95542720757471,0.013385222950537743,0.013385222950537743,0.013385222950537743,0.11996108875,4.457156127696875
9,10,90,58,42,38,1427,0,527575772.8705125,44838790345.4583,287861232344.9359,1.0,1.0,1.0,6.771746500000001,0.00031969999999999996,5.0,4.962190190826394,4.962190190826394,0.011354297049130919,0.011354297049130919,0.011354297049130919,0.07524162777777778,4.652389050754342
9,11,30,51,42,40,1581,0,242071920.94048727,15288966853.770876,90658591110.47455,1.0,1.0,1.0,2.144982727272727,6.427272727272727e-05,5.0,4.893016911176627,4.893016911176629,0.03212705370071249,0.03212705370071249,0.03212705370071249,0.07149942424242425,4.628054122682578
9,11,40,60,42,40,1545,0,236448692.0627513,19292247074.48756,118286247925.13725,1.0,1.0,1.0,4.81616490909091,6.163636363636363e-05,5.0,4.914197932243592,4.914197932243593,0.025766386713635726,0.025766386713635726,0.025766386713635726,0.12040412272727273,4.430490228868533
9,11,50,60,42,36,1400,0,237996310.42560717,22497821656.89952,137133451473.85724,1.0,1.0,1.0,7.029494363636363,0.00013436363636363637,5.0,4.927067811970432,4.927067811970432,0.02190155796683739,0.02190155796683739,0.02190155796683739,0.14058988727272725,4.3511045067152
9,11,60,59,42,39,1488,0,337263489.33135325,28067751580.924793,172549035899.52237,1.0,1.0,1.0,6.1244772727272725,6.0545454545454536e-05,5.0,4.9410732576534935,4.941073257653493,0.01769571842237436,0.01769571842237436,0.01769571842237436,0.1020746212121212,4.525445042207007
9,11,70,60,42,39,1400,0,336610735.49037313,32565007358.643314,199770895687.57538,1.0,1.0,1.0,6.782646909090909,6.809090909090909e-05,5.0,4.950614005452845,4.950614005452844,0.014830628993139684,0.014830628993139684,0.014830628993139684,0.09689495584415586,4.553412471603752
9,11,80,58,42,41,1550,0,392457638.0552872,37170588332.647,237347962900.60605,1.0,1.0,1.0,8.59521,7.409090909090908e-05,5.0,4.955662547039443,4.955662547039442,0.013314550438605733,0.013314550438605733,0.013314550438605733,0.10744012500000001,4.511073085264136
9,11,90,62,42,40,1737,0,506786210.3760935,46049661736.04037,297599295842.3877,1.0,1.0,1.0,9.354502545454546,6.527272727272727e-05,5.0,4.960544462618912,4.960544462618912,0.011848509724050625,0.011848509724050625,0.011848509724050625,0.10393891717171716,4.529096812495966
9,12,30,51,42,33,1428,0,189489877.41686141,13659214526.738914,77570843229.91132,1.0,1.0,1.0,5.317335416666666,9.583333333333334e-05,5.0,4.873999344548721,4.8739993445487215,0.0378380346700539,0.0378380346700539,0.0378380346700539,0.17724451388888887,4.161798275639007
9,12,40,61,42,39,1466,0,211899702.46434703,17764990505.82484,101289869971.18713,1.0,1.0,1.0,5.8636454166666665,0.00016725,5.0,4.909137497156793,4.909137497156794,0.027286036889851827,0.027286036889851827,0.027286036889851827,0.14659113541666666,4.31439415496552
9,12,50,63,42,44,1737,0,292319601.24400514,22543919697.750805,146145660855.5877,1.0,1.0,1.0,7.242022666666667,0.00014783333333333334,5.0,4.9266591051084125,4.9266591051084125,0.022024292760236427,0.022024292760236427,0.022024292760236427,0.1448404533333333,4.332523806105621
9,12,60,62,42,41,1489,0,281898161.2332808,25051263474.78821,158556751761.84894,1.0,1.0,1.0,8.646762500000001,0.00018741666666666668,5.0,4.9382142432000125,4.9382142432000125,0.018554281321317614,0.018554281321317614,0.018554281321317614,0.14411270833333334,4.342419454138686
9,12,70,63,42,42,1557,0,377689418.7312517,31022697211.48547,193408940230.79007,1.0,1.0,1.0,9.198591416666668,5.8666666666666665e-05,5.0,4.9473108458303265,4.947310845830326,0.015822568819721692,0.015822568819721692,0.015822568819721692,0.13140844880952382,4.403062088381756
9,12,80,60,42,43,1642,0,416089732.2565468,36481333100.209724,233657771214.48447,1.0,1.0,1.0,11.0697295,0.00011408333333333333,5.0,4.953871610884309,4.953871610884309,0.013852369103811065,0.013852369103811065,0.013852369103811065,0.13837161875,4.376820595203148
9,12,90,57,42,39,1666,0,504682064.4374729,40924493145.36338,259309006647.93408,1.0,1.0,1.0,16.619967000000003,5.974999999999999e-05,5.0,4.956335506480937,4.956335506480937,0.01311246051623477,0.01311246051623477,0.01311246051623477,0.18466630000000003,4.179466176428046
9,13,30,67,42,35,1429,0,191954412.7440864,13380262163.704506,73748653013.1965,1.0,1.0,1.0,6.723839000000002,0.0002556923076923077,5.0,4.871581423918261,4.871581423918261,0.03856413696148295,0.03856413696148295,0.03856413696148295,0.2241279666666667,3.958060556624252
9,13,40,61,42,45,1727,0,174738946.39579117,16333895954.632965,99340530133.07457,1.0,1.0,1.0,7.488910923076923,0.00010230769230769232,5.0,4.903416480057327,4.903416480057329,0.02900406004284424,0.02900406004284424,0.02900406004284424,0.1872227730769231,4.136523036666662
9,13,50,64,42,43,1661,0,284397609.2513372,21783766043.33508,133265479142.54506,1.0,1.0,1.0,8.183953769230769,0.00020269230769230767,5.0,4.925115483470789,4.925115483470787,0.0224878428015653,0.0224878428015653,0.0224878428015653,0.16367907538461537,4.250355201162748
9,13,60,59,42,42,1660,0,309211874.362185,25834962843.613197,154967205844.90125,1.0,1.0,1.0,12.305620769230767,5.984615384615385e-05,5.0,4.93391276213903,4.9339127621390295,0.019846017375666707,0.019846017375666707,0.019846017375666707,0.2050936794871795,4.078167651009632
9,13,70,63,42,42,1616,0,337410972.5129691,28338880160.246506,179858630800.32794,1.0,1.0,1.0,13.941678692307693,0.00020361538461538466,5.0,4.942820699310793,4.942820699310793,0.01717096116793005,0.01717096116793005,0.01717096116793005,0.19916683846153843,4.1083822970868455
9,13,80,64,42,40,1626,0,362182638.2335261,31003417914.653694,201959056029.16498,1.0,1.0,1.0,18.27239815384615,0.00015861538461538462,5.0,4.947863515927569,4.947863515927567,0.01565660182355287,0.01565660182355287,0.01565660182355287,0.22840497692307696,3.9858790060316407
9,13,90,62,42,40,1571,0,370489815.4397244,35660808542.8037,227215139274.5145,1.0,1.0,1.0,19.746190153846154,7.715384615384615e-05,5.0,4.954027114281425,4.954027114281424,0.013805671386959633,0.013805671386959633,0.013805671386959633,0.21940211282051278,4.028641616230801
9,14,30,60,42,38,1664,0,154517109.94798845,12409503820.857182,72903519568.12596,1.0,1.0,1.0,6.763908857142857,6.342857142857142e-05,5.0,4.867295713670083,4.867295713670083,0.039851137036010974,0.039851137036010974,0.039851137036010974,0.22546362857142857,3.9505712313507284
9,14,40,64,42,47,1858,0,196978543.2673497,15585118129.687922,92213478395.68837,1.0,1.0,1.0,10.820004285714287,0.00020035714285714283,5.0,4.896690073934685,4.896690073934686,0.031024001821415615,0.031024001821415615,0.031024001821415615,0.2705001071428571,3.7739710239304194
9,14,50,63,42,44,1607,0,232130989.8350744,19585778492.381504,117514344760.47282,1.0,1.0,1.0,11.096606499999998,7.271428571428572e-05,5.0,4.9196327048892865,4.9196327048892865,0.02413432285607035,0.02413432285607035,0.02413432285607035,0.22193212999999998,3.997134658182142
9,14,60,64,42,42,1492,0,260825880.21611172,22326867632.690716,131324379122.5375,1.0,1.0,1.0,14.109199642857144,0.0001695,5.0,4.930251810734795,4.930251810734795,0.020945402181743237,0.020945402181743237,0.020945402181743237,0.23515332738095232,3.9462419833005997
9,14,70,66,42,44,1734,0,304986981.993564,25754480704.99931,160532253789.54404,1.0,1.0,1.0,17.653212785714288,0.0001522142857142857,5.0,4.93858412974499,4.93858412974499,0.018443204280783793,0.018443204280783793,0.018443204280783793,0.2521887540816326,3.8780658706631206
9,14,80,64,42,41,1635,0,355777779.82002395,30401839408.277824,199015626305.4352,1.0,1.0,1.0,18.988719285714286,7.099999999999999e-05,5.0,4.946983723363587,4.946983723363587,0.015920803794718597,0.015920803794718597,0.015920803794718597,0.23735899107142858,3.9472253516072136
9,14,90,64,42,44,1589,0,404023044.4232516,33715192037.197674,209318240297.5241,1.0,1.0,1.0,21.62848435714286,6.0571428571428556e-05,5.0,4.953203358019158,4.953203358019158,0.014053045639892712,0.014053045639892712,0.014053045639892712,0.24031649285714285,3.938286585337282
9,15,30,47,42,39,1605,0,149149824.422586,9944031621.806633,62594022092.49643,1.0,1.0,1.0,8.2454172,0.0003833333333333333,5.0,4.858011217249399,4.858011217249399,0.04263927409927938,0.04263927409927938,0.04263927409927938,0.27484724,3.7312726257422075
9,15,40,64,42,47,1815,0,148948474.8204566,14424387578.2294,89002780512.99893,1.0,1.0,1.0,9.798984866666668,0.00018706666666666667,5.0,4.895978165571749,4.8959781655717505,0.03123778811659136,0.03123778811659136,0.03123778811659136,0.2449746216666667,3.8833604017216006
9,15,50,65,42,45,1758,0,203099152.09610608,18664145959.809875,111686432772.32834,1.0,1.0,1.0,13.863527133333331,5.926666666666666e-05,5.0,4.912578317574463,4.912578317574463,0.02625275748514629,0.02625275748514629,0.02625275748514629,0.2772705426666667,3.75500255765386
9,15,60,64,42,42,1530,0,231037677.0421685,21912455260.892876,130566726277.0363,1.0,1.0,1.0,15.663896266666665,7.233333333333333e-05,5.0,4.928521141153622,4.928521141153621,0.0214651227766902,0.0214651227766902,0.0214651227766902,0.26106493777777773,3.8342009537916177
9,15,70,66,42,41,1613,0,283920707.4211565,24519754318.205246,152975667981.88516,1.0,1.0,1.0,20.2623248,0.00013806666666666667,5.0,4.935472063083885,4.935472063083884,0.019377758833668317,0.019377758833668317,0.019377758833668317,0.28946178285714286,3.7159845071391158
9,15,80,65,42,43,1649,0,323781095.05884963,28228854126.76667,184080435132.86322,1.0,1.0,1.0,22.150105866666667,0.00013446666666666666,5.0,4.944575180483349,4.944575180483347,0.016644089944940543,0.016644089944940543,0.016644089944940543,0.2768763233333334,3.7755820672000633
9,15,90,67,42,43,1538,0,323738377.2124135,30210147877.556095,190698317983.19223,1.0,1.0,1.0,24.209883333333334,0.00010880000000000002,5.0,4.950830834227233,4.950830834227233,0.01476551524707711,0.01476551524707711,0.01476551524707711,0.2689987037037037,3.813321469095166
10,1,30,9,39,3,124,0,433225573.296482,21783666759.144325,128363610058.25589,1.0,1.0,1.0,0.0,5.5e-05,5.0,4.932040816326531,4.932040816326531,0.02040816326530612,0.02040816326530612,0.02040816326530612,0.0,4.9589675816326535
10,1,40,6,39,4,226,0,796062409.43121,48504362387.91317,297690203847.4018,1.0,1.0,1.0,0.0,5.7e-05,5.0,4.94796875,4.947968749999999,0.015625,0.015625,0.015625,0.0,4.968520525
10,1,50,7,39,4,225,0,938946708.613148,51810677111.98781,322665993303.40155,1.0,1.0,1.0,0.0,5.7e-05,5.0,4.956184210526316,4.956184210526316,0.013157894736842105,0.013157894736842105,0.013157894736842105,0.0,4.9734522684210525
10,1,60,7,39,5,174,0,941122423.29336,47091160594.49101,304897301912.997,1.0,1.0,1.0,0.0,5.5e-05,5.0,4.964947368421053,4.964947368421053,0.010526315789473684,0.010526315789473684,0.010526315789473684,0.0,4.9787213947368425
10,1,70,7,40,5,258,0,1526005062.116632,79889399978.33325,496214090545.6645,1.0,1.0,1.0,0.0,5.6e-05,5.0,4.969166666666666,4.969166666666667,0.009259259259259259,0.009259259259259259,0.009259259259259259,0.0,4.9812499407407405
10,1,80,7,40,4,178,0,1258116592.726135,69271341475.3834,451092185727.29297,1.0,1.0,1.0,0.0,6.2e-05,5.0,4.97336,4.9733600000000004,0.008,0.008,0.008,0.0,4.9837413999999995
10,1,90,7,40,5,185,0,1484990611.98756,78780385330.00089,505261476220.09045,1.0,1.0,1.0,0.0,5.5e-05,5.0,4.975693430656934,4.975693430656935,0.0072992700729927005,0.0072992700729927005,0.0072992700729927005,0.0,4.985172259124088
10,2,30,13,40,8,274,0,412005130.12043905,26116744671.81333,152314541608.36212,1.0,1.0,1.0,0.0,5.75e-05,5.0,4.932040816326531,4.932040816326531,0.02040816326530612,0.02040816326530612,0.02040816326530612,0.0,4.958956831632653
10,2,40,13,40,10,292,0,440622691.07927704,30529383435.7489,211216651675.76764,1.0,1.0,1.0,0.0,5.85e-05,5.0,4.948769230769231,4.948769230769231,0.015384615384615385,0.015384615384615385,0.015384615384615385,0.0,4.968994603846154
10,2,50,14,40,10,410,0,738702971.367657,44403316302.65053,295401969110.7733,1.0,1.0,1.0,0.0,5.6000000000000006e-05,5.0,4.9567240506329115,4.956724050632911,0.0129957805907173,0.0129957805907173,0.0129957805907173,0.0,4.973780634599156
10,2,60,15,40,10,417,0,883888711.463769,57628527677.520966,382465588510.03064,1.0,1.0,1.0,0.0,5.6500000000000005e-05,5.0,4.963787234042553,4.963787234042553,0.010874704491725768,0.010874704491725768,0.010874704491725768,0.0,4.97801851572104
10,2,70,14,40,10,418,0,1092778061.411735,66366972911.46135,432079859070.5122,1.0,1.0,1.0,0.0,5.75e-05,5.0,4.968127404286499,4.9681274042865,0.009571350064114307,0.009571350064114307,0.009571350064114307,0.0,4.980619621221836
10,2,80,15,40,10,431,0,1468686944.608129,82029118089.18985,501618319986.6925,1.0,1.0,1.0,0.0,5.6e-05,5.0,4.972232645403377,4.972232645403377,0.008338544923910778,0.008338544923910778,0.008338544923910778,0.0,4.983090448697102
10,2,90,14,40,10,382,0,1432562111.6372805,80621461840.42053,520855641288.529,1.0,1.0,1.0,0.0,5.9e-05,5.0,4.975604068269643,4.975604068269644,0.007326105624731644,0.007326105624731644,0.007326105624731644,0.0,4.985101414856161
10,3,30,22,41,13,598,0,512617933.72845,28253229197.78893,176005323447.27966,1.0,1.0,1.0,0.0,5.633333333333333e-05,5.0,4.923731501057082,4.923731501057082,0.022903453136011276,0.022903453136011276,0.022903453136011276,0.0,4.95397376384778
10,3,40,21,41,15,470,0,477585932.4392087,31683204658.861668,195509058081.8894,1.0,1.0,1.0,0.0,5.7e-05,5.0,4.946253024193549,4.946253024193548,0.016140232974910393,0.016140232974910393,0.016140232974910393,0.0,4.967490574283154
10,3,50,21,41,15,617,0,857217473.829051,50727982778.08545,322563278137.0556,1.0,1.0,1.0,4.333333333333333e-06,5.7333333333333336e-05,5.0,4.955984415584417,4.955984415584415,0.013217893217893219,0.013217893217893219,0.013217893217893219,8.666666666666666e-08,4.973330525457431
10,3,60,22,41,15,723,0,1076532835.8965483,65510933133.03711,405724721001.313,1.0,1.0,1.0,0.0,5.8666666666666665e-05,5.0,4.962442543411645,4.962442543411645,0.011278515491998639,0.011278515491998639,0.011278515491998639,0.0,4.977201980864828
10,3,70,21,41,15,486,0,961606175.2419733,56650057834.30897,360196726657.63983,1.0,1.0,1.0,0.0,5.8e-05,5.0,4.967980769230769,4.96798076923077,0.009615384615384616,0.009615384615384616,0.009615384615384616,0.0,4.980529446153845
10,3,80,21,41,15,593,0,1198018848.4359694,72639164914.61607,453451451391.6584,1.0,1.0,1.0,0.0,5.6e-05,5.0,4.971616123903142,4.971616123903142,0.008523686515572925,0.008523686515572925,0.008523686515572925,0.0,4.982720350655369
10,3,90,21,41,15,677,0,1555609729.2696362,96034228618.98425,568316324700.0336,1.0,1.0,1.0,0.0,5.7e-05,5.0,4.974380572552447,4.974380572552448,0.0076935217560217565,0.0076935217560217565,0.0076935217560217565,0.0,4.984375550009712
10,4,30,28,41,17,750,0,327443306.204074,23758412507.60785,150106045350.55057,1.0,1.0,1.0,0.0,5.6500000000000005e-05,5.0,4.923417207792207,4.923417207792207,0.022997835497835496,0.022997835497835496,0.022997835497835496,0.0,4.953784376839827
10,4,40,28,41,18,755,0,538463651.7004498,35950172321.61781,224103536539.6455,1.0,1.0,1.0,0.0,5.975e-05,5.0,4.941542940556323,4.941542940556321,0.01755467250560917,0.01755467250560917,0.01755467250560917,0.0,4.964651284661287
10,4,50,31,41,21,1004,0,709620849.8492908,48789023902.304695,321125130364.08905,1.0,1.0,1.0,0.0,5.875e-05,5.0,4.953093938631791,4.95309393863179,0.014085904314777555,0.014085904314777555,0.014085904314777555,0.0,4.9715896522747585
10,4,60,29,41,19,835,0,930997966.0842475,58191914569.30399,387662998364.6548,1.0,1.0,1.0,0.0,5.55e-05,5.0,4.96214686934035,4.96214686934035,0.011367306504399573,0.011367306504399573,0.011367306504399573,0.0,4.977038104297705
10,4,70,27,41,19,706,0,879790297.4975666,58498873172.94789,376751981974.1333,1.0,1.0,1.0,0.0,5.575e-05,5.0,4.966695053475936,4.966695053475936,0.010001485442661915,0.010001485442661915,0.010001485442661915,0.0,4.979767305600118
10,4,80,29,41,19,798,0,1043393563.3033218,71830613014.59265,455604377448.1228,1.0,1.0,1.0,0.0,5.725e-05,5.0,4.970394673328534,4.970394673328535,0.008890488489929571,0.008890488489929571,0.008890488489929571,0.0,4.9819817385086305
10,4,90,27,41,19,741,0,1110112329.7507243,77616391214.71257,486299944317.8772,1.0,1.0,1.0,0.0,5.6750000000000004e-05,5.0,4.97346065820993,4.97346065820993,0.007969772309330237,0.007969772309330237,0.007969772309330237,0.0,4.983824400153649
10,5,30,31,42,19,767,0,331050009.0832424,23588894272.328125,145999928322.04547,1.0,1.0,1.0,0.0,5.58e-05,5.0,4.918741811846689,4.91874181184669,0.02440185830429733,0.02440185830429733,0.02440185830429733,0.0,4.950980745249709
10,5,40,37,42,24,882,0,444173312.29940957,29952595264.3207,184387067622.36658,1.0,1.0,1.0,0.0,5.7600000000000004e-05,5.0,4.94027350704347,4.94027350704347,0.017935883770729504,0.017935883770729504,0.017935883770729504,0.0,4.963898488342311
10,5,50,37,42,22,955,0,583346755.5776874,42690275723.63019,273618199780.95175,1.0,1.0,1.0,0.0,5.599999999999999e-05,5.0,4.950724146068079,4.950724146068078,0.014797553733309737,0.014797553733309737,0.014797553733309737,0.0,4.970178890087114
10,5,60,32,42,25,1127,0,946522563.5985754,57221921381.65515,369057886618.8713,1.0,1.0,1.0,0.0940954,5.8599999999999995e-05,5.0,4.960350317688051,4.960350317688051,0.01190681150508984,0.01190681150508984,0.01190681150508984,0.0015682566666666664,4.96920280013466
10,5,70,32,42,23,825,0,746483483.634288,50825913218.83964,338201102568.1158,1.0,1.0,1.0,0.0,5.64e-05,5.0,4.965443393561283,4.965443393561283,0.010377359290906251,0.010377359290906251,0.010377359290906251,0.0,4.979013138777478
10,5,80,33,42,23,980,0,1037313324.6831214,71287502936.95891,443094203250.7616,1.0,1.0,1.0,0.0,5.8200000000000005e-05,5.0,4.969335362802335,4.969335362802335,0.009208599759058475,0.009208599759058475,0.009208599759058475,0.0,4.981341749081642
10,5,90,35,42,24,1115,0,1233153018.3086174,83416576003.7255,515105451025.368,1.0,1.0,1.0,0.0,5.6999999999999996e-05,5.0,4.972423575940909,4.972423575940909,0.00828120842615338,0.00828120842615338,0.00828120842615338,0.0,4.983200764356119
10,6,30,40,42,27,1048,0,357219815.475936,22837770120.355427,140804159247.8418,1.0,1.0,1.0,0.0,6.166666666666667e-05,5.0,4.91628860260407,4.916288602604072,0.02513855777655521,0.02513855777655521,0.02513855777655521,0.0,4.9494828563379984
10,6,40,39,42,26,992,0,384194962.0637755,30709700923.04069,193544165727.1039,1.0,1.0,1.0,0.0,6.166666666666667e-05,5.0,4.938686293528275,4.938686293528274,0.018412524465983585,0.018412524465983585,0.018412524465983585,0.0,4.962928196925831
10,6,50,39,42,25,907,0,465339855.8354285,33828701240.714664,216916948006.47287,1.0,1.0,1.0,0.0,6.733333333333335e-05,5.0,4.949761651932321,4.94976165193232,0.015086591011315216,0.015086591011315216,0.015086591011315216,0.0,4.969552371235047
10,6,60,39,42,27,1224,0,708815985.3372766,51636972303.963715,321683320124.7959,1.0,1.0,1.0,0.0,5.849999999999999e-05,5.0,4.957381467549773,4.957381467549772,0.012798358093161558,0.012798358093161558,0.012798358093161558,0.0,4.974164532171769
10,6,70,39,42,27,1164,0,819728646.1867465,56059575223.610596,364454343759.17816,1.0,1.0,1.0,0.30834116666666667,8.1e-05,5.0,4.963371439302225,4.963371439302225,0.010999567777109651,0.010999567777109651,0.010999567777109651,0.004404873809523809,4.9587226066326044
10,6,80,40,42,26,1130,0,934868585.0415682,63337226138.19759,401067302046.17413,1.0,1.0,1.0,0.0,6.233333333333334e-05,5.0,4.967396471772258,4.9673964717722585,0.009790849317640233,0.009790849317640233,0.009790849317640233,0.0,4.980160058880704
10,6,90,38,42,27,1197,0,1043141032.6471134,75266133251.4807,471091142545.618,1.0,1.0,1.0,0.0,6.233333333333334e-05,5.0,4.971250076884634,4.971250076884635,0.008633610545154774,0.008633610545154774,0.008633610545154774,0.0,4.982473379186902
10,7,30,38,42,19,678,0,209651113.49406412,17962934125.028408,110811071691.8602,1.0,1.0,1.0,0.20225714285714289,6.328571428571429e-05,5.0,4.91295965876229,4.912959658762291,0.02613824061192482,0.02613824061192482,0.02613824061192482,0.006741904761904762,4.918487337969142
10,7,40,43,42,29,1073,0,373051793.3336783,29030709472.710564,169345323063.45755,1.0,1.0,1.0,0.10806428571428572,5.642857142857142e-05,5.0,4.933916140347908,4.933916140347908,0.019845002898526195,0.019845002898526195,0.019845002898526195,0.0027016071428571436,4.948470285634417
10,7,50,42,42,31,957,0,421631887.66591877,30664620471.466297,201007429484.1921,1.0,1.0,1.0,0.0,6.52857142857143e-05,5.0,4.94848523258458,4.94848523258458,0.015469900124750871,0.015469900124750871,0.015469900124750871,0.0,4.968794941079194
10,7,60,43,42,29,1056,0,551647397.9527627,42653886284.34034,270836261371.96896,1.0,1.0,1.0,0.0,5.685714285714286e-05,5.0,4.956311367204224,4.956311367204224,0.013119709548280975,0.013119709548280975,0.013119709548280975,0.0,4.9735292148987
10,7,70,45,42,30,1019,0,563781868.7268645,44271014926.19628,281214701812.33093,1.0,1.0,1.0,0.0,6.142857142857142e-05,5.0,4.96215355218203,4.96215355218203,0.011365299645036181,0.011365299645036181,0.011365299645036181,0.0,4.97701662315243
10,7,80,45,42,30,1101,0,730904648.6418163,56633210145.26745,360104194897.16125,1.0,1.0,1.0,0.2631777142857143,5.8714285714285714e-05,5.0,4.967186874092633,4.967186874092633,0.009853791563774006,0.009853791563774006,0.009853791563774006,0.0032897214285714286,4.965903997092587
10,7,90,44,42,30,1175,0,848248796.6369188,65833369665.662476,411989661045.00726,1.0,1.0,1.0,0.0,5.657142857142857e-05,5.0,4.970023819713043,4.970023819713043,0.009001855942029045,0.009001855942029045,0.009001855942029045,0.0,4.981762032829026
10,8,30,50,42,31,1307,0,306423355.7801199,20802108797.83047,126194950189.18222,1.0,1.0,1.0,0.04237675,5.6625e-05,5.0,4.909570814054366,4.9095708140543675,0.02715591169538538,0.02715591169538538,0.02715591169538538,0.0014125583333333333,4.939397844187591
10,8,40,46,42,32,1209,0,290207253.10209626,24130432185.765038,156162675910.0138,1.0,1.0,1.0,0.25782475,5.85e-05,5.0,4.9300657171113125,4.9300657171113125,0.021001286152758977,0.021001286152758977,0.021001286152758977,0.00644561875,4.930050718355635
10,8,50,49,42,32,1476,0,470152381.8131592,36810133766.5196,232234167971.56256,1.0,1.0,1.0,0.8591475000000001,5.7e-05,5.0,4.944115579368136,4.944115579368136,0.01678210829785698,0.01678210829785698,0.01678210829785698,0.017182950000000002,4.892320780512583
10,8,60,50,42,34,1375,0,593182190.9016001,43258011605.18396,264337241550.7363,1.0,1.0,1.0,0.25732625,5.675e-05,5.0,4.954280535783193,4.954280535783193,0.013729568833876184,0.013729568833876184,0.013729568833876184,0.004288770833333334,4.953868852317748
10,8,70,48,42,32,1022,0,451512640.5385285,41224786751.56544,253404275665.53302,1.0,1.0,1.0,0.583344375,0.00024925,5.0,4.959593057575129,4.959593057575129,0.012134216944405975,0.012134216944405975,0.012134216944405975,0.008333491071428572,4.938837913720989
10,8,80,48,42,33,1375,0,752126565.3678641,56588925767.90594,359663641490.91516,1.0,1.0,1.0,0.262590125,5.6125e-05,5.0,4.964932969608262,4.964932969608263,0.010530639757278712,0.010530639757278712,0.010530639757278712,0.0032823765624999997,4.9645936944064495
10,8,90,48,42,33,1382,0,876285637.9406205,63271313059.6539,395908205968.21173,1.0,1.0,1.0,0.16560962499999998,5.6125e-05,5.0,4.9682786013144895,4.96827860131449,0.00952594555120415,0.00952594555120415,0.00952594555120415,0.0018401069444444443,4.972803837482031
10,9,30,43,42,28,1190,0,223146344.63011435,18248060683.739685,110486615935.75848,1.0,1.0,1.0,1.1930602222222222,5.9e-05,5.0,4.902447045085976,4.902447045085976,0.02929518165586277,0.02929518165586277,0.02929518165586277,0.03976867407407407,4.770179933351411
10,9,40,54,42,37,1458,0,307424141.11079884,25798453846.85295,157786232334.4972,1.0,1.0,1.0,0.2693898888888889,6.022222222222222e-05,5.0,4.930380016314265,4.930380016314265,0.02090690200772809,0.02090690200772809,0.02090690200772809,0.0067347472222222225,4.92898873427544
10,9,50,52,42,36,1331,0,364361728.57892716,29192421881.284275,181933584167.09027,1.0,1.0,1.0,0.3463465555555556,6.733333333333333e-05,5.0,4.941813995529203,4.941813995529203,0.017473274615854927,0.017473274615854927,0.017473274615854927,0.006926931111111112,4.9349955869317945
10,9,60,53,42,35,1283,0,430716413.7476273,34991953300.70303,225961541701.2934,1.0,1.0,1.0,1.1159864444444443,5.9888888888888886e-05,5.0,4.951349516177576,4.951349516177576,0.014609754901628694,0.014609754901628694,0.014609754901628694,0.018599774074074076,4.890558549210903
10,9,70,48,42,34,1184,0,538934703.158867,40801214357.89737,254434730029.11487,1.0,1.0,1.0,0.5886182222222223,6.655555555555554e-05,5.0,4.957877089600147,4.957877089600147,0.012649522642598568,0.012649522642598568,0.012649522642598568,0.008408831746031747,4.93826943884062
10,9,80,50,42,34,1292,0,599691910.5846752,45863058270.80765,292126236829.6452,1.0,1.0,1.0,2.8201130000000005,6.833333333333333e-05,5.0,4.961539682491296,4.961539682491296,0.011549644897508846,0.011549644897508846,0.011549644897508846,0.0352514125,4.825037352766546
10,9,90,51,42,34,1387,0,663449031.001748,53194843316.11244,345557133481.2781,1.0,1.0,1.0,2.494470888888889,0.00037311111111111106,5.0,4.965902513126057,4.965902513126057,0.010239485547730388,0.010239485547730388,0.010239485547730388,0.027716343209876544,4.85874661480984
10,10,30,42,42,35,1268,0,368324832.11963636,20803585100.582817,124520803173.25533,1.0,1.0,1.0,0.46321589999999996,0.0001955,5.0,4.909794617224881,4.909794617224881,0.027088703536071956,0.027088703536071956,0.027088703536071956,0.01544053,4.878614752631392
10,10,40,52,42,36,1355,0,286733512.7999345,22887532264.022118,134210980071.29895,1.0,1.0,1.0,1.0579367,5.8e-05,5.0,4.9241596134253145,4.9241596134253145,0.022774890863268834,0.022774890863268834,0.022774890863268834,0.026448417499999998,4.840495397914326
10,10,50,57,42,40,1687,0,403019277.8246622,30876199858.33526,195545466398.88232,1.0,1.0,1.0,1.2516625,5.67e-05,5.0,4.93928711110029,4.93928711110029,0.0182320987686814,0.0182320987686814,0.0182320987686814,0.02503325,4.855667249561405
10,10,60,55,42,39,1568,0,441214384.50296813,35888944932.95906,229482114314.2308,1.0,1.0,1.0,1.1918396999999998,6.850000000000001e-05,5.0,4.950045796948404,4.9500457969484035,0.015001262177656422,0.015001262177656422,0.015001262177656422,0.019863995000000002,4.884302748406865
10,10,70,53,42,35,1313,0,419343201.3400006,35762391006.7252,225085310042.04425,1.0,1.0,1.0,2.0149728,5.9800000000000003e-05,5.0,4.954572955018137,4.954572955018137,0.01364175524980873,0.01364175524980873,0.01364175524980873,0.028785325714285714,4.848696090684204
10,10,80,55,42,37,1587,0,583926875.6985295,49500896877.51688,310412783987.108,1.0,1.0,1.0,2.1643564,0.0001297,5.0,4.960977982828027,4.960977982828027,0.01171832347506695,0.01171832347506695,0.01171832347506695,0.027054454999999998,4.859683204873342
10,10,90,55,42,36,1435,0,550566306.566365,48285213540.350334,315528584560.67993,1.0,1.0,1.0,3.774369599999999,7.789999999999998e-05,5.0,4.964244103788272,4.964244103788273,0.010737506369888081,0.010737506369888081,0.010737506369888081,0.041937440000000006,4.797869762766593
10,11,30,41,42,31,1271,0,228199722.17654774,16807867019.798637,100334123504.68825,1.0,1.0,1.0,1.583054,6.290909090909089e-05,5.0,4.895834785113036,4.895834785113036,0.03128084531140066,0.03128084531140066,0.03128084531140066,0.05276846666666667,4.710294674464934
10,11,40,58,42,37,1346,0,237176961.60102004,19259876923.557858,118484856913.0412,1.0,1.0,1.0,2.8921299090909085,7.481818181818181e-05,5.0,4.916924450306286,4.916924450306287,0.024947612520634658,0.024947612520634658,0.024947612520634658,0.07230324772727272,4.638904039162161
10,11,50,51,42,37,1251,0,298515363.07808983,24173166530.224117,148157005872.69556,1.0,1.0,1.0,3.5003999999999995,0.00028172727272727274,5.0,4.934488701905672,4.934488701905671,0.019673062490789196,0.019673062490789196,0.019673062490789196,0.07000799999999999,4.658427720808185
10,11,60,55,42,40,1387,0,372580819.6247522,29630311698.606945,186480955422.1785,1.0,1.0,1.0,4.266916545454546,0.00021609090909090908,5.0,4.945480869067786,4.945480869067786,0.01637211139105542,0.01637211139105542,0.01637211139105542,0.07111527575757576,4.660547272662613
10,11,70,59,42,39,1400,0,431977622.8445719,35640298712.19371,221997207500.81552,1.0,1.0,1.0,2.957205818181819,0.00046763636363636365,5.0,4.953823341605584,4.953823341605584,0.013866864382707634,0.013866864382707634,0.013866864382707634,0.0422457974025974,4.788612372904162
10,11,80,60,42,40,1635,0,572993949.5315803,45994611076.28017,290098871670.4722,1.0,1.0,1.0,2.657834454545455,0.000224,5.0,4.959938820737644,4.959938820737644,0.012030384162869522,0.012030384162869522,0.012030384162869522,0.03322293068181818,4.832129460126605
10,11,90,58,42,40,1552,0,520493137.67392755,46724431730.51114,310625640824.6436,1.0,1.0,1.0,4.005391727272728,0.00012927272727272728,5.0,4.963836884142026,4.963836884142026,0.010859794551943976,0.010859794551943976,0.010859794551943976,0.044504352525252526,4.786366682104805
10,12,30,50,42,32,1297,0,191427198.07453784,15610011385.118492,95579839070.31325,1.0,1.0,1.0,2.317621083333333,0.00013424999999999998,5.0,4.8937158604033,4.893715860403302,0.03191715903804771,0.03191715903804771,0.03191715903804771,0.07725403611111113,4.603427968805165
10,12,40,63,42,36,1299,0,215575493.42187485,18103169830.92526,109827451414.60057,1.0,1.0,1.0,3.0984538333333327,0.00020633333333333335,5.0,4.916694077412193,4.916694077412193,0.02501679356991203,0.02501679356991203,0.02501679356991203,0.07746134583333333,4.61602040923708
10,12,50,55,42,40,1466,0,281931280.6782563,24495179633.38719,150480781672.89728,1.0,1.0,1.0,4.917391833333334,6.9e-05,5.0,4.932471216183903,4.932471216183903,0.020278914058887806,0.020278914058887806,0.020278914058887806,0.09834783666666665,4.536270053129616
10,12,60,62,42,43,1748,0,410353767.7674524,32198456323.32073,203964308263.75708,1.0,1.0,1.0,4.773915166666666,6.549999999999998e-05,5.0,4.9443914598044865,4.944391459804486,0.01669926131997404,0.01669926131997404,0.01669926131997404,0.07956525277777778,4.624205939676926
10,12,70,61,42,40,1655,0,395260775.3903191,33783486918.450592,217613051870.63757,1.0,1.0,1.0,6.3308975,0.00031425,5.0,4.9500853654540835,4.950085365454083,0.014989379743518492,0.014989379743518492,0.014989379743518492,0.09044139285714287,4.579786965606993
10,12,80,58,42,40,1443,0,403762742.18257046,37012925197.84016,231675928960.68057,1.0,1.0,1.0,7.8060694999999996,5.883333333333332e-05,5.0,4.956415575579832,4.956415575579832,0.013088415741792403,0.013088415741792403,0.013088415741792403,0.09757586875000002,4.554007037973823
10,12,90,59,42,38,1224,0,388356431.9832657,37022826622.98097,241481868439.20398,1.0,1.0,1.0,9.719537166666667,9.833333333333332e-05,5.0,4.960699854156121,4.960699854156121,0.011801845598762286,0.011801845598762286,0.011801845598762286,0.10799485740740743,4.511607390462889
10,13,30,57,42,36,1523,0,185422786.89052248,14554380759.092588,88246287963.2587,1.0,1.0,1.0,3.4030012307692306,6.761538461538461e-05,5.0,4.886109076189489,4.88610907618949,0.034201478621774674,0.034201478621774674,0.034201478621774674,0.11343337435897435,4.443576988337636
10,13,40,60,42,37,1413,0,204331203.61088973,17493420725.660553,108019243846.96156,1.0,1.0,1.0,7.409625461538463,0.00021376923076923076,5.0,4.906297618848877,4.906297618848878,0.02813885319853523,0.02813885319853523,0.02813885319853523,0.1852406365384615,4.146296487648436
10,13,50,58,42,38,1386,0,265381615.3869285,22177298619.19824,134647030241.34909,1.0,1.0,1.0,6.571068769230769,7.03076923076923e-05,5.0,4.9275612118487935,4.9275612118487935,0.021753389835197066,0.021753389835197066,0.021753389835197066,0.13142137538461537,4.391100736488672
10,13,60,59,42,38,1425,0,329269768.3703026,26830407964.853176,163651800683.82263,1.0,1.0,1.0,9.081514846153846,5.969230769230769e-05,5.0,4.9386077091412375,4.9386077091412375,0.01843612338100966,0.01843612338100966,0.01843612338100966,0.15135858076923078,4.312047615130593
10,13,70,61,42,40,1600,0,407728179.3246785,30564398616.81781,199777344773.11746,1.0,1.0,1.0,10.55822307692308,7.830769230769231e-05,5.0,4.946321998944584,4.946321998944583,0.016119519836461267,0.016119519836461267,0.016119519836461267,0.15083175824175823,4.3188637963304295
10,13,80,57,42,38,1482,0,367917745.7995948,33139237801.180504,210663353023.43307,1.0,1.0,1.0,15.808318384615385,7.115384615384614e-05,5.0,4.9504060974427855,4.9504060974427855,0.014893063830995102,0.014893063830995102,0.014893063830995102,0.1976039798076923,4.120225690690302
10,13,90,62,42,40,1473,0,437799278.8781812,38657525071.10152,237781941871.598,1.0,1.0,1.0,12.73539276923077,0.00012415384615384616,5.0,4.95851326480823,4.95851326480823,0.012458479036567681,0.012458479036567681,0.012458479036567681,0.1415043641025641,4.366092873226414
10,14,30,49,42,42,1816,0,162124927.54162982,12999707433.464817,75343634893.05632,1.0,1.0,1.0,5.368234357142858,7.37142857142857e-05,5.0,4.876198644466148,4.8761986444661485,0.0371775842444001,0.0371775842444001,0.0371775842444001,0.17894114523809526,4.155918113143064
10,14,40,55,42,45,1842,0,259493769.55770737,19708188691.358257,118064789992.90787,1.0,1.0,1.0,5.824418857142857,0.000179,5.0,4.909992792687819,4.909992792687822,0.027029191385038953,0.027029191385038953,0.027029191385038953,0.14561047142857145,4.31907391927845
10,14,50,59,42,41,1543,0,226470701.61188644,20225987878.6435,126779270753.03166,1.0,1.0,1.0,9.605248071428573,5.935714285714285e-05,5.0,4.92292904651962,4.922929046519621,0.02314443047458829,0.02314443047458829,0.02314443047458829,0.19210496142857142,4.127427713624155
10,14,60,62,42,43,1447,0,316736437.4762283,25528165178.021854,150753288836.7821,1.0,1.0,1.0,7.8121696428571425,0.00012514285714285714,5.0,4.939083969840832,4.939083969840832,0.018293102149900375,0.018293102149900375,0.018293102149900375,0.13020282738095237,4.403021816778539
10,14,70,62,42,41,1660,0,357985513.64052916,28393139040.023663,184896468513.26324,1.0,1.0,1.0,13.944737857142856,0.00010292857142857141,5.0,4.9429446213374435,4.9429446213374435,0.017133747346113348,0.017133747346113348,0.017133747346113348,0.19921054081632655,4.108701720687773
10,14,80,61,42,43,1592,0,398271092.878218,32721592001.650574,205453175102.09244,1.0,1.0,1.0,15.51291814285714,0.00010364285714285713,5.0,4.9506996750005525,4.9506996750005525,0.014804902402236569,0.014804902402236569,0.014804902402236569,0.19391147678571427,4.136139985633642
10,14,90,62,42,43,1537,0,421486441.2651471,38060105814.93897,235028530810.5884,1.0,1.0,1.0,15.362865285714289,0.00010114285714285715,5.0,4.9570958348060525,4.957095834806052,0.012884133691876081,0.012884133691876081,0.012884133691876081,0.17069850317460317,4.239806138813432
10,15,30,48,42,30,1293,0,143773032.9735946,10806945023.038641,63393220107.01347,1.0,1.0,1.0,9.439621200000001,0.00012126666666666666,5.0,4.853623457653457,4.853623457653457,0.04395691962358629,0.04395691962358629,0.04395691962358629,0.31465403999999997,3.5585962990057842
10,15,40,64,42,43,1711,0,209087195.628624,16505815061.677359,99921804192.53523,1.0,1.0,1.0,7.940751866666668,0.00011853333333333332,5.0,4.903044555792088,4.903044555792089,0.029115749011384688,0.029115749011384688,0.029115749011384688,0.1985187966666667,4.0876570987262415
10,15,50,63,42,41,1548,0,241318861.5832002,19329712599.44427,115205965521.54468,1.0,1.0,1.0,11.345376333333336,0.0001194,5.0,4.91812238124899,4.918122381248991,0.024587873498801836,0.024587873498801836,0.024587873498801836,0.22690752666666672,3.974633056209228
10,15,60,66,42,41,1561,0,262167322.43838388,23395282851.615185,146936894105.28476,1.0,1.0,1.0,12.245147066666666,6.546666666666667e-05,5.0,4.9328536793589555,4.9328536793589555,0.020164060252566226,0.020164060252566226,0.020164060252566226,0.20408578444444445,4.081841663777342
10,15,70,63,42,43,1390,0,277801223.9380319,25410166338.274895,153602346169.52057,1.0,1.0,1.0,14.877509466666668,6.539999999999999e-05,5.0,4.942559725872527,4.942559725872526,0.017249331569811885,0.017249331569811885,0.017249331569811885,0.21253584952380952,4.051333213239564
10,15,80,59,42,40,1441,0,314679041.547203,28518990661.813057,178069440139.10214,1.0,1.0,1.0,20.0980064,6.83333333333333e-05,5.0,4.946318456434019,4.946318456434019,0.01612058365344772,0.01612058365344772,0.01612058365344772,0.25122508,3.8872132759434246
10,15,90,61,42,40,1676,0,407129922.7847527,35741293987.277985,229020603208.16248,1.0,1.0,1.0,21.253769333333334,0.00015473333333333332,5.0,4.953390644340482,4.953390644340482,0.013996803501356592,0.013996803501356592,0.013996803501356592,0.23615299259259262,3.955897168319306
